simulation,RandomForest_mse,RandomForest_features,XGBoost_mse,XGBoost_features,LassoNet_mse,LassoNet_features,HarderLASSO_l1_mse,HarderLASSO_l1_features,HarderLASSO_nu_mse,HarderLASSO_nu_features
0,99.40018563642917,"6,8,22,25,27,30",69.22615622645104,"6,8,22,25,27,30",12.426518802897645,"0,2,3,4,6,7,8,10,12,13,14,15,17,19,20,21,22,23,25,27,28,29,30,33,35,36,37,40,41,42,43,44,46,47,48",234.09866139397872,,0.04657477700531838,"6,8,22,25,27,30"
1,109.26428392969828,"3,13,14,23,27,28,38",74.30807127931094,"3,14,23,27,28,38",12.639419943739325,"0,3,4,5,6,7,9,11,13,14,17,19,20,23,24,25,27,28,33,35,37,38,39,40,42,45,47",224.40412539880387,,0.036870626679214626,"3,14,23,27,28,38"
2,84.84209101370064,"3,7,13,26,31,33",58.50452324655025,"3,7,13,26,31,33",5.703512520602993,"0,2,3,4,5,6,7,8,9,10,13,16,18,19,20,21,22,23,24,26,27,29,30,31,33,36,37,43,45,46,47,48,49",206.85068472946983,,0.07196019970310037,"3,7,13,26,31,33"
3,90.48421936945827,"4,10,12,27,32,41",63.26363763427362,"4,10,12,27,32,41",14.10963286426316,"0,1,2,3,4,5,6,7,10,11,12,15,16,19,20,21,22,23,24,25,26,27,29,30,31,32,33,34,35,36,39,40,41,42,45,47,48,49",219.4252199644193,,0.05728151161241289,"4,10,12,27,32,41"
4,85.4029129761637,"0,10,23,35,42,48",65.86786211616655,"0,10,23,35,42,48",3.8139805760841727,"0,1,3,5,10,12,13,16,17,21,22,23,25,26,27,30,31,35,42,45,48",226.7282382115226,,0.10531723243158995,"0,10,23,35,42,48"
5,91.59356654152883,"11,14,22,31,38,47",63.69342668504213,"11,14,22,31,38,47",16.39360606701643,"0,2,3,5,7,9,10,11,13,14,16,17,18,20,22,25,26,27,28,31,32,34,36,37,38,40,41,44,45,46,47,48,49",214.89848232415528,,0.07862197874616576,"11,14,22,31,38,47"
6,93.9527333260425,"6,21,24,28,41,47",62.786392307716085,"6,21,24,28,41,47",25.642071250157723,"0,3,5,6,10,11,12,13,14,15,17,18,19,20,21,22,23,24,27,28,30,31,32,33,34,35,38,39,40,41,43,44,46,47,48",229.843501311934,,0.10754837362375773,"6,21,24,28,41,47"
7,78.79862933684277,"0,11,20,30,33,39",105.19701783493664,"11,20,30,33,39",5.745892325744143,"0,9,11,17,20,24,30,33,34,35,39,44",207.83272232886247,,0.07063705229565785,"0,11,20,30,33,39"
8,83.58734855107902,"13,25,31,34,36,49",63.84637701333492,"13,25,31,34,36,49",5.7264328184823645,"0,3,4,5,10,12,13,14,17,18,19,20,23,24,25,28,30,31,32,33,34,35,36,37,38,41,42,43,44,47,48,49",191.93740636755908,"25,31",0.07216502419403573,"13,25,31,34,36,49"
9,81.60946950932036,"12,14,20,22,25,39",62.73226444015616,"12,14,20,22,25,39",9.559060731161331,"3,5,7,8,9,10,12,14,16,17,20,22,23,24,25,28,29,30,36,37,38,39,40,42,44,47,49",214.17466543202846,,0.08429827071849756,"12,14,20,22,25,39"
10,88.24106037893371,"14,16,22,30,43,46,47,49",58.536038516127626,"14,16,22,43,46,47",19.277872249028164,"4,5,6,9,13,14,16,17,18,19,22,23,24,25,28,30,31,34,36,37,39,41,42,43,45,46,47,48,49",194.30098993780888,"14,46",0.07243028365935973,"14,16,22,43,46,47"
11,104.28272466616772,"7,13,16,19,21,27,28,32,42",62.10801209876027,"7,13,16,21,27,28",27.915171203507924,"0,1,2,4,5,6,7,8,9,10,11,12,13,14,15,16,18,19,20,21,22,23,24,27,28,30,31,32,34,35,36,37,38,39,40,42,44,45,47,48,49",230.92448195244774,,0.11761906918944016,"7,13,16,21,27,28"
12,92.37737344203472,"0,8,15,18,38,39,44",108.9684835707764,"15,18,38,39,44",7.164610081219286,"0,1,2,3,4,6,7,8,9,10,13,15,16,17,18,21,22,26,30,33,34,37,38,39,43,44,47",220.8435731960099,,0.08480581518697596,"0,15,18,38,39,44"
13,87.88394627381786,"4,6,7,31,32,45",57.70765446504422,"4,6,7,31,32,45",8.701302185088466,"0,3,4,6,7,8,9,10,11,12,13,18,19,21,22,24,26,27,28,31,32,33,35,38,39,40,41,42,43,44,45,46,47,49",227.34678918493455,,0.07221975927628403,"4,6,7,31,32,45"
14,96.97778978042709,"0,3,9,16,37,38,43",111.9808485950315,"3,9,37,38,43",28.895741887107675,"0,1,3,4,6,7,9,10,11,12,14,15,17,18,19,20,21,22,23,24,25,26,27,28,29,30,31,32,33,35,36,37,38,42,43,45,46,47,48,49",223.4814449214004,0,0.09677365233679285,"0,3,9,37,38,43"
15,91.55717282696044,"2,15,22,30,39,43,46",113.7920740272777,"22,30,39,43,46",16.244063754969183,"1,2,3,4,5,6,7,8,9,10,11,12,13,14,15,16,17,18,19,20,21,22,23,24,25,26,27,28,29,30,31,32,33,34,35,36,37,38,39,41,42,43,44,45,46,47,48,49",207.87043253432134,"22,30",0.16414420563169235,"15,22,30,39,43,46"
16,88.04805156161129,"9,10,13,22,32,42",63.55283478242846,"9,10,13,22,32,42",11.63562194225953,"0,1,3,4,5,7,8,9,10,11,12,13,14,16,17,18,19,20,21,22,23,24,25,26,28,29,30,31,32,34,35,36,37,38,39,40,41,42,43,44,45,46,47,48,49",217.9579836235133,,0.081406601313725,"9,10,13,22,32,42"
17,100.50103873151444,"4,9,10,11,12,21,26,32,46,48",103.31602972538246,"10,12,21,26,48",22.898380361868192,"0,1,2,3,4,6,8,9,10,11,12,13,14,15,16,17,18,19,21,22,23,24,25,26,27,28,29,30,31,32,33,34,35,39,40,41,42,43,44,45,46,47,48,49",194.7356176881127,"21,26",0.09573295572534503,"9,10,12,21,26,48"
18,89.277648533945,"15,18,32,35,40,49",59.120512750171194,"15,18,32,35,40,49",6.494564748098748,"5,14,15,18,24,25,31,32,33,35,36,37,38,39,40,41,45,47,49",217.95577299290227,,0.061011559560093465,"15,18,32,35,40,49"
19,82.93442512855681,"7,16,24,30,33,49",55.68359517598963,"7,16,24,30,33,49",11.318042160449489,"1,2,3,5,7,8,9,10,11,16,17,18,20,22,23,24,26,27,28,29,30,31,32,33,34,35,37,45,46,47,49",198.6748061714722,,0.14087711698977143,"7,16,24,30,33,49"
20,94.67349620840247,"10,13,19,31,39,46,48",57.283055731585264,"13,19,31,39,46,48",20.962119235496868,"0,1,3,4,5,6,7,8,10,11,12,13,14,15,16,17,18,19,20,21,22,23,24,25,26,27,29,30,31,32,34,38,39,40,41,43,44,46,48,49",224.64413721675518,,0.04675085513128701,"13,19,31,39,46,48"
21,99.54878049981512,"0,8,12,18,21,22,23,47",96.01463830464505,"12,18,22,23,47",6.306125861360726,"0,1,2,12,14,17,18,21,22,23,25,26,28,31,35,36,41,43,45,46,47,49",213.24436735201755,,0.08426900545824227,"0,12,18,22,23,47"
22,91.33200535272302,"0,3,4,15,28,40,41",98.48120955168801,"3,4,28,40,41",22.80829263497462,"0,1,2,3,4,5,7,9,10,11,12,14,15,16,17,18,19,24,25,27,28,29,32,33,34,35,36,37,38,40,41,42,44,45,48,49",199.50830313790584,"0,40",0.07700609821414973,"0,3,4,28,40,41"
23,82.10999593821484,"2,5,13,26,41,45",107.0723578850485,"5,13,26,41,45",20.196080024135373,"1,2,5,6,13,16,17,19,21,26,28,29,33,38,41,42,43,45,47",188.61475447067252,"2,13,41",0.048912053980341014,"2,5,13,26,41,45"
24,88.7755337531788,"12,17,28,36,41,43",60.797723376235474,"12,17,28,36,41,43",19.55350267465805,"0,1,2,4,5,6,7,8,9,10,11,12,13,15,16,17,18,19,20,21,22,23,24,25,26,28,29,31,32,33,34,35,36,37,38,39,40,41,42,43,44,45,47,48,49",191.54861771650098,"12,43",0.0925006615880548,"12,17,28,36,41,43"
25,96.71681733808434,"0,22,26,27,31,34,48",125.81798587223072,"22,26,31,34,48,49",18.517619115031714,"0,1,2,3,6,8,12,13,15,16,17,18,19,20,21,22,23,24,25,26,27,30,31,32,33,34,36,37,38,40,41,43,45,46,47,48,49",225.9703429541571,,0.05016641790242317,"0,22,26,31,34,48"
26,96.3064237670733,"4,12,16,21,23,37",63.72058906599301,"4,12,16,21,23,37",6.113343373510525,"3,4,5,7,8,11,12,15,16,18,19,20,21,23,28,29,31,33,34,35,36,37,42,43,45,48",228.95959078881316,"4,12",0.08210879897217918,"4,12,16,21,23,37"
27,88.33660534599592,"31,35,38,39,41,42,45",59.5076965237769,"31,35,38,41,42,45",8.615846645844096,"2,3,4,5,6,7,8,10,11,12,13,14,15,17,18,19,20,21,22,23,25,27,28,30,31,33,34,35,36,37,38,39,40,41,42,43,44,45,46,48,49",216.97116698099583,,0.08451444069151323,"31,35,38,41,42,45"
28,97.17656296624295,"13,18,24,26,36,43",57.57304133294625,"13,18,24,26,36,43",23.606586845001686,"0,1,2,3,4,5,6,8,9,10,11,12,13,14,15,16,17,18,19,20,21,22,23,24,26,28,29,30,31,32,33,34,35,36,37,38,40,41,43,44,45,46,47,48,49",221.64372578717519,,0.08945803087243212,"13,18,24,26,36,43"
29,108.25516024263719,"2,6,8,12,24,26,44",67.51545779578737,"2,6,8,12,26,44",14.22874864736374,"0,1,2,3,4,5,6,7,8,9,10,11,12,13,14,15,17,18,20,22,23,24,26,27,28,29,30,31,32,33,34,35,36,37,38,39,40,41,42,43,44,45,46,48,49",230.34293112941674,,0.106998689727649,"2,6,8,12,26,44"
30,91.49167386421186,"13,15,30,38,40,41,49",64.80813392568402,"13,15,30,38,40,41,49",6.033665257495126,"0,1,2,3,4,6,7,8,9,11,13,15,17,18,19,20,21,22,24,25,27,29,30,32,33,35,36,37,38,39,40,41,43,44,46,49",181.1451368042305,"13,30",0.07910242094173846,"13,15,30,40,41,49"
31,88.79519366086845,"2,10,14,15,17,18",67.19246892155029,"2,10,14,15,17,18",20.433338491065086,"0,2,3,4,7,9,10,11,14,15,16,17,18,20,21,22,23,24,26,27,28,29,30,31,32,33,36,38,40,42,44,45,46,47,49",233.10768198538108,,0.15479854353193964,"2,10,14,15,17,18"
32,90.18588206870854,"11,29,34,41,47,49",113.15026060037286,"29,34,41,47,49",5.447323165448595,"0,1,2,5,11,16,19,20,24,25,29,30,32,34,39,41,44,47,49",213.24526164857247,,0.09452289790368736,"11,29,34,41,47,49"
33,94.30678634677987,"2,5,16,17,18,32,36",118.1539209252308,"16,18,32,36",11.756166253297746,"1,2,3,4,5,6,7,9,10,11,12,13,14,15,16,17,18,19,20,21,22,25,26,28,32,33,34,36,39,40,41,42,43,44,47,48,49",221.6079535458836,18,0.10097685388935679,"2,5,16,18,32,36"
34,89.85954167471567,"0,3,6,8,24,29,37",107.78774971911943,"3,6,8,24,37",8.83729580970481,"0,1,3,5,6,8,9,13,14,16,23,24,25,26,27,30,34,37,38,40,46,47,49",213.6311954095608,,0.0673891168530676,"0,3,6,8,24,37"
35,91.03400115706509,"0,23,26,27,28,36",104.43937286398756,"23,26,27,28,36",25.074060133277328,"0,1,2,3,4,5,6,7,8,10,11,12,13,14,15,16,17,18,19,20,21,22,23,24,25,26,27,28,29,30,31,32,33,34,35,36,37,38,39,40,41,42,43,44,45,46,47,48,49",220.64612085104054,26,0.09305882121466084,"0,23,26,27,28,36"
36,83.07810167178573,"3,8,18,21,30,43",51.169352084817646,"3,8,18,21,30,43",25.206192526840844,"0,1,2,3,4,5,7,8,9,10,11,12,14,15,16,17,18,19,20,21,22,23,26,27,28,29,30,31,32,33,34,35,37,39,40,41,42,43,44,45,46,47,48,49",198.33722447858167,,0.060019613920430856,"3,8,18,21,30,43"
37,93.99174436830437,"1,7,11,13,21,26,29",60.878388947563735,"1,7,11,13,21,26",11.297602083162559,"0,1,2,3,4,5,6,7,8,9,10,11,12,13,14,15,16,17,18,19,20,21,23,24,25,26,27,28,29,30,31,32,33,34,35,36,37,38,39,40,41,42,43,44,45,46,47,49",221.22891955412513,,0.10696873004134846,"1,7,11,13,21,26"
38,82.96609873661134,"14,23,24,30,36,47",59.04198237957129,"14,23,24,30,36,47",13.159534972335852,"1,2,4,6,7,8,9,10,11,12,13,14,15,17,19,20,21,22,23,24,26,27,30,31,32,33,34,35,36,37,39,40,41,42,45,46,47,48",211.1760558621765,47,0.10505288894332993,"14,23,24,30,36,47"
39,82.34658097515779,"2,8,10,20,31,37",54.17321924317501,"2,8,10,20,31,37,42",9.214995328694133,"1,2,3,4,5,6,7,8,9,10,11,13,14,15,18,20,21,22,23,24,25,27,28,29,30,31,32,34,35,36,37,38,39,40,41,42,43,44,45,46,48,49",184.58403396310845,"10,31",0.05714830856415427,"2,8,10,20,31,37"
40,96.60188970735285,"0,19,23,27,36,37",106.34928006798847,"19,23,27,36,37",13.8166215286906,"0,1,3,4,6,7,8,10,12,13,14,15,16,19,20,21,22,23,24,26,27,28,29,30,32,33,34,36,37,38,39,41,42,44,47,49",220.18002718457404,37,0.0534692922954427,"0,19,23,27,36,37"
41,108.62000986860274,"2,6,8,13,15,25,26,31,41,48",66.31580026816577,"8,13,15,25,31,41",16.231534105499122,"0,2,4,6,7,8,9,10,11,12,13,14,15,17,20,21,22,25,26,27,29,30,31,32,33,34,36,37,38,39,40,41,42,44,45,47,48,49",238.2589253493638,,0.125796090641491,"8,13,15,25,31,41"
42,99.5768140981371,"3,6,18,32,40,42,47,49",66.44263779665884,"3,6,18,32,42,47,49",18.606544409975992,"0,1,2,3,4,6,7,8,9,11,12,13,14,15,16,17,18,19,20,21,23,24,25,26,27,28,29,31,32,33,34,35,36,37,38,39,40,41,42,43,44,45,46,47,48,49",147.12779272969306,"3,6,42",0.1127511437815532,"3,6,18,32,42,47"
43,102.23742391534991,"13,16,19,26,39,40,42",69.53931323317144,"13,16,19,26,39,40,42,44",24.901675795220573,"0,1,2,4,5,6,8,9,10,13,14,15,16,17,19,21,22,23,26,27,29,31,33,34,36,38,40,41,42,44,46,47,48,49",232.12032419117736,,0.0604164655125525,"13,16,19,26,40,42"
44,95.22601695875375,"0,32,35,44,47,48",107.49538628437995,"32,35,44,47,48",4.480480795538118,"0,1,2,3,4,5,9,12,15,21,22,23,24,26,27,29,32,33,35,38,39,40,41,44,45,46,47,48,49",232.55963317286006,,0.07850798592630079,"0,32,35,44,47,48"
45,102.46645093471575,"5,8,10,19,24,31,40,49",64.12016240349728,"5,8,10,19,24,31",7.158125527244077,"0,2,4,5,6,8,10,15,16,17,19,20,22,24,26,27,29,30,31,33,35,36,39,43,45,49",196.98217543981613,"5,24",0.0932830883352387,"5,8,10,19,24,31"
46,89.37006843750167,"1,4,7,20,25,39",67.32595682762029,"1,4,7,20,25,39",5.996797753151767,"0,1,2,3,4,7,9,11,13,14,15,17,20,23,25,26,28,30,31,32,35,36,37,38,39,44,46,47,48,49",227.80634397173029,,0.09117083424787067,"1,4,7,20,25,39"
47,79.45232778169662,"7,9,23,31,38,41",53.8615304005059,"7,9,23,31,38,41",10.388529893951254,"1,2,5,6,7,9,11,12,15,16,18,19,21,23,24,25,26,27,28,31,36,37,38,39,40,41,42,44,48",186.3180796738438,"7,38",0.07601712889870768,"7,9,23,31,38,41"
48,94.86339366116036,"3,9,15,18,26,33,48",112.41068120533787,"15,18,26,33,48",11.189291010974442,"1,2,3,4,7,8,9,10,12,13,14,15,16,18,19,23,24,25,26,27,29,30,32,33,34,35,36,37,39,42,44,45,46,47,48,49",219.48543477498026,,0.08134698737168103,"9,15,18,26,33,48"
49,96.30145163028266,"6,9,12,19,25,29,47",59.744754622314495,"6,9,19,25,29,47",13.938412207804134,"1,2,3,4,6,7,8,9,10,12,16,17,19,20,21,22,23,24,25,26,27,28,29,31,32,33,34,35,36,37,39,42,44,45,47,48,49",214.01738953644963,,0.06071011932294833,"6,9,19,25,29,47"
50,101.44719323444099,"11,17,19,23,31,41,44,48",59.74281407591536,"11,17,23,31,41,44,48",5.240610287778877,"0,2,3,5,7,8,10,11,16,17,19,23,24,25,26,28,31,32,33,34,36,38,39,40,41,42,43,44,45,47,48,49",205.73614872709115,,0.06012070071984196,"11,17,23,31,41,48"
51,84.6344599361496,"9,17,19,24,27,34,35",53.678800780253866,"9,17,19,24,27,34",25.364576975900274,"0,1,2,3,4,5,6,7,9,10,11,12,13,15,16,17,19,22,24,25,26,27,28,29,30,31,32,33,34,35,36,37,38,39,40,41,43,44,45,46,47,49",209.5950991810951,,0.09436553964073369,"9,17,19,24,27,34"
52,91.230241829272,"7,10,21,23,31,34,36",67.9211248811898,"7,21,23,31,34,36",11.288987498845291,"0,1,3,4,6,7,8,9,10,12,14,16,18,19,20,21,22,23,25,26,28,29,30,31,32,33,34,35,36,38,42,44,45,46,47,48,49",224.24068059205192,,0.129307272100721,"7,21,23,31,34,36"
53,98.04863403218006,"0,8,10,11,28,32,43,46",113.35616307171074,"10,11,28,32,43,46",23.632290454706826,"0,1,2,3,5,6,7,8,10,11,12,16,18,19,20,21,23,24,25,26,27,30,31,32,33,34,36,37,39,41,42,43,44,45,46,48,49",232.7868648350544,43,0.08578036749989311,"0,10,11,32,43,46"
54,97.32977862010242,"13,25,32,42,44,45,46,48",66.48056387570028,"13,25,42,44,45,46,48",15.520079721967805,"3,4,5,6,7,9,10,11,12,13,15,16,17,18,20,21,22,23,24,25,27,28,29,31,32,34,35,36,37,38,40,41,42,43,44,46,47,48,49",209.59689009312902,,0.10963147701888579,"13,25,42,44,46,48"
55,92.08795437903662,"1,8,18,23,25,32",110.47729642349758,"8,18,23,25,32",21.849571300423676,"0,1,2,4,5,6,8,10,11,12,13,14,15,17,18,21,23,25,27,30,32,35,36,43,44,45,46,47,48,49",196.94272825016643,"8,32",0.0782229202112559,"1,8,18,23,25,32"
56,85.8057296237729,"6,27,34,37,39,46",57.2748121143105,"6,27,34,37,39,46",4.793580463317835,"1,2,3,4,6,8,10,11,12,18,23,27,29,31,33,34,37,38,39,41,42,46,47,48,49",225.55571734597459,,0.06004984094297642,"6,27,34,37,39,46"
57,94.45444011766507,"28,29,31,38,41,45,46",57.48392229900097,"28,29,38,41,45,46",3.688358086272496,"3,5,13,22,28,29,31,35,38,41,45,46",202.00165704587675,38,0.11346172331231434,"28,29,38,41,45,46"
58,83.05594538197215,"15,25,31,35,37,46",53.23254230705659,"15,25,31,35,37,46",11.056586039265758,"0,1,3,8,10,12,15,20,23,24,25,28,31,33,35,37,38,42,44,46,47",217.8154568432865,,0.12169479166547462,"15,25,31,35,37,46"
59,88.08608738093962,"1,4,11,16,34,37",53.721725652844526,"1,4,11,16,34,37",6.6751818221099475,"1,4,10,11,16,22,24,25,26,29,31,32,34,37,38,39,41",227.81623402607323,,0.11748953506278265,"1,4,11,16,34,37"
60,82.56819240956492,"6,19,25,26,31,37",65.9860838813978,"6,19,25,26,31,37,48",10.138161586264298,"1,2,4,6,7,10,11,13,14,17,19,25,26,30,31,32,33,36,37,38,39,40,41,42,43,44,45,46,48,49",227.42034352847958,,0.16574236022507854,"6,19,25,26,31,37"
61,102.45402160300998,"2,7,13,25,40,43,49",67.02382926434065,"2,7,25,40,43,49",11.515652035298682,"1,2,5,6,7,9,11,12,13,14,16,19,21,23,24,25,27,29,30,32,33,34,35,37,39,40,43,47,48,49",226.7327860605846,,0.09461664815616766,"2,7,25,40,43,49"
62,85.96167236448673,"1,3,5,16,17,20",52.13950131213065,"1,3,5,16,17,20",13.230925845099744,"1,2,3,5,6,7,13,14,16,17,20,23,26,27,29,30,32,35,36,39,41,43,45,46,47,49",208.91370224900646,,0.13061274139539317,"1,3,5,16,17,20"
63,91.9408796623078,"14,25,27,31,39,41,47",59.2634396270296,"25,27,31,39,41,47",26.553250786709263,"0,2,3,4,5,6,7,8,9,10,11,12,13,14,15,16,17,18,19,20,21,22,23,24,25,26,27,28,29,30,31,32,33,34,35,36,37,38,39,40,41,42,43,44,45,46,47,48,49",580.4038773597856,"25,41",0.07226550069457895,"25,27,31,39,41,47"
64,89.83620271105718,"17,21,24,29,33,34,48",56.190218538914145,"21,24,29,33,34,48",11.400233944686795,"0,1,3,7,9,10,11,14,17,18,19,21,22,24,25,26,28,29,30,31,33,34,35,37,38,39,41,42,43,46,47,48",192.98948790755867,"29,34",0.060793426835723,"21,24,29,33,34,48"
65,87.8143851678719,"0,2,3,4,28,32,49",105.39810915103145,"2,3,4,28,49",6.096113107997016,"0,1,2,3,4,6,7,8,13,14,17,18,21,27,28,29,36,38,39,45,46,47,49",214.84636892823644,,0.08785613683947774,"0,2,3,4,28,49"
66,80.24690749860298,"17,22,31,32,40,49",51.144685951798365,"17,22,31,32,40,49",9.230102472439826,"0,1,3,5,6,7,9,10,12,15,17,18,19,22,23,24,25,28,29,30,31,32,33,34,37,39,40,42,43,45,46,48,49",206.22713755333004,,0.08759197687138924,"17,22,31,32,40,49"
67,96.58454589107204,"17,21,22,24,25,40",69.4378197260136,"17,21,22,24,25,40,41",20.655765715978873,"0,1,2,3,4,5,6,7,8,9,10,11,12,15,16,17,18,19,21,22,24,25,26,27,28,29,30,31,32,34,35,36,38,39,40,41,42,43,44,46,48,49",189.3184179323105,"17,40",0.06669035393384251,"17,21,22,24,25,40"
68,88.91179107376581,"3,18,28,36,45,48",58.75823330343841,"3,18,28,36,45,48",9.705800900708073,"0,3,4,11,12,13,14,18,20,22,26,27,28,31,34,36,37,39,40,42,45,47,48,49",190.59433481818792,"28,45",0.10857029941522639,"3,18,28,36,45,48"
69,79.32815605923375,"2,9,10,20,37,38",54.45379241477579,"2,9,10,20,37,38",18.56519446676629,"0,1,2,4,6,8,9,10,12,13,14,15,16,17,18,20,22,24,27,28,29,30,31,32,34,37,38,40,41,42,43,44,45,46,47,48",190.5068081201208,"2,10",0.06828951687660269,"2,9,10,20,37,38"
70,101.04757859722419,"3,4,13,18,25,29,38,46",66.564175726561,"3,4,13,25,29,38,46",11.270755494250686,"0,1,2,3,4,5,6,7,8,9,12,13,16,17,18,20,21,22,25,26,27,28,29,30,31,32,33,35,36,37,38,39,40,41,43,44,45,46,47,48",231.08312055876192,,0.08126024264559371,"3,4,13,25,29,46"
71,91.85821147193184,"6,26,27,30,34,37,39",61.310604044238275,"6,26,27,34,37,39",9.16802397748238,"2,5,6,9,13,18,20,21,24,26,27,28,31,34,35,36,37,38,39,41,44",220.434515554714,,0.08068110149115117,"6,26,27,34,37,39"
72,84.9666683757896,"7,31,32,38,41,45",58.535207578893576,"7,31,32,38,41,45",9.041400169569084,"4,5,7,8,11,14,18,22,23,24,28,29,31,32,33,34,35,37,38,41,44,45,48,49",215.44730852380434,,0.09989148504907892,"7,31,32,38,41,45"
73,102.83447797984275,"3,12,13,14,24,33,34,44",66.34995553651291,"3,12,13,14,24,33,44",11.9838654895178,"0,1,2,3,4,5,6,7,10,12,13,14,15,16,17,18,20,21,24,25,26,27,28,30,31,33,34,35,36,37,40,41,42,43,44,45,46,47,48",201.3168870584224,"3,14",0.06133989312954359,"3,12,13,14,24,33"
74,99.92089021218618,"0,1,7,8,37,41,44",161.08341767747885,"7,8,37,44",10.60683297532244,"0,1,6,7,8,10,14,15,16,17,21,22,23,25,26,33,35,37,38,39,40,41,44,48",228.80613044280534,,0.09988250943100567,"0,1,7,8,37,44"
75,81.78082767183895,"5,13,28,33,37,40,46",56.878038179447756,"13,28,33,37,40,46",20.83298546111974,"0,1,2,3,5,6,7,8,9,10,12,13,14,15,17,18,19,20,22,23,24,25,26,27,28,29,30,32,33,34,35,36,37,38,39,40,41,42,43,44,45,46,47,48,49",200.82731143211194,,0.1122472736693443,"13,28,33,37,40,46"
76,98.42916476175338,"4,5,26,28,29,31",64.82004514679988,"4,5,26,28,29,31",13.902444871033987,"1,3,4,5,6,7,8,9,10,12,13,14,15,16,17,18,19,20,21,24,25,26,27,28,29,31,32,35,36,37,38,39,41,42,43,45,47,49",214.70308514411002,,0.07797596669096743,"4,5,26,28,29,31"
77,86.41474807679738,"0,3,31,36,37,43",62.88670131871075,"0,3,31,36,37,43",3.760462927052984,"0,3,7,27,30,31,33,36,37,43",182.22361946812927,"0,43",0.08300103472491477,"0,3,31,36,37,43"
78,72.20448564537591,"1,6,13,21,37,47",92.64806194065109,"6,13,21,37,47",17.026711473415972,"0,1,2,3,5,6,7,8,9,10,11,12,13,15,17,18,19,20,21,22,23,24,25,28,29,30,32,35,36,37,38,40,41,42,43,44,45,47,48,49",209.52152645004043,6,0.07061488513620023,"1,6,13,21,37,47"
79,96.19186235275181,"4,12,20,21,27,31,35,48",57.86506428632277,"12,20,27,31,35,48",14.746542498754264,"1,3,4,5,6,10,11,12,13,14,16,17,19,20,21,23,25,27,29,31,32,34,35,37,41,42,44,45,46,47,48",216.72868195396742,,0.04861963480543406,"12,20,27,31,35,48"
80,84.15726172426102,"7,12,19,22,42,48",59.7293142854101,"7,12,19,22,42,48",8.26345379557049,"4,5,7,8,12,17,18,19,21,22,25,30,31,32,33,34,38,42,45,46,48",199.4231143425154,"19,42",0.10178300899167447,"7,12,19,22,42,48"
81,99.48694539123063,"7,19,29,34,35,36,46",66.14591053176609,"7,29,34,35,36,46",2.803445677215138,"2,3,4,7,9,11,13,14,16,18,19,24,26,27,29,30,31,32,33,34,35,36,37,39,40,41,42,44,46",204.01468897175218,"29,35",0.10825630064386887,"7,29,34,35,36,46"
82,94.51994446713873,"0,6,8,14,35,43,47",110.22217554605587,"8,35,43,47",16.60924033229932,"0,2,3,5,6,8,13,14,21,25,26,33,35,37,41,43,44,46,47,49",185.22282372796175,"8,43",0.10546304903348094,"0,6,8,35,43,47"
83,89.49136301787239,"11,13,15,17,27,42,44",61.723486447228005,"13,15,17,27,42,44",5.479414872466295,"0,1,3,4,6,9,11,13,15,17,18,19,22,24,25,27,29,32,34,35,38,39,40,42,44,45,47,48",217.05608724444693,,0.053652160193841995,"13,15,17,27,42,44"
84,92.18119264235695,"14,20,27,35,42,46",57.45378298253672,"14,20,27,35,42,46",18.65328848296739,"0,3,5,6,10,11,12,13,14,15,17,18,19,20,21,22,23,24,25,26,27,28,29,30,31,32,33,35,37,38,39,40,41,42,43,45,46,47,48",222.20662448622124,,0.14000362621194665,"14,20,27,35,42,46"
85,89.38679891430776,"18,21,26,36,46,48",65.98772636406278,"18,21,26,36,46,48",33.57569844342859,"0,1,2,3,4,5,6,8,10,11,13,15,16,17,18,19,21,22,24,25,26,27,28,31,32,34,35,36,37,38,39,40,41,42,45,46,47,48",227.95586834941574,,0.07840571047593509,"18,21,26,36,46,48"
86,94.63629177808232,"8,13,16,17,32,34,38",58.65986432621089,"13,16,17,32,34,38",22.01948049769819,"0,1,2,5,6,7,8,10,12,13,14,15,16,17,18,19,20,21,22,23,24,25,26,28,29,30,31,32,34,35,36,37,38,39,40,41,43,44,45,46,47,48,49",227.8077526444862,,0.0867054515787309,"13,16,17,32,34,38"
87,79.84604107976509,"1,3,5,13,17,21",55.69168810610618,"1,3,5,13,17,21",21.25839422623096,"0,1,3,4,5,6,7,8,9,10,11,12,13,14,15,16,17,18,19,21,22,24,25,26,27,29,30,32,33,34,35,36,37,38,40,41,43,45,46,47,48,49",189.85975789314372,"3,5",0.14317805338398717,"1,3,5,13,17,21"
88,99.10355418447821,"4,18,24,31,36,39,42,47",59.68048498861773,"4,18,36,39,42,47",26.37910243564297,"0,2,3,4,5,6,9,11,14,17,18,20,22,23,24,25,26,27,28,29,31,32,33,35,36,37,38,39,40,41,42,44,45,46,47,48,49",226.58693581671943,39,0.08246171398840278,"4,18,36,39,42,47"
89,84.71547025560558,"6,11,18,23,32,34",63.98727845438001,"6,11,18,23,32,34",6.190801052969318,"1,2,4,5,6,7,8,10,11,12,13,14,15,16,18,20,21,23,24,25,26,29,30,31,32,34,36,38,39,41,42,44,46,49",192.83262898998967,"6,34",0.06312557439302438,"6,11,18,23,32,34"
90,86.97093590110418,"5,8,11,19,20,35",62.64946079746122,"5,8,11,19,20,35",15.693691982895212,"0,1,3,4,5,6,8,11,12,13,16,17,18,19,20,22,23,28,29,30,32,33,35,36,37,39,40,41,42,43,44,45,46,47,49",226.2629030676207,11,0.11537309553049895,"5,8,11,19,20,35"
91,95.54951545991793,"1,22,24,30,35,38,46",110.49815822908553,"22,24,30,38,46",21.335180804578485,"0,1,3,4,5,6,7,8,9,10,11,12,13,15,17,18,19,20,21,22,24,25,26,27,28,29,30,32,33,34,35,36,37,38,40,41,42,43,44,45,46",229.33870493664907,,0.13102516888277116,"1,22,24,30,38,46"
92,108.35333913880476,"1,2,18,24,26,30,33,41,49",64.42333688905552,"1,18,24,26,33,41,49",19.009053574329975,"0,1,2,3,4,5,7,8,9,10,11,13,16,17,18,19,20,21,23,24,25,26,27,28,29,30,31,32,33,34,35,36,37,39,40,41,43,44,46,48,49",215.54349523568897,,0.08379145862445242,"1,18,24,33,41,49"
93,93.16139259723963,"0,2,8,13,16,46",184.84809153025407,"8,13,16,33,46",7.043575398724018,"0,2,3,4,5,7,8,9,12,13,16,17,20,22,24,28,30,31,32,33,35,36,37,38,41,42,44,46,47,48,49",220.21523672613745,,0.061019555053532834,"0,2,8,13,16,46"
94,85.91829589111049,"11,13,25,27,29,41,49",52.29086403744122,"13,25,27,29,41,49",8.83498840324545,"2,4,6,7,8,11,13,15,16,19,20,22,23,25,27,29,35,36,39,41,42,49",214.7242847362821,13,0.10832530627547524,"13,25,27,29,41,49"
95,81.6912581856101,"0,3,9,15,20,26,33",107.23642435829481,"15,20,26,33",15.534002409956214,"0,1,3,5,6,10,12,13,15,18,20,21,22,24,26,27,33,35,37,39,42,43,46,47",181.41994166888662,"15,20",0.056946032274970526,"0,3,15,20,26,33"
96,75.59704940280004,"3,8,25,30,33,34",54.439070766622166,"3,8,25,30,33,34,43",5.999938456547698,"0,3,4,8,14,21,25,29,30,31,33,34,39,40,45,47",219.5772841068058,,0.06927809297882383,"3,8,25,30,33,34"
97,91.62838710071559,"0,14,18,22,25,33,45",116.51438584087116,"14,18,25,33,45",13.780598355314504,"0,1,2,3,4,5,6,7,8,9,10,11,12,13,14,15,16,18,20,22,23,24,25,28,30,31,32,33,34,36,37,38,39,40,41,42,44,45,46,47,48,49",229.20775296651578,18,0.06526090847903385,"0,14,18,25,33,45"
98,95.03751085354443,"0,7,18,34,35,36,40,49",111.94964791492767,"7,18,34,35,40,49",16.74145998171095,"0,1,2,3,4,6,7,8,9,11,12,13,14,15,16,17,18,19,21,22,23,24,25,26,27,28,29,31,32,33,34,35,36,37,38,39,40,41,42,43,44,45,46,47,48,49",198.0150999365233,"7,40",0.08971939355325471,"0,7,18,34,40,49"
99,84.86063857136823,"6,8,26,27,30,34",53.521376529949606,"6,8,26,27,30,34",15.844967488132,"0,1,3,6,7,8,9,13,14,16,18,20,21,23,24,25,26,27,28,30,33,34,35,37,39,40,41,42,46,47,48,49",231.59773305661957,26,0.039573655695872574,"6,8,26,27,30,34"
100,103.40171469483963,"5,9,10,16,17,20,22,44,48",58.43345458660382,"5,9,16,17,44,48",11.311920305964536,"0,4,5,7,9,10,11,13,16,17,19,21,22,23,25,26,30,31,32,33,35,36,37,41,42,43,44,45,48",216.63172999570455,,0.11714887753855029,"5,9,16,17,44,48"
101,80.83701219115605,"11,13,31,33,34,45",56.195478121773974,"11,13,31,33,34,45",5.707633077626969,"1,2,3,4,5,9,10,11,13,14,15,17,22,23,26,31,32,33,34,35,42,44,45,48,49",197.78202196050879,,0.11544832849184365,"11,13,31,33,34,45"
102,79.33428351552709,"10,11,18,26,42,47",71.62740304328757,"10,11,18,26,42,45,47,49",10.40804075503798,"0,1,6,7,8,9,10,11,13,15,16,17,18,19,20,21,25,26,31,33,36,37,38,39,41,42,43,46,47,48",203.18905372697702,,0.044811064612850046,"10,11,18,26,42,47"
103,84.62897830862552,"7,22,23,27,46,48",56.40507238723602,"7,22,23,27,46,48",13.42521092335026,"1,2,5,6,7,8,9,10,16,17,19,20,21,22,23,24,25,26,27,28,29,30,32,33,34,35,40,42,44,45,46,48",207.31991614983912,,0.12441089380810944,"7,22,23,27,46,48"
104,102.16246364650887,"6,10,21,23,30,31,40,45",58.2822758875896,"21,23,30,31,40,45",8.585693321662895,"2,6,10,12,13,21,23,26,29,30,31,34,35,36,40,43,44,45,48",208.16175360506773,"21,31",0.13393992425860649,"21,23,30,31,40,45"
105,89.44856376749655,"3,8,10,31,42,44",95.97544710345319,"8,10,31,42,44",5.052885321461679,"3,8,10,11,14,15,16,17,20,21,29,31,34,39,41,42,43,44,45,46,49",213.3736510363632,,0.10917949388848178,"3,8,10,31,42,44"
106,80.49614869823424,"2,3,8,18,24,37",60.643801489046936,"2,3,8,18,24,37",11.671375374266358,"2,3,7,8,11,12,17,18,21,23,24,26,27,32,37,38,39,48",210.58267118419585,,0.0700686445379977,"2,3,8,18,24,37"
107,82.41541755000726,"3,6,16,18,37,44",61.46802118153197,"3,6,16,18,37,44,49",5.465452315365074,"3,4,6,10,13,16,18,19,21,28,31,37,42,43,44,46,49",219.44277693617988,,0.10027487824114632,"3,6,16,18,37,44"
108,91.1453646957531,"2,12,30,32,33,46",63.21060090882468,"2,12,30,32,33,46",23.525436926968535,"0,2,3,5,9,12,13,14,15,18,19,20,22,23,24,25,27,28,29,30,31,32,33,34,36,37,38,39,40,41,42,43,44,45,46,48,49",213.93284926536904,"32,33",0.11208077879575334,"2,12,30,32,33,46"
109,86.80804051907988,"1,10,20,45,48,49",106.62450887214212,"10,20,45,48,49",15.3890555240059,"1,2,3,7,8,10,11,12,14,18,19,20,23,26,29,31,36,37,38,41,43,45,46,48,49",226.83976413649034,,0.0725196526226313,"1,10,20,45,48,49"
110,99.74766363301272,"9,10,26,30,40,41,46",55.22062728663022,"9,10,26,30,40,46",14.446804524266698,"2,4,5,8,9,10,12,14,15,17,24,26,27,28,29,30,34,35,37,38,40,44,45,46,47,49",218.29825935594806,,0.1954938491605552,"9,10,26,30,40,46"
111,98.27177692894612,"6,7,8,22,28,30,39",56.95739269792698,"6,7,8,22,28,30",11.394353550763746,"0,4,5,6,7,8,9,12,16,18,19,20,21,22,26,27,28,30,31,32,34,35,37,38,39,43,45,46,49",215.6635245121926,,0.09853577804436475,"6,7,8,22,28,30"
112,86.01541793849665,"17,23,28,33,37,44",64.34568748895322,"17,23,28,33,37,44,46",7.733556583961732,"1,3,5,6,7,10,11,12,17,18,19,20,22,23,27,28,30,31,32,33,35,36,37,42,43,44,45,47,48",205.97624196909572,,0.07572875677373203,"17,23,28,33,37,44"
113,98.27607459160156,"2,5,6,14,23,30,47",100.33032998248967,"5,6,23,30,47",8.574334239166536,"0,1,2,4,5,6,18,20,22,23,29,30,32,35,40,41,44,45,46,47,48,49",225.52885057161575,,0.0966177265845148,"2,5,6,23,30,47"
114,84.16019604305136,"0,3,12,17,20,33,38",99.0438702989057,"3,12,17,33,38",13.500733873384403,"0,1,2,3,4,5,6,8,10,11,12,13,14,16,17,18,19,20,21,22,23,26,27,28,30,31,32,33,34,35,36,38,40,41,43,45,46,47,48,49",218.17122324114632,,0.07444504278916043,"0,3,12,17,33,38"
115,78.69468251092486,"2,16,20,41,48,49",51.4489219760355,"2,16,20,41,48,49",12.135212240330384,"0,1,2,3,4,6,7,8,9,10,13,14,16,17,18,19,20,24,25,26,27,28,29,30,31,32,33,34,35,37,38,39,40,41,42,43,44,45,46,47,48,49",215.4032990393875,,0.06689017333176067,"2,16,20,41,48,49"
116,85.89177020890307,"12,30,37,40,44,45",62.6261571844017,"12,30,37,40,44,45",10.176386678014184,"1,4,5,6,8,9,11,12,15,17,21,24,25,26,28,30,31,35,37,38,39,40,44,45,46,47,49",213.45051844813884,37,0.09715058396315916,"12,30,37,40,44,45"
117,94.03697996729178,"1,10,11,26,46,47",63.84701281060895,"1,10,11,26,46,47",18.547340804142127,"0,1,2,3,4,7,8,9,10,11,12,14,17,18,19,24,25,26,27,28,29,30,33,34,35,38,39,40,41,42,43,45,46,47,48,49",226.4755012305157,,0.07271002736163845,"1,10,11,26,46,47"
118,86.85555058965654,"0,3,22,27,38,41",102.22990071212958,"3,22,27,38,41",5.87887516780659,"0,1,2,3,6,15,17,22,23,27,29,34,35,38,39,41,42,48,49",207.5157524989767,"3,41",0.08065315558906039,"0,3,22,27,38,41"
119,85.95397758629052,"18,20,25,35,40,43",56.590255235355336,"18,20,25,35,40,43",20.542609525396657,"0,1,2,5,6,7,8,10,11,12,13,14,15,17,18,19,20,21,23,24,25,26,28,29,31,32,33,35,36,38,39,40,42,43,44,46,47,49",174.5305297012144,"18,35,43",0.06910665720585933,"18,20,25,35,40,43"
120,93.903055066648,"8,9,34,41,42,46",61.52167080579688,"8,9,34,41,42,46",14.229751639692445,"0,1,3,6,7,8,9,10,11,12,13,14,16,20,21,22,23,26,27,28,29,30,31,32,33,34,35,36,40,41,42,43,45,46,48,49",228.2255090481894,,0.06286114904534305,"8,9,34,41,42,46"
121,96.39883398873387,"1,3,6,19,34,36",65.84784705406003,"1,3,6,19,34,36",27.151052481494283,"1,3,5,6,7,8,9,11,12,13,15,17,18,19,20,22,23,26,27,29,30,31,32,33,34,36,38,39,40,41,43,44,45,46,47,48,49",218.7429946675789,,0.05616534285060094,"1,3,6,19,34,36"
122,94.69185934362444,"17,31,33,37,40,42,47",62.50617822190032,"17,31,33,37,42,47",21.298458171431278,"0,1,2,3,4,8,9,10,12,13,14,15,17,18,19,20,21,22,23,24,25,27,29,30,31,32,33,34,35,36,37,38,39,42,44,45,46,47,48,49",202.25341380312253,"31,37",0.12284392188478058,"17,31,33,37,42,47"
123,79.03572467336812,"2,6,10,13,17,19,24",54.10913921974626,"2,6,13,17,19,24",10.875176946617724,"1,2,5,6,7,9,12,13,14,15,16,17,18,19,21,22,24,25,28,31,32,34,36,37,38,39,40,42,44,46,47,48",198.85294017006353,,0.09693641664021228,"2,6,13,17,19,24"
124,97.30897376276657,"1,4,13,35,42,43",62.405464300228616,"1,4,13,35,42,43",5.014290048515737,"1,4,5,10,11,12,13,17,19,20,25,28,29,32,33,35,37,41,42,43,44,45,46",211.63514654854686,43,0.07777940421310635,"1,4,13,35,42,43"
125,110.73630952967258,"3,16,19,21,39,41,43",69.50183645078725,"3,19,21,39,41,43,45",14.452335659335947,"1,2,3,5,7,10,12,15,17,18,19,21,23,24,29,30,31,33,34,35,36,39,41,43,44,45,49",229.5531273654038,,0.07651264025604888,"3,19,21,39,41,43"
126,90.30434919590695,"7,13,23,25,27,30,43",52.20622923551393,"7,13,23,27,30,43",21.724234994699604,"0,1,3,5,7,9,12,13,14,15,16,18,19,20,21,22,23,24,25,26,27,28,29,30,31,32,33,34,35,37,38,39,40,42,43,45,46,47,48",205.20859106515277,,0.10324139194292357,"7,13,23,27,30,43"
127,89.23186421538938,"2,8,13,23,38,42",63.25636930419135,"2,8,13,23,38,42",10.048885993960695,"0,1,2,3,4,5,6,7,8,10,11,12,13,17,18,19,20,22,23,24,25,26,27,29,30,33,34,35,38,39,40,41,42,43,45,46,47,49",218.77469662310241,,0.049238768682396156,"2,8,13,23,38,42"
128,87.4325362972469,"0,1,2,11,15,28,36",63.425862824813116,"0,1,2,11,15,31,36",21.950822857303834,"0,1,2,3,4,5,6,7,8,9,10,11,12,13,14,15,16,17,18,19,20,22,23,24,26,27,28,29,30,32,33,34,35,36,37,38,39,40,41,42,43,44,45,46,47,48,49",216.1079630688238,,0.07884634804320782,"0,1,2,11,15,36"
129,94.18935575511101,"16,18,25,26,30,34,35,44",58.55646753562649,"16,18,25,26,30,44",18.203031838525952,"0,1,2,3,4,5,6,8,9,11,12,13,14,15,16,17,18,20,22,23,24,25,26,27,28,30,31,32,33,35,36,37,38,39,40,42,43,44,45,46,47,48,49",228.5177407598546,,0.040339003421118305,"16,18,25,26,30,44"
130,101.93831386282017,"3,4,7,31,39,42,45,48",69.94211491897525,"3,4,7,31,42,45,48",7.188847920512033,"0,1,3,4,5,6,7,8,10,15,17,18,20,22,25,29,31,32,35,36,37,38,39,42,45,46,48,49",205.87230451849436,,0.06604670245149181,"3,4,7,42,45,48"
131,95.40786199103013,"3,11,14,27,28,42,46",61.05567503639352,"3,11,14,27,28,46,47",25.249043863103505,"0,1,2,3,4,5,6,7,8,9,10,11,12,14,15,16,17,18,19,20,21,22,23,24,25,26,27,28,29,30,31,32,33,34,35,36,37,39,40,41,42,43,44,45,46,47,48,49",213.632693476455,,0.06107092447529234,"3,11,14,27,28,46"
132,90.23013982799041,"0,3,8,10,31,33,37",106.17975588838357,"3,8,31,33,37",7.636339636875779,"0,1,2,3,4,7,8,9,10,11,12,13,14,16,17,18,19,20,21,22,28,29,31,32,33,34,35,36,37,39,40,41,42,43,44,45,46,48,49",222.69483330030175,,0.07407723686311331,"0,3,8,31,33,37"
133,90.933987498694,"4,12,30,32,35,37",68.41862293444845,"4,12,30,32,35,37",26.28649455941131,"0,1,2,3,4,5,6,7,8,9,10,11,12,13,14,16,17,18,19,20,21,22,23,24,25,27,28,29,30,31,32,33,34,35,36,37,38,39,40,41,42,43,47,48",223.68451470879984,,0.09734844330701903,"4,12,30,32,35,37"
134,91.992951188951,"6,14,16,21,26,48",61.57925368149909,"6,14,16,21,26,48",32.371307647537414,"0,1,2,3,4,5,6,7,8,9,11,12,13,14,16,17,18,19,20,21,22,23,25,26,27,28,30,31,32,33,34,36,37,38,39,40,41,42,43,44,45,46,47,48,49",226.1874307961826,6,0.07893439454169265,"6,14,16,21,26,48"
135,96.70273424682813,"0,4,15,19,29,35,45,49",170.8769684029042,"15,19,29,35,37",13.412773680300907,"0,1,3,4,6,8,10,14,15,16,19,21,22,24,26,27,29,30,31,33,35,36,38,39,40,41,42,43,44,45,47,48,49",210.61676884563187,,0.0743451504890359,"0,4,15,19,29,35"
136,86.9051102600856,"3,11,31,32,46,49",59.5789170286028,"3,11,31,32,46,49",23.426467548398918,"0,1,2,3,4,5,6,11,14,16,17,18,19,20,22,23,26,27,28,30,31,32,33,35,37,38,39,40,42,43,45,46,48,49",218.6987999626857,,0.09396654316390786,"3,11,31,32,46,49"
137,89.58590687014608,"13,18,21,38,41,44",63.525461638341426,"13,18,21,38,41,44",20.001668856607793,"0,1,2,3,5,6,9,10,11,12,13,16,17,18,21,22,23,24,25,26,29,30,31,32,36,37,38,39,41,44,47,49",196.52512409442022,"18,38",0.0800898697116601,"13,18,21,38,41,44"
138,81.32518999424853,"2,8,12,18,43,48",54.70113916136409,"2,8,12,18,43,48",36.113818897604226,"0,1,2,3,4,5,6,7,8,9,11,12,13,14,15,16,18,19,20,21,22,23,24,25,26,27,28,29,30,31,32,33,34,35,36,37,38,39,40,41,42,43,44,45,47,48,49",194.18371702404863,"8,12",0.06605972535340433,"2,8,12,18,43,48"
139,74.62698973735483,"0,29,41,43,44,48",103.08666965814237,"29,41,43,44,48",12.196929607509652,"0,3,4,6,7,8,11,13,15,17,18,19,20,25,26,27,29,30,31,32,35,36,39,41,43,44,47,48",218.57572642594937,,0.07512355589253811,"0,29,41,43,44,48"
140,85.80188188320183,"0,13,17,21,25,35",104.77206219247101,"13,17,21,25,35",15.86191589166263,"0,1,2,3,4,5,6,7,8,9,10,11,12,13,14,15,17,18,19,20,21,22,23,25,27,28,29,30,31,32,33,34,35,36,37,38,39,40,41,42,43,45,46,47,48,49",218.58438897678377,,0.04497357980206339,"0,13,17,21,25,35"
141,81.55688942496542,"3,10,11,17,18,31",62.48316477813414,"3,10,11,17,18,31",5.885023283241879,"3,4,5,10,11,14,16,17,18,22,27,31,38,41,42,43,46",211.19789145664825,,0.07895447896561814,"3,10,11,17,18,31"
142,100.2055588112153,"6,12,15,24,29,33,46,47",60.47059443860821,"6,12,29,33,46,47",12.333517157952228,"0,2,3,6,8,10,11,12,14,15,16,18,20,22,23,24,27,29,31,32,33,34,35,36,37,38,39,40,41,43,44,46,47,49",231.40941242148557,,0.07157104728877087,"6,12,29,33,46,47"
143,92.48434433558208,"2,4,20,27,30,31,38,39",58.66215850877071,"4,20,27,31,38,39",33.24972343638062,"0,1,2,3,4,5,6,7,8,9,10,11,12,13,14,15,16,17,18,19,20,21,22,23,24,25,26,27,28,29,30,31,32,34,35,36,37,38,39,40,41,42,43,44,45,46,47,48,49",214.14625318970363,,0.0699628545376311,"4,20,27,31,38,39"
144,83.42549210234749,"0,2,4,23,28,33,40,48",100.4376075104929,"2,4,23,33,40",31.20932093625812,"0,1,2,3,4,5,6,7,10,11,12,13,14,15,16,17,18,19,20,21,22,23,24,25,26,27,28,30,31,32,33,34,35,36,37,38,39,40,41,43,44,45,46,47,48",178.57605882193673,"0,40",0.07543309035926989,"0,2,4,23,33,40"
145,100.46661995727482,"3,14,20,21,24,30,35",112.24822394373972,"20,21,24,30,35",30.937603613076288,"0,1,2,3,4,5,6,8,10,11,12,13,14,15,16,17,18,19,20,21,22,23,24,25,26,27,28,29,30,31,32,34,35,36,37,38,39,40,41,42,43,44,45,46,47,48,49",224.05080244406062,,0.10146714534709701,"3,20,21,24,30,35"
146,95.47120200866009,"8,10,14,19,24,25,29,42",59.34280008892124,"8,14,19,24,25,42",20.043769078912867,"2,8,12,13,14,16,17,18,19,21,24,25,28,29,30,31,33,35,38,39,40,41,42,43,44,46,48,49",208.25977088912342,,0.08519970729737311,"8,14,19,24,25,42"
147,90.7968533087363,"9,11,24,25,29,43,49",55.18897441638587,"9,11,24,29,43,49",11.774765145027045,"4,9,11,13,20,24,26,28,29,32,40,43,49",211.52078465223795,,0.10507197381353797,"9,11,24,29,43,49"
148,106.19560500039749,"9,14,27,30,34,35,37,39,40,43",74.02653578071904,"14,27,30,35,37,40,43",14.181014026078916,"1,2,4,5,6,7,8,9,11,12,13,14,15,17,18,19,22,27,29,30,31,32,35,36,37,39,40,41,42,43,47,48,49",188.91731459892281,"14,30",0.07007249366899211,"14,27,30,35,37,40"
149,86.78702480020806,"2,7,14,23,27,28,36",56.472637556495044,"2,14,23,27,28,36",12.730411940676932,"0,2,6,9,10,11,12,14,15,17,22,23,24,25,26,27,28,31,33,34,35,36,37,40,41,42,44,46,48",220.99041786415066,,0.0818244922515916,"2,14,23,27,28,36"
150,106.57871363471673,"3,8,18,20,25,41,42,44",69.59949412836455,"3,20,25,41,42,44",19.542144792452863,"0,1,2,3,4,5,6,8,10,11,13,14,18,19,20,24,25,26,29,30,31,32,36,38,39,40,41,42,44,45,46,47,48",248.71741885282051,,0.09009147646240559,"3,20,25,41,42,44"
151,104.53276321349068,"0,12,13,26,28,35,44",119.03387904557515,"12,26,28,35,44",30.65878105632416,"0,1,2,5,7,8,11,12,13,14,15,16,17,18,19,20,22,23,24,25,26,27,28,29,30,31,32,33,34,35,38,39,40,41,42,43,44,45,46",236.89882568940268,,0.08026881839585819,"0,12,26,28,35,44"
152,88.16655852994157,"4,18,23,24,43,46",66.15755352525589,"4,18,23,24,43,46",12.161174545039787,"2,3,4,5,6,7,8,9,10,11,13,15,16,17,18,19,20,22,23,24,25,26,27,28,29,30,31,32,33,34,35,36,37,38,39,40,41,42,43,44,45,46,48,49",210.7140492936314,"4,23",0.04956440769943212,"4,18,23,24,43,46"
153,86.93967279655392,"5,7,10,16,38,46",62.58097477659723,"5,7,10,16,38,46",26.116820748926802,"0,1,2,3,5,6,7,8,9,10,13,14,15,16,17,18,19,20,21,22,23,25,26,27,29,30,31,32,33,34,35,36,37,38,40,41,42,43,44,45,46,47,48,49",209.58774458123295,,0.08462807190400402,"5,7,10,16,38,46"
154,93.3691909242424,"3,4,9,14,21,34,40",51.74141394050879,"3,4,14,21,34,40",14.516090344676781,"0,1,3,4,5,6,7,8,9,10,11,12,13,14,16,18,19,21,22,23,24,25,26,27,28,29,30,31,32,33,34,35,36,37,38,39,40,41,42,43,44,46,47,48",225.57795300081074,,0.08736107928036614,"3,4,14,21,34,40"
155,94.19957298957269,"9,22,27,36,39,44",63.806792629339604,"9,22,27,36,39,44",16.368649156300563,"1,2,3,4,5,6,7,8,9,10,12,15,16,17,18,19,22,23,24,25,26,27,28,29,30,31,32,33,34,35,36,37,39,40,41,42,43,44,45,46,48,49",227.13343365587164,,0.10562937812619577,"9,22,27,36,39,44"
156,79.44476227524372,"4,11,15,21,33,44",64.10181573362163,"4,11,15,21,31,33,44",19.393654172516207,"0,1,2,3,4,5,6,7,9,10,11,12,13,14,15,16,18,19,20,21,22,23,24,25,26,27,28,29,30,31,32,33,35,36,37,38,39,41,43,44,45,46,47,48,49",199.9276899235687,,0.09419860688499992,"4,11,15,21,33,44"
157,87.19810673601893,"15,18,30,38,39,40,42",60.26748311781173,"15,18,30,38,39,42",20.415562555047746,"2,3,4,5,7,8,9,10,11,12,13,14,15,16,18,20,22,23,24,25,27,29,30,31,33,35,36,37,38,39,40,41,42,43,44,45,46,48,49",207.17691731043996,,0.06811921933519884,"15,18,30,38,39,42"
158,86.17316134721803,"0,1,22,32,41,49",169.50284172624626,"32,41,49",16.83824442026848,"0,1,2,3,4,5,7,9,10,11,12,13,14,15,16,17,18,20,21,22,23,24,25,26,27,28,29,30,32,33,36,37,38,39,40,41,42,44,46,47,49",232.0355263082593,,0.09087656012071386,"0,1,22,32,41,49"
159,82.02111026203384,"2,10,12,13,16,33",54.7080028970649,"2,10,12,13,16,33",14.890314413482363,"1,2,3,4,5,7,8,9,10,12,13,14,16,17,18,21,26,27,28,29,30,31,33,34,35,36,37,38,39,40,41,42,43,44,45,46,47,48",205.07792366585153,,0.05338597470653426,"2,10,12,13,16,33"
160,89.68683184085286,"2,19,23,24,30,35,36",56.31846734965159,"2,19,23,24,30,36",27.272948051614534,"0,1,2,3,4,5,6,7,8,9,10,11,12,13,14,15,16,17,19,20,21,22,23,24,25,26,27,28,29,30,31,33,34,35,36,37,38,39,40,41,42,43,44,45,46,47,48,49",213.27727864730292,,0.147079169754129,"2,19,23,24,30,36"
161,84.77060746104878,"1,2,8,31,44,45",109.25773295207748,"2,8,31,44,45",25.683542548572614,"0,1,2,3,5,6,7,8,9,10,11,12,13,14,15,17,18,19,20,21,22,23,24,25,26,27,28,29,30,31,32,33,34,35,36,37,38,39,40,41,42,43,44,45,46,47,48,49",186.0422493284491,"31,44",0.12086207392987745,"1,2,8,31,44,45"
162,82.79223899678962,"2,3,21,33,39,44",98.28780269503444,"3,21,33,39,44",23.55213651324954,"0,1,2,3,5,6,7,8,9,10,12,13,15,16,20,21,22,23,24,25,28,29,31,32,33,34,35,36,37,38,39,40,41,42,44,45,46,47,48",219.91447550082702,,0.0565203626344749,"2,3,21,33,39,44"
163,82.36121521403683,"5,15,25,27,37,49",59.080193918658374,"5,15,25,27,37,49",25.074065313197156,"0,1,2,4,5,6,7,8,9,11,12,13,14,15,16,18,19,20,21,22,23,24,25,27,29,30,31,34,37,39,41,42,44,45,46,48,49",217.92836299998737,,0.057003795081959095,"5,15,25,27,37,49"
164,97.10822784315509,"1,2,6,11,30,33,42,43,47",55.73865167962272,"1,2,11,42,43,47",21.091702981070384,"0,1,2,4,5,6,7,8,11,12,13,14,15,16,17,18,20,21,22,23,24,25,27,28,29,30,31,32,33,34,35,36,37,38,39,40,41,42,43,45,46,47,48",207.76281130716666,,0.10496614515955076,"1,2,11,42,43,47"
165,82.0998517056832,"7,10,18,20,25,26,40,43",52.8514254204395,"10,20,25,26,40,43",24.261474224676025,"0,1,2,3,4,5,6,7,8,9,10,11,12,13,14,15,16,17,18,19,20,21,22,23,25,26,27,28,29,30,31,32,33,34,35,36,38,39,40,41,42,43,44,45,46,47,48,49",221.94547379799042,,0.0652605122704441,"10,20,25,26,40,43"
166,84.33765514181282,"1,7,13,14,15,25,34",56.263209998694585,"1,7,13,14,15,34",9.892813100468135,"1,3,4,5,7,9,13,14,15,16,22,23,24,25,26,27,28,29,30,31,33,34,35,37,40,41,42,44,47,48,49",215.28960594753693,,0.10061947489174791,"1,7,13,14,15,34"
167,110.9809473913011,"0,2,4,7,11,31,35,42,45,46",124.92834121307128,"4,7,11,31,35",16.417200441770685,"0,2,3,4,5,7,9,10,11,12,14,15,17,21,23,26,27,30,31,34,35,39,42,43,44,45,46,47,49",212.06456888447127,,0.06102625984727907,"0,2,4,7,11,31"
168,93.60999113880882,"0,1,5,19,28,45",108.22294594758355,"1,5,19,28,45",35.37097072403995,"0,1,2,3,4,5,6,7,8,9,10,11,12,14,15,16,17,18,19,20,22,23,24,25,26,27,28,29,30,31,32,33,34,35,36,37,38,39,40,41,42,43,44,45,46,47,48,49",221.8586619485622,,0.06596490172402755,"0,1,5,19,28,45"
169,90.43602833088079,"0,6,16,17,21,22,27,49",115.4647495462121,"6,17,22,27,49",11.07629301779323,"0,1,2,3,5,6,7,8,9,10,11,14,15,17,18,20,21,22,24,25,26,27,28,29,30,31,35,36,38,39,42,44,45,46,47,48,49",218.54149941051554,,0.11832630645584587,"0,6,17,22,27,49"
170,91.25323103410969,"2,4,11,18,33,39,43",71.4260440645238,"2,4,11,18,33,39,43",28.81685617988483,"0,1,2,3,4,5,6,7,8,9,10,11,12,14,15,16,17,18,19,21,22,23,24,25,26,27,28,29,30,31,32,33,34,35,36,37,38,39,40,41,42,43,44,46,47,48,49",218.15201851282333,,0.086697010821507,"2,4,11,18,33,43"
171,117.57209943636373,"8,18,20,22,34,36,46,49",66.60088447952428,"8,18,20,34,36,46,49",25.165504097578864,"0,1,2,3,4,5,6,7,8,9,10,11,13,14,15,17,18,19,20,21,22,23,24,25,26,27,29,31,32,33,34,35,36,37,39,40,41,42,43,44,45,46,47,48,49",234.47852136464854,,0.08496171743625457,"8,18,20,34,36,46"
172,82.8052380542163,"0,2,18,19,41,43",159.25313222089778,"18,19,41,43",17.84229225264592,"0,2,7,9,11,14,18,19,22,23,24,26,27,28,29,31,32,35,37,38,41,43,44,45,47,48",200.1414700929497,,0.06370443111647675,"0,2,18,19,41,43"
173,98.00840387250305,"2,4,19,23,30,33,35,49",59.049186718831066,"2,23,30,33,35,49",9.977083896689013,"0,2,3,6,7,11,12,14,17,21,22,23,24,25,28,29,30,31,33,34,35,37,38,42,43,49",220.849253344975,,0.1108650717728973,"2,23,30,33,35,49"
174,87.44743845526365,"8,26,27,32,37,42",60.058543036197705,"8,26,27,32,37,42",20.713719071209717,"3,4,5,6,7,8,10,11,13,14,15,16,18,19,21,22,23,24,25,26,27,28,29,31,32,33,34,37,38,39,40,41,42,43,44,45,46,47,49",210.95438085456075,,0.06968369938791773,"8,26,27,32,37,42"
175,80.69673774245699,"8,9,17,21,27,37",53.61442562669143,"8,9,17,21,27,37",21.120100617405765,"0,1,3,4,5,6,7,8,9,10,11,12,13,15,17,18,19,21,22,23,24,26,27,28,30,31,32,33,34,35,37,39,40,41,42,43,45,46,47,48,49",214.1178592764445,,0.09723800384357298,"8,9,17,21,27,37"
176,81.20371901351584,"14,17,22,32,41,43",59.3578950321853,"14,17,22,32,41,43",12.617247302634784,"0,1,2,3,4,5,6,7,8,9,10,11,12,13,14,15,16,17,18,19,20,21,22,23,24,25,26,29,30,32,33,35,36,37,38,39,40,41,42,43,44,45,46,48,49",200.52875650323767,,0.08141285207940319,"14,17,22,32,41,43"
177,107.61544766448202,"1,2,20,22,31,32,37,40,48",119.40833904287302,"2,20,40,48",23.4741916989336,"1,2,3,4,5,6,7,8,9,10,11,12,14,17,18,19,20,21,22,23,24,26,27,28,29,30,31,32,36,37,38,39,40,41,42,44,45,47,48,49",225.1022317146178,,0.07183690989429853,"1,2,20,22,40,48"
178,93.51138879967813,"2,5,9,11,18,20,24",62.578938671116894,"2,5,9,11,18,24",9.006838613074917,"0,2,4,5,7,8,9,10,11,12,14,15,17,18,21,22,24,25,27,30,35,36,37,41,46,49",220.35910271990593,,0.10027671574921672,"2,5,9,11,18,24"
179,88.93973710052717,"16,20,22,25,28,29,48",55.75574299019387,"20,22,25,28,29,48",25.878241540560886,"0,1,2,3,4,5,6,7,8,9,10,11,12,14,16,17,18,19,20,21,22,23,24,25,26,27,28,29,30,31,32,33,34,35,36,37,38,39,40,41,43,44,45,46,47,48,49",210.4986693890504,,0.04070055309646378,"20,22,25,28,29,48"
180,91.63591112129765,"3,15,27,30,35,38,43",56.784291742444346,"3,15,27,30,38,43",5.332737133557914,"0,2,3,6,8,10,12,14,15,19,20,27,30,37,38,43,48",193.0519924357828,"3,38",0.09742561897658794,"3,15,27,30,38,43"
181,82.20474170383993,"0,5,14,17,31,33",112.3265500033329,"5,14,17,31,33",16.46422437736822,"0,1,2,5,6,7,8,9,12,13,14,16,17,18,19,20,22,23,24,25,26,27,29,30,31,32,33,34,36,37,38,42,45,46,47,48,49",184.75875394899833,"5,31",0.09709633751702872,"0,5,14,17,31,33"
182,98.02872119413372,"4,10,12,27,28,39,46",115.2468681287204,"12,27,28,39,46",15.297750590218529,"0,1,2,3,4,5,6,9,10,11,12,13,14,15,16,17,18,19,20,21,24,25,26,27,28,29,30,31,32,33,34,35,36,38,39,41,42,43,46,48,49",197.55005773951314,"28,39",0.09736506630150686,"10,12,27,28,39,46"
183,88.54863657264639,"5,11,22,28,35,39,48",57.800244156649065,"5,11,28,35,39,48",12.90698930758609,"0,1,2,3,4,5,6,7,8,9,10,11,12,13,14,15,16,17,18,19,20,21,22,23,24,25,26,28,29,30,31,32,33,34,35,36,38,39,40,41,42,43,44,45,46,48,49",191.7174417873302,"11,48",0.08444679319905399,"5,11,28,35,39,48"
184,82.53514273241274,"15,18,25,28,35,36",60.67296962015271,"15,18,25,28,35,36,49",6.815603626720018,"3,4,6,7,10,13,14,15,18,19,21,24,25,26,28,29,32,34,35,36,37,38,39,40,42,43,45,48",226.92871639170264,,0.04316904672291062,"15,18,25,28,35,36"
185,90.27654839445391,"3,12,15,27,32,40,47",61.22054972241124,"3,12,27,32,40,47",23.420239271753818,"0,1,3,4,7,9,10,11,12,14,15,16,17,18,19,21,22,23,25,27,29,30,31,32,33,34,36,37,38,39,40,42,43,44,45,47,49",215.1208522780776,,0.07975279030825315,"3,12,27,32,40,47"
186,83.85557439076018,"3,4,10,13,17,43,47",52.79188365630098,"3,4,13,17,38,43,47",27.589902464844332,"0,2,3,4,5,7,8,9,10,11,12,13,14,15,16,17,18,19,21,22,23,24,25,26,28,29,30,31,33,34,35,36,37,38,39,40,41,42,43,44,45,46,47,48,49",216.77811767759525,,0.09973181827922917,"3,4,13,17,43,47"
187,87.72940301742632,"6,14,25,35,45,46",64.98797049858366,"6,14,25,35,45,46",39.02630532058668,"1,2,3,4,5,6,7,8,9,10,11,12,13,14,15,16,17,18,19,20,21,22,23,24,25,26,27,28,29,30,31,32,33,34,35,36,37,38,39,40,41,42,43,44,45,46,47,48,49",216.08029452454866,,0.07642739758567023,"6,14,25,35,45,46"
188,83.26885635576187,"16,20,26,28,32,33,46",54.84250995023881,"20,26,28,32,33,46",7.929881383170365,"1,2,3,6,9,10,11,12,14,15,16,18,19,20,22,23,24,25,26,28,29,31,32,33,34,35,38,39,41,43,46,47,48",204.64385766244698,,0.05456230210653818,"20,26,28,32,33,46"
189,90.5927068588418,"0,5,20,21,34,49",62.25916098337501,"0,5,20,21,34,49",27.012368603800425,"0,1,2,3,5,6,7,8,9,10,11,12,13,14,15,16,17,18,19,20,21,22,23,25,26,27,28,29,30,32,33,34,35,37,38,39,41,42,43,44,45,46,47,48,49",226.46500536814,,0.0662989207719071,"0,5,20,21,34,49"
190,91.56282340706218,"7,20,22,23,32,41,46",109.45656778409591,"20,22,23,32,41",13.921789506838453,"0,1,5,6,7,8,9,10,14,16,17,18,20,21,22,23,24,25,26,28,29,31,32,34,35,36,37,39,40,41,43,44,45,46,48",204.36427449352132,,0.11156454879445678,"7,20,22,23,32,41"
191,74.79175414689904,"0,7,31,42,44,46",91.4500557369532,"7,31,42,44,46",23.34558904533843,"0,2,3,4,5,6,7,8,9,10,11,12,13,14,15,16,17,18,19,20,21,22,23,24,25,26,27,28,29,30,31,32,33,34,35,36,37,38,39,40,41,42,43,44,45,46,47,48,49",200.77244371627265,,0.03780607446963633,"0,7,31,42,44,46"
192,90.92777804924468,"11,17,18,23,32,44,49",54.71640066656928,"17,18,23,32,44,49",26.816506683320878,"0,1,2,3,4,5,6,7,8,9,10,11,12,13,14,15,16,17,18,19,20,21,23,24,25,26,27,28,29,30,31,32,33,34,35,36,37,38,39,40,41,42,43,44,45,46,48,49",215.58237659774392,,0.0876045382034614,"17,18,23,32,44,49"
193,93.11091829697898,"2,6,25,26,32,43,45",64.53114607157309,"2,6,26,32,43,45",27.848421147884032,"0,1,2,3,4,5,6,7,8,9,10,11,12,13,14,15,16,17,18,19,20,21,22,23,24,25,26,27,28,29,30,31,32,33,34,35,36,37,38,39,40,41,42,43,44,45,46,48,49",221.26263729650364,,0.0598293204943572,"2,6,26,32,43,45"
194,105.44601590297384,"8,11,17,21,22,30,35,49",56.40442378932032,"8,11,21,22,35,49",16.028545635148422,"0,1,2,5,8,9,11,13,14,15,16,17,18,19,21,22,24,26,28,29,30,31,32,35,36,38,40,43,45,47,48,49",211.2494535991922,,0.11417457248637522,"8,11,21,22,35,49"
195,79.35998219855362,"3,12,16,29,43,45,47",52.98976203773539,"3,16,29,43,45,47",6.990771391906158,"2,3,6,7,11,12,16,17,19,21,23,24,25,29,31,32,34,36,40,42,43,44,45,46,47,48",212.2292618654868,,0.06952078367405867,"3,16,29,43,45,47"
196,82.89646310651284,"0,10,18,21,31,33,46",93.37744493347246,"10,21,31,33,46",13.336929023909267,"0,3,5,7,8,9,10,11,14,19,20,21,23,25,26,27,30,31,32,33,34,36,38,39,42,43,44,45,46,47,48",202.88849106435933,,0.09256083454925969,"0,10,21,31,33,46"
197,96.07755760159515,"5,13,15,25,28,42,48",58.94093111419786,"5,13,15,25,28,42",24.244250095844723,"0,2,3,5,6,7,8,10,12,13,15,17,18,19,20,21,22,23,25,28,29,30,31,32,33,35,37,38,39,41,42,43,44,45,46,47,48,49",232.57473894417168,,0.04132863075486639,"5,13,15,25,28,42"
198,95.85917195205515,"3,11,27,34,41,45",110.12247429115176,"11,27,34,41,45",15.818122046949252,"0,1,3,5,7,8,10,11,12,14,16,19,20,21,22,24,25,27,28,30,31,32,34,36,37,38,39,40,41,45,48,49",191.53983872047493,"11,34",0.06362230378238895,"3,11,27,34,41,45"
199,100.17934425320402,"3,20,28,30,32,37,49",60.87635034072092,"3,20,28,30,37,49",11.353565703687233,"0,3,11,13,14,15,18,20,28,30,32,34,36,37,41,49",226.91563723000726,,0.055659865784449945,"3,20,28,30,37,49"
