simulation,LASSO_CV_c_index,LASSO_CV_features,AIC_Cox_c_index,AIC_Cox_features,BIC_Cox_c_index,BIC_Cox_features,LASSO_QUT_c_index,LASSO_QUT_features,HarderLASSO_QUT_c_index,HarderLASSO_QUT_features
0,0.9018844083067795,"0,10,23,26,31,38,44,53,70,79,84,93",0.8667234369849467,"70,10,79,26,31,0,38,93,44,88,46,47,28,8,61,11,12,94,82,84,91,68,57,4,86,17,96,15,36,3,5,80,87,97,14,62,99,34,90,60,18,39,35,83",0.9203219426436655,"70,10,79,26,31,0,38,93,44,88,46,47,28",0.851277332161301,"10,26,31,70,79",0.894646192726074,"0,10,26,31,38,70,79"
1,0.9389527124277078,"2,6,11,14,20,22,24,26,29,32,33,35,36,37,40,43,44,46,48,52,67,68,83,84,89,92,96",0.9071245387695287,"26,20,29,48,67,36,68,37,11,6,14,46,24,90,43,53,56,40,4,49,33,83,31,23,98,51,10,35,8,1,15,95,85,72,74,13,50,75,16,52,87,89,99",0.9223405647292806,"26,20,29,48,67,36,68,37,11,6,14,46,24,90,43,53,56,40,4,49,33,83,31,23,98",0.8582419595425641,"20,26,29,48",0.9286499358856933,"20,26,29,36,37,48,67,68"
2,0.9227196346726065,"0,2,5,9,10,11,13,14,15,16,17,19,20,22,23,25,28,29,30,31,33,38,40,42,43,45,46,48,49,50,53,55,56,58,61,63,64,66,67,68,70,78,80,85,87,88,91,93,95,97,98",0.8615228301707727,"40,64,42,97,9,80,78,15,23,5,58,31,66,91,29,20,88,85,34,61,84,46,16,25,60,92,24,10,41,99,39,73,45,70,68,19,0,12,22,94,28,83,81,77,3,13,4,14,49,79,59,2",0.9305046140447839,"40,64,42,97,9,80,78,15,23,5,58,31,66,91",0.8022213290012115,"40,64,97",0.875565939249806,"9,40,42,64,97"
3,0.9455926706459876,"1,2,7,10,13,25,26,36,38,39,41,64,67,71,72,77,79,82,85,86,88,91",0.9157957169718461,"85,77,39,26,1,71,64,82,2,79,9,75,86,11,7,88,45,53,50,83,37,12,81,48,43,25,18,74,80,23,19,20,29",0.9284378430902414,"85,77,39,26,1,71,64,82,2,79,9,75,86,11,7,88,45,53,50,83,37",0.8649066794543366,"26,39,71,77,85",0.9462715949673788,"1,2,26,39,64,71,77,82,85"
4,0.9354894786278056,"2,4,5,9,11,13,14,21,30,31,34,35,36,44,46,53,54,69,71,74,80,87,92,96",0.8548681498927535,"13,54,35,74,21,11,87,9,31,71,69,30,46,34,24,79,58,92,10,49,91,82,18,19,83,4,6,12,23,25,61,90,80,22,37,70,45,73,63,41,27,94,65,36,77,14,89,97,44,64,32,51",0.9338800801895389,"13,54,35,74,21,11,87,9,31,71,69,30,46,34,24",0.8424724173220619,"13,21,35,54",0.9431299154645245,"9,11,13,21,31,35,54,74,87"
5,0.9460280886548168,"3,4,5,10,13,14,16,17,19,22,23,25,34,35,36,37,41,46,47,48,52,66,67,69,75,96,98",0.916595347816546,"34,10,47,5,98,17,75,48,14,36,69,19,51,44,54,41,31,87,65,15,80,56,27,38,79,76,55,60,62,63,89,52,91,49,58,11,50",0.944269804696072,"34,10,47,5,98,17,75,48,14,36,69,19",0.8662881281544876,"5,10,34,47",0.9448787579547948,"5,10,17,34,47,48,75,98"
6,0.9442135159526464,"1,11,18,20,24,35,41,44,45,47,48,52,53,57,67,70,77,80,84,91,94",0.9307068535329405,"70,84,18,94,80,48,67,41,57,8,14,36,71,24,77,92,31,93,26,95,66,17,56,43,86,19,91,38,23,11,89",0.9416679938419069,"70,84,18,94,80,48,67,41,57,8,14,36,71,24,77",0.8554016032276902,"18,70,80,84",0.9377581355842225,"18,41,48,67,70,80,84,94"
7,0.9312576815075492,"2,3,8,19,27,29,30,31,34,36,40,41,42,43,46,52,58,63,67,83,84,87,91",0.9021176464000851,"83,46,30,8,52,43,19,36,91,62,53,25,66,12,28,44,93,94,21,86,70,69,24,61,92,1,73,23,17,88,51,84,71,72,13,40,87,15,65",0.9228055735199012,"83,46,30,8,52,43,19,36,91,62,53,25,66,12,28,44,93,94,21",0.8474729065004801,"8,30,46,52,83",0.8939776980814079,"8,30,43,46,52,83"
8,0.9433635970600951,"0,6,7,12,17,25,34,42,44,47,48,55,56,58,63,65,66,68,70,77,78,80,85,89,92,98",0.893529326992362,"63,56,7,78,0,47,89,55,70,17,58,66,24,96,8,34,93,65,5,15,26,48,43,10,76,90,29,94,68,84,95,97,38,80,27,99,53,51,87,25,39,73,41,45,19,37,13",0.9402586173014189,"63,56,7,78,0,47,89,55,70,17,58,66,24",0.8542939118814605,"7,56,63,78",0.8976640595317638,"0,7,56,63,78"
9,0.9352497841048858,"0,5,6,8,9,12,13,17,21,26,27,28,31,37,38,45,50,57,58,59,61,65,66,71,75,81,83,86,87,93,96,98",0.9195771072671604,"28,50,26,93,27,98,38,81,66,35,17,97,58,75,36,71,61,59,65,7,51,74,5,77,92,3,48,53,83,31,96,18",0.9452516159422186,"28,50,26,93,27,98,38,81,66,35,17,97,58",0.806953131133384,"26,28,50,93",0.9354146494648418,"26,27,28,38,50,81,93,98"
10,0.9313014758142063,"1,5,17,31,36,42,50,64,68,76,95",0.8879175550817342,"36,68,1,76,31,95,64,5,17,50,60,67,94,14,72,91,84,4,57,27,19,78,20,11,24,75,34,12,93,73,43,89,92,65,62,69,56,7,58,54,9",0.9327257271067632,"36,68,1,76,31,95,64,5,17,50,60,67",0.8697325696447733,"1,36,68,76",0.919787616539153,"1,5,31,36,64,68,76,95"
11,0.9432639683858929,"5,8,9,12,19,26,34,42,48,51,64,65,66,68,71,72,74,91,93",0.9200055408322748,"26,8,74,42,5,91,19,71,64,72,94,48,38,96,86,22,93,90,14,29,98,9,69,12,47,41,65,52,99,62,21",0.9191443595895602,"26,8,74,42,5,91,19,71,64,72,94,48,38,96,86,22,93,90,14,29,98,9,69,12,47,41,65,52,99,62",0.8682980758675846,"5,8,26,42,74",0.9494764958940342,"5,8,19,26,42,64,71,74,91"
12,0.9490454796957607,"0,7,8,11,13,14,15,20,22,27,35,37,44,47,56,63,66,68,70,72,77,85,94,99",0.9125590039419795,"7,0,63,44,20,22,15,37,14,13,8,47,56,27,46,11,85,25,52,36,86,79,76,42,91,3,49,94,9,89,97,96,45,18,33,17,87,57,72,83",0.9340347180121198,"7,0,63,44,20,22,15,37,14,13,8,47,56,27,46,11,85,25,52",0.7845121767192882,"0,7,14,44",0.9511236892057533,"0,7,14,15,20,22,37,44,63"
13,0.9513512184729347,"5,18,19,22,23,29,35,36,38,40,43,66,68,70,80,88,91,92,94,99",0.9249782854520723,"22,40,5,91,70,68,36,94,92,89,99,10,8,28,51,64,47,7,93,24,78,44,12,52,23,61,6,66,60,84,67,33,50,87,3,65,29,32",0.9494856793239265,"22,40,5,91,70,68,36,94,92,89,99,10,8",0.8458676805585146,"5,22,40,70",0.9564807682852882,"5,22,36,40,68,70,91,92,94"
14,0.9322429845007176,"3,5,9,10,12,18,20,21,23,37,38,40,48,51,61,63,64,65,83,85,86,88,89,90,95",0.8647216845099356,"12,37,51,18,38,48,10,65,3,89,25,50,75,63,78,68,16,93,26,23,90,36,27,2,61,82,30,28,62,19,13,21,67,11,14,72,96,34,57,24,33,41,47,4,29,31,87,9,81,69,52,98",0.9299068989583745,"12,37,51,18,38,48,10,65,3,89,25,50,75,63",0.876561450638012,"12,18,37,38,51",0.9081578635483744,"10,12,18,37,38,48,51"
15,0.9475366813789813,"0,2,3,4,5,9,10,12,13,14,15,16,18,23,24,26,27,28,30,31,32,34,37,40,41,42,43,45,55,65,66,68,69,74,76,78,86,88,92,94,95,98",0.9450607711373546,"15,78,55,66,68,23,24,0,37,47,14,75,40,81,92,9,76,86,88,26,34,20,46",0.9514626161411321,"15,78,55,66,68,23,24,0,37,47,14,75,40",0.867727013665222,"15,55,66,68,78",0.9553726456983048,"0,15,23,24,37,55,66,68,78"
16,0.9444706145358446,"0,4,15,21,23,31,40,41,44,48,52,55,59,65,68,71,77,79,80,83,84,89,99",0.9059673131122803,"48,71,21,83,52,15,31,80,40,66,41,44,11,0,69,68,63,45,72,35,34,59,75,92,79,26,22,77,84,39,2,42,89,17,43,98,18,65,93,24,55,99,33,96",0.9412610080719207,"48,71,21,83,52,15,31,80,40,66,41,44,11",0.7865558474186088,"21,48,71",0.9488911421781145,"15,21,31,40,48,52,71,80,83"
17,0.9488922951957971,"7,12,15,17,18,36,41,58,67,69,74,80,81,82,85,91,96",0.933856070431946,"69,17,18,7,80,36,41,67,96,74,81,85,99,78,32,26,4,56,71,77,58,12,97,68,90,62,35,57,61,19,53,88,98,42",0.9473201535458344,"69,17,18,7,80,36,41,67,96,74,81,85,99",0.8235637830968571,"7,17,18,69",0.9512557481429077,"7,17,18,36,41,67,69,80,96"
18,0.920857209683078,"2,16,18,27,29,33,40,42,44,50,53,56,59,62,67,71,74,75,76,80,83,92,97,99",0.9029140664037167,"59,2,44,97,40,18,83,33,80,71,92,21,6,82,12,31,30,14,99,89,74,49,66,23,11,93,13,65,98,8,3,81,63,53,50,26,52,58,75,45,88,47",0.9327298242629782,"59,2,44,97,40,18,83,33,80,71,92",0.7904444987827048,"2,44,59",0.8980953849097926,"2,18,40,44,59,83,97"
19,0.9107954293639642,"1,6,11,12,13,14,15,17,20,21,23,25,26,28,29,31,34,38,39,41,44,45,46,50,54,55,62,64,65,67,69,71,73,76,78,79,83,88,90,92,93,94,95,97,99",0.8705051632127931,"11,67,25,34,6,62,83,39,54,99,1,94,45,79,60,44,46,73,13,98,64,92,50,90,78,23,76,26,41,69,15,57,12,97,42,51,91,36",0.9267504216862759,"11,67,25,34,6,62,83,39,54,99,1,94,45,79",0.7861587834579057,"11,54,67",0.9329968533209586,"6,11,25,34,39,54,62,67,83"
20,0.9301558173974631,"0,3,4,6,8,10,11,14,15,18,21,22,23,25,29,31,33,34,37,38,39,42,44,45,46,47,50,51,52,54,56,57,64,69,70,71,80,81,82,89,90,91,93,94,96,98",0.8906233232459811,"0,8,18,98,34,93,23,29,44,69,3,14,64,31,51,82,50,86,6,11,94,39,96,15,81,25,91,57,37,80,70,56,20,97,5,19,4,78,10,45,65,55,99,30",0.9392961389049858,"0,8,18,98,34,93,23,29,44,69,3",0.8821899212328033,"0,8,18,34,98",0.9054149764986157,"0,8,18,23,34,93,98"
21,0.9402402098485491,"4,9,12,17,22,31,35,37,45,51,57,59,62,63,66,68,77,78,88,89,93,97",0.8890294504604797,"9,17,37,78,66,51,12,68,62,59,57,89,27,31,25,79,85,6,70,0,91,23,94,56,30,98,10,16,19,7,49,90,5,87,96,24,93,53",0.9099992614819049,"9,17,37,78,66,51,12,68,62,59,57,89,27,31,25,79,85,6,70,0,91,23,94,56,30,98",0.8895477807531244,"9,17,37,66,78",0.9024663769122832,"9,17,37,51,66,78"
22,0.9411192701037064,"3,5,8,20,24,28,33,41,45,46,47,49,57,62,65,72,82,84,87,95,98",0.9020689973675703,"49,82,3,84,87,28,65,95,57,46,62,78,63,60,15,38,56,76,29,69,44,45,7,20,41,59,83,92,71,14,33,97,70,8,88,52,39,81,19,9,23",0.9212349328037686,"49,82,3,84,87,28,65,95,57,46,62,78,63,60,15,38,56,76,29,69,44",0.8623131513724042,"3,28,49,82,84",0.9437311740225887,"3,28,49,57,65,82,84,87,95"
23,0.9541278220824441,"0,1,3,12,16,17,21,22,29,33,36,37,40,56,74,76,77,83,91,92,94,98",0.9351538807143659,"94,74,56,40,83,29,17,36,37,22,77,69,92,55,24,65,23,91,58,82,28,10,20,15,4,34,25,96,85,75,1,73",0.9501516342805796,"94,74,56,40,83,29,17,36,37,22,77,69,92,55,24,65,23,91",0.8653824553521285,"40,56,74,83,94",0.9497528922834999,"17,29,36,40,56,74,83,94"
24,0.9145106583149711,"3,7,16,27,28,32,33,35,36,40,41,44,45,51,52,55,63,65,66,68,69,84",0.8381969030504596,"16,69,52,3,40,45,41,33,28,55,65,63,27,51,61,39,18,42,7,84,92,12,29,32,88,47,74,94,43,87,89,77,25,35,90,96,15,78,86,34,14,53,1,76,56,38,72",0.9148050033148198,"16,69,52,3,40,45,41,33,28,55,65,63,27,51",0.8512017253568589,"3,16,40,52,69",0.8715748007669475,"3,16,40,45,52,69"
25,0.9316473000683527,"6,16,17,19,24,25,27,28,29,30,34,36,38,40,49,53,58,60,69",0.8562157598881872,"69,25,49,19,28,27,53,17,34,94,30,80,40,38,7,11,47,2,97,62,90,73,0,46,14,61,42,23,66,35,51,92,93,68,79,88,95,43,57,15,70,9,78,81",0.9310734434457922,"69,25,49,19,28,27,53,17,34,94,30,80",0.851488456555228,"19,25,49,69",0.9194024749798513,"17,19,25,27,28,49,53,69"
26,0.926587055972315,"2,4,5,6,7,17,19,21,22,25,26,29,30,34,40,53,55,56,57,58,60,63,71,73,74,77,78,86,95",0.9002638101447242,"19,30,58,63,29,25,2,53,40,75,71,0,69,48,8,52,4,55,64,59,56,1,22,35,3,33,77,7,62,80,74,5,86,91,45,26,43,57,20,41,98,17,23",0.9420800563381831,"19,30,58,63,29,25,2,53,40,75,71,0,69,48,8",0.7864183165116542,"19,30,58",0.8900415108976422,"19,25,29,30,58,63"
27,0.9444989975300673,"2,3,4,11,13,22,25,29,42,47,48,63,68,77,78,82,85,87,88,92,93,99",0.905458742823382,"99,29,63,13,22,42,87,11,77,28,79,68,76,39,62,49,16,53,27,78,81,85,10,92,47,56,26,91,57,31,1,34,82,37,46,71,21,5,83",0.9403523551889101,"99,29,63,13,22,42,87,11,77,28,79,68,76,39,62",0.7694537974873973,"29,63,99",0.9505028761176925,"11,13,22,29,42,63,77,87,99"
28,0.9518212284364356,"0,3,8,15,17,19,23,26,29,30,35,42,44,45,48,60,66,68,75,79,83,85,88,91,92",0.9235811998681464,"75,45,48,88,91,8,17,15,85,68,66,60,92,84,29,35,12,76,30,19,54,0,34,65,98,40,72,55,42,41,14,79,11,83",0.9424596198219976,"75,45,48,88,91,8,17,15,85,68,66,60,92,84,29,35,12",0.842000879024283,"45,48,75,88",0.9570679046258653,"8,15,17,45,48,75,85,88,91"
29,0.948156029726721,"0,2,9,20,28,29,36,44,47,48,53,59,61,64,65,67,70,71,77,79,80,88,89,92,96,97",0.9205327177192373,"0,64,47,53,44,77,96,2,9,71,89,88,13,29,20,28,32,25,7,99,69,26,58,40,10,67,93,54,52,30,78,4,22,79,90",0.9228850346146167,"0,64,47,53,44,77,96,2,9,71,89,88,13,29,20,28,32,25,7,99,69,26,58,40,10,67,93,54",0.8742194274023036,"0,47,53,64",0.9529563973446171,"0,2,9,44,47,53,64,77,96"
30,0.942027153373102,"0,6,8,9,10,12,19,25,27,28,30,31,32,33,35,37,42,43,45,46,47,48,50,52,54,59,61,64,70,71,72,73,74,76,79,80,81,82,88,90,94,95,97,98",0.920220176720789,"0,73,70,98,71,94,95,31,47,59,48,37,81,72,12,45,54,32,19,53,15,20,46,9,44,24,27,36,83",0.920220176720789,"0,73,70,98,71,94,95,31,47,59,48,37,81,72,12,45,54,32,19,53,15,20,46,9,44,24,27,36,83",0.8846942941044786,"0,70,71,73,98",0.9196196947550007,"0,70,71,73,94,98"
31,0.9310208269101966,"1,6,7,15,18,22,28,31,37,44,45,49,54,59,65,75,81,84,85,93,95,97",0.890887296541606,"7,81,1,45,31,22,49,84,59,65,6,18,73,85,62,28,34,17,55,47,60,82,15,8,71,90,0,86,44,57,97,16,19,52,20,64,13,76,70",0.9321371237813759,"7,81,1,45,31,22,49,84,59,65,6,18,73,85,62",0.8856167805998235,"1,7,31,45,81",0.8881311064096703,"1,7,22,31,45,65,81"
32,0.9271996494844839,"2,5,8,10,43,53,61,74,79,81,87,92",0.8612399233120677,"79,74,87,10,5,92,53,2,61,6,81,14,33,42,90,34,57,55,76,88,12,80,4,44,41,89,26,78,31,43,50,63,0,37,49,84,21,82,30,97,73,8,60,62,23",0.9246720881759264,"79,74,87,10,5,92,53,2,61,6,81,14",0.8145078979959326,"5,74,79,87,92",0.9324320559609165,"2,5,10,53,61,74,79,87,92"
33,0.9508337784107768,"6,10,18,27,30,33,38,47,51,58,60,61,63,68,74,79,87,88,92,94",0.9126582722363388,"94,68,30,60,38,6,92,87,58,45,34,10,47,64,79,21,27,43,63,41,37,29,93,16,7,57,20,74,1,66,26,31,76,86,46,65,39,69,73,78",0.9553870555294803,"94,68,30,60,38,6,92,87,58,45",0.8546835634248844,"30,60,68,94",0.9565442568825158,"6,30,38,58,60,68,87,92,94"
34,0.9410147564180311,"0,3,4,6,11,19,21,25,28,31,32,33,49,54,55,59,63,64,66,67,68,69,78,79,83,86,87,90",0.9115474024661411,"55,69,68,0,11,4,3,25,49,33,78,86,64,76,21,82,15,94,56,17,84,14,19,96,44,23,81,40,67,39,48,75,97,80,31,20,70",0.9437512633919547,"55,69,68,0,11,4,3,25,49,33,78,86,64,76",0.8180361835455832,"55,68,69",0.9045229431978977,"0,4,11,55,68,69"
35,0.9417757339936328,"0,1,2,4,5,10,13,17,18,21,22,27,32,42,46,53,58,63,67,68,70,71,75,87,92",0.9030185119679283,"92,32,5,21,17,2,63,13,42,27,75,40,71,38,0,80,26,54,58,22,96,68,52,91,94,19,28,74,39,20,59,14,90,86",0.9358959242227725,"92,32,5,21,17,2,63,13,42,27,75,40,71,38,0,80",0.827989361841502,"5,21,32,92",0.9307550210273946,"2,5,13,17,21,32,63,92"
36,0.9490337956183421,"7,8,9,15,23,24,26,28,32,38,42,45,55,73,78,82,87,89,93,96",0.9229594593536363,"15,89,9,26,78,45,32,38,7,13,19,2,59,54,68,42,63,58,4,96,21,76,90,85,83,31,39,47,60,48",0.9519364547360069,"15,89,9,26,78,45,32,38,7,13,19",0.8850891549659746,"9,15,26,32,45,89",0.9543353249960193,"7,9,15,26,32,38,45,78,89"
37,0.935362388210795,"0,2,3,4,21,22,29,38,39,42,45,48,50,57,59,61,62,63,68,72,79,85,87,88,90",0.9049815828058506,"39,59,2,4,63,85,90,50,62,72,38,88,45,22,74,49,0,91,5,25,47,68,41,54,26,61,52,65,12,44,58,13,79,11,76,27,8,3",0.9330351370904959,"39,59,2,4,63,85,90,50,62,72,38,88,45,22",0.845014978584338,"2,4,39,59",0.8897939309912274,"2,4,39,59,63"
38,0.9041126495575742,"5,11,19,22,30,38,40,43,46,49,50,62,68,69,83",0.8425155069524062,"5,38,43,83,19,46,30,49,11,71,16,40,95,69,88,1,78,85,96,25,62,90,63,33,91,54,14,76,18,77,23,92,87,66,41,68,51,75,81,9,74,65,73,84,64,8,72,0,36,58,99,13,60,59,39,86,31",0.8907810800482112,"5,38,43,83,19,46,30,49,11,71,16,40,95,69,88,1,78,85,96,25,62,90",0.8137078519563747,"5,38,43",0.8217038539553753,"5,38,43,83"
39,0.9046614644123565,"1,5,12,13,16,21,25,29,31,32,35,41,46,47,49,50,56,58,63,65,66,73,77,81,82,83,92,94,96,99",0.8230719422861018,"49,58,13,96,50,41,63,35,99,5,12,38,46,11,55,64,29,45,66,21,92,79,85,51,47,77,61,60,26,8,39,7,90,9,89,82,75,37,83,31,57,43,32,16,74,33",0.9196040506441681,"49,58,13,96,50,41,63,35,99,5,12",0.8620541123375685,"13,49,58,96",0.8927563055101655,"13,41,49,50,58,96"
40,0.9198680539344827,"0,2,6,9,14,15,19,22,28,29,33,34,37,42,43,45,46,49,56,66,68,76,77,80,82,89,94,97,99",0.8507033603450384,"82,76,2,77,33,34,29,37,99,59,28,49,89,15,94,6,78,43,14,61,9,80,24,22,86,4,39,54,96,35,7,51,25,36,57,68,91,53,85,83,92,8,41,0,64,10,66,20,26,74,11,62,32,27",0.9152049221329243,"82,76,2,77,33,34,29,37,99,59,28,49,89,15,94,6",0.8318382410155511,"2,76,82",0.83200497993575,"2,76,82"
41,0.94509526208991,"0,2,5,6,12,15,19,23,30,32,33,38,48,51,56,61,69,70,86,87,89",0.9191872420978088,"0,89,12,6,86,5,30,2,87,64,16,95,91,51,61,35,79,38,14,82,62,50,32,68,48,26,13,96,23,24,60,29,8,20,39",0.9507605986735486,"0,89,12,6,86,5,30,2,87,64,16,95",0.8793201596099633,"0,6,12,86,89",0.9540018248920726,"0,2,5,6,12,30,86,87,89"
42,0.9334454651313235,"3,5,9,10,11,14,19,21,22,23,28,30,32,33,35,39,41,43,46,47,48,50,52,53,59,63,66,67,68,70,72,74,76,77,81,82,87,92,93,94,98",0.8986298356837883,"3,30,23,74,28,32,92,66,11,70,46,21,68,20,67,14,93,48,76,63,98,34,5,19,90,87,29,88,77,86,10,96,49,81,91,7,75,80,71,99,64,0,31",0.9246629576918101,"3,30,23,74,28,32,92,66,11,70,46,21,68,20,67,14,93,48,76,63",0.8172829602794669,"3,23,30,74",0.9473334195885625,"3,11,23,28,30,32,66,74,92"
43,0.9420840484735008,"6,11,14,15,17,18,26,27,42,58,64,65,67,71,72,75,82,87,90,91",0.9232693607947158,"64,11,18,6,15,26,17,82,72,32,42,67,71,49,40,56,14,58,86,41,27,33,54,52,7,2,3,39",0.9354969574036511,"64,11,18,6,15,26,17,82,72,32,42,67,71,49,40,56",0.8500624122327977,"6,11,18,64",0.9174260154990378,"6,11,15,17,18,26,64"
44,0.9380358387311123,"2,5,21,26,27,30,31,32,41,51,52,60,66,67,70,72,73,77,80,86,97,98",0.9057747681070948,"5,27,41,72,32,51,31,97,52,67,98,2,80,12,92,70,83,79,34,82,11,85,10,35,56,3,74,75,76,53,0,61,46,7,59,89,13,15",0.9472602332704868,"5,27,41,72,32,51,31,97,52,67,98",0.7746222455120552,"5,27,32,41",0.9345810801320318,"5,27,31,32,41,51,72,97"
45,0.9451439399383096,"2,9,11,16,27,28,38,39,42,48,54,57,64,65,74,75,76,78,79,84,93,94",0.9431585614788675,"39,84,54,48,64,76,28,65,11,9,10,80,19,57,12,93",0.9448245761110534,"39,84,54,48,64,76,28,65,11,9,10,80",0.8613960989708501,"39,54,64,84",0.921894253314065,"28,39,48,54,64,76,84"
46,0.9387598905064757,"2,15,21,39,41,51,52,62,63,69,92",0.8985360007626415,"63,52,92,15,51,41,21,69,62,35,50,78,71,97,53,93,11,96,12,86,91,29,14,88,39,47,79,0,4,32,77,22,34,55,6,37,16",0.939710468615942,"63,52,92,15,51,41,21,69,62,35,50,78,71,97",0.8582957687017391,"15,51,52,63,92",0.9472006972721949,"15,21,41,51,52,62,63,69,92"
47,0.917930416862231,"2,4,6,9,11,12,14,28,35,38,40,43,45,48,50,51,53,54,55,60,64,69,72,75,81,91,93,94",0.8769333894400656,"91,54,2,48,38,81,28,93,72,40,43,55,87,51,4,11,6,50,69,7,22,8,37,53,83,90,64,21,78,99,44,18,95,89,33,31,27,30,52,96,98,24,36,67,92,46",0.9254400871812302,"91,54,2,48,38,81,28,93,72,40,43,55,87,51",0.8671969831841649,"2,48,54,91,94",0.8862193233743884,"2,38,48,54,81,91"
48,0.9271685474867849,"0,11,15,22,24,29,30,35,42,53,55,57,61,63,68,70,72,77,78,79,81,91,92,95,97",0.8805062746311216,"55,97,91,61,0,81,11,92,53,79,45,24,68,72,51,8,83,41,15,30,82,67,44,6,46,25,63,52,48,98,14,78,32,50,22,74,40,38,33,57,58,1,94,80",0.9154343820194494,"55,97,91,61,0,81,11,92,53,79,45,24,68,72,51,8,83",0.8430548643522939,"0,55,91,97",0.9077837706968674,"0,11,55,61,81,91,92,97"
49,0.8969385537702446,"15,17,19,31,38,46,47,48,51,55,71,94,97",0.851203487108691,"17,48,51,47,46,38,55,94,19,96,34,27,29,83,71,52,39,18,20,59,49,26,28,82,21,60,74,1,77,75,97,41,25,31,13,30,24,92,87,80,73,95,62,32,14,54,7,90,15",0.9221689611535069,"17,48,51,47,46,38,55,94,19,96",0.8228860681826897,"17,47,48,51",0.8679398192532372,"17,46,47,48,51,55"
50,0.8855807031337751,"1,14,15,16,31,34,36,41,50,61,66,68,86,89,90,98",0.8631809502414917,"86,16,31,36,34,66,68,90,1,15,24,83,23,47,43,73,2,75,51,56,45,21,20,81,91,95,93,71",0.9027462653038302,"86,16,31,36,34,66,68,90,1,15",0.7106115915983376,86,0.8018280354936538,"16,31,36,66,86"
51,0.9420065337967459,"13,14,17,19,25,26,27,29,40,43,44,46,50,51,63,65,68,73,80,81,87,94,98",0.8953241346465141,"46,44,73,51,17,98,50,68,29,26,19,80,87,65,69,40,5,59,12,72,94,92,4,99,97,58,30,79,23,66,38,0,42,36,43,85,33,45,22,57,18,14,39,60",0.943138309400159,"46,44,73,51,17,98,50,68,29,26,19,80",0.7811659696748352,"44,46,51",0.933896813101841,"17,29,44,46,50,51,73,98"
52,0.932564777126973,"2,4,6,7,13,21,23,25,26,33,42,43,56,57,64,66,68,74,77,78,85,87,92,98,99",0.9069244515040207,"74,92,87,6,68,99,42,57,21,66,7,38,98,4,40,45,16,41,84,77,72,30,9,25,18,59,29,10,54,8,70,5,96,88,13",0.9270971905092822,"74,92,87,6,68,99,42,57,21,66,7,38,98,4,40",0.833177802045071,"74,87,92",0.908152983222476,"6,42,57,68,74,87,92"
53,0.8993257949779689,"2,3,25,43,44,47,50,69,79,85,96",0.8984073897117375,"25,47,79,50,3,44,43,96,97,20,80,27,60,48,94,18,57,67,82,93,61,81,73,51,84,16,4,68,77,1,26",0.9318123905080427,"25,47,79,50,3,44,43,96,97,20",0.8397011201359027,"3,25,47,50,79",0.8874688113818548,"3,25,44,47,50,79"
54,0.926093156493318,"8,12,18,22,26,36,49,53,55,57,62,83,89,92,96",0.8711696932221142,"36,92,8,57,49,83,55,89,96,73,26,38,28,41,11,72,50,44,95,56,42,34,37,4,91,65,1,85,12,15,60,80,31,23,69,46,7,39,9,13,53,3,10,67,59,17",0.9215425968224322,"36,92,8,57,49,83,55,89,96,73,26,38,28,41",0.6917633103239403,"36,92",0.9343336319927312,"8,36,49,55,57,83,89,92,96"
55,0.9358696712515853,"19,22,23,26,28,29,34,36,44,46,47,56,68,69,71,72,75,76,80,81,82,84,89,92",0.8862327020360383,"68,89,36,72,19,29,26,69,22,44,75,81,78,46,54,52,21,28,8,49,88,7,47,9,20,0,55,83,77,84,43,80,38,58,56,73,71,95,27,50,57",0.9403709742603509,"68,89,36,72,19,29,26,69,22,44,75,81,78",0.8780355923463913,"36,68,72,89",0.9338433881015092,"19,26,29,36,68,69,72,89"
56,0.929322085212724,"0,23,30,39,44,59,62,63,78,81,87,92",0.8868196349492243,"30,44,0,92,63,78,39,62,59,81,23,11,29,14,69,64,13,35,53,43,37,66,20,57,76,61,24,67,18,72,50,71,70,19,77,47,48",0.9149489164960463,"30,44,0,92,63,78,39,62,59,81,23,11,29,14,69,64,13,35,53",0.8698153194066001,"0,30,44,63,92",0.9169219559003885,"0,30,39,44,62,63,78,92"
57,0.9375537263105228,"0,1,6,9,10,11,13,14,15,16,19,21,25,27,28,29,33,34,36,40,41,43,48,49,50,53,54,55,56,57,60,61,63,65,66,67,72,74,77,79,80,89,91,94,96,98",0.9126473398323872,"36,11,15,89,53,33,54,96,79,34,16,77,6,49,27,41,46,61,0,99,97,68,28,71,21,60,30,64,13,74,20,5,87",0.9324572119005607,"36,11,15,89,53,33,54,96,79,34,16,77,6,49,27,41,46",0.8106465254546277,"11,15,33,36",0.921574889486809,"11,15,33,36,53,54,89"
58,0.9385129422033113,"8,9,17,18,19,30,35,38,44,49,50,51,58,63,65,72,79,82,84,89,92,99",0.8959591413686824,"50,63,99,49,58,30,82,19,38,44,51,35,43,78,26,11,45,4,12,54,79,37,71,98,22,64,14,70,87,42,53,69,3,94,10,21,20,84,92,89,28,48,74,31,96,88,41,33",0.9372146305539645,"50,63,99,49,58,30,82,19,38,44,51,35,43,78,26,11,45",0.8812344870850721,"49,50,63,99",0.891151842456973,"49,50,58,63,99"
59,0.9424506821422933,"0,13,14,17,19,21,39,61,72,75,90,99",0.9328024957926309,"13,17,14,90,19,21,39,0,61,99,27,51,1,36,69,55,92,24,72,71,83,26,30,88,78,57,80,93,47,82,98",0.9435476750439467,"13,17,14,90,19,21,39,0,61,99,27,51,1,36,69,55,92,24,72",0.8425387091336699,"13,14,17,21,90",0.9551945289485725,"0,13,14,17,19,21,39,61,90"
60,0.9461131161850738,"0,3,5,9,10,16,20,22,36,42,47,51,55,58,62,64,80,87,91,94",0.904051583341462,"91,16,9,62,55,22,0,51,64,94,42,47,5,13,52,10,18,4,59,88,84,95,77,98,69,36,32,70,1,24,53,73,17,26,34,31,86",0.9338275569695287,"91,16,9,62,55,22,0,51,64,94,42,47,5,13,52,10,18,4,59",0.8890447927687278,"9,16,62,91",0.9458429939547646,"0,9,16,22,51,55,62,64,91"
61,0.9174794816137277,"11,27,31,46,53,55,58,68,69,81,82,85,89,90,95",0.8420938387042912,"11,85,69,53,27,31,89,81,95,91,98,40,55,1,77,66,87,72,56,26,67,65,39,12,9,5,52,4,79,7,30,22,76,58,71,73,33,57,93,21,18,80,90,82,94,8,37,59,74,54,19",0.9193341639158971,"11,85,69,53,27,31,89,81,95,91,98,40,55,1,77,66",0.8816753792208794,"11,27,31,53,69,85",0.9176644360815341,"11,27,31,53,69,81,85,89"
62,0.9483687482224841,"1,6,7,8,11,31,32,36,39,43,50,53,54,55,57,62,63,65,66,75,77,79,80,81,82,83,86,97,99",0.9187204593778355,"66,77,39,99,7,36,65,53,83,86,79,1,50,55,8,30,11,43,21,97,15,73,95,41,12,81,16,68,31,45,92,96,23,29,64,69,5,40,6,52",0.9423908774495863,"66,77,39,99,7,36,65,53,83,86,79,1,50,55,8,30,11,43,21,97",0.8180392475521067,"39,66,77,99",0.9445983829683501,"7,36,39,53,65,66,77,99"
63,0.9515008284418871,"9,11,12,30,43,45,59,80,92",0.9368997007333958,"11,80,92,9,12,30,59,45,43,18,19,6,70,72,65,3,76,10,52,63,60,89,68,4,78,87,69,79,77",0.9536945939350348,"11,80,92,9,12,30,59,45,43,18,19,6",0.8322976739406861,"9,11,45,80,92",0.9572678115005716,"9,11,12,30,43,45,59,80,92"
64,0.9170489954438235,"1,4,6,11,15,17,18,22,26,27,33,36,38,39,43,47,49,55,77,80,81,86,89,90,92,96",0.8638124157795668,"90,49,81,11,22,39,6,27,86,92,1,74,15,10,66,95,55,36,64,26,77,88,2,52,78,0,57,34,83,31,85,80,35,14,93,45,3,71,38,87,40,42,28,29,7,20,76,70",0.9068935665516812,"90,49,81,11,22,39,6,27,86,92,1,74,15,10,66,95,55,36",0.8245514641449293,"49,81,90",0.8517852746281064,"11,22,49,81,90"
65,0.9429399235653304,"4,5,8,10,12,17,31,39,40,42,46,47,65,68,69,73,83,88,90,91,94",0.9089381456614841,"40,68,94,17,10,4,73,69,42,19,31,91,88,7,43,18,22,74,46,3,2,90,77,30,25,5,66,96,49,58,72,93,60,11,59",0.9389231778385045,"40,68,94,17,10,4,73,69,42,19,31",0.8968005328646286,"10,17,40,68,94",0.9434515141307899,"4,10,17,40,42,68,69,73,94"
66,0.914483970136144,"2,3,13,14,16,17,19,20,21,22,23,24,28,29,32,34,40,42,46,49,52,54,57,58,60,61,64,65,66,67,69,70,71,72,75,76,77,79,80,81,82,84,86,87,89,90,93,98,99",0.8390752242926156,"64,57,29,82,87,75,21,22,42,84,43,56,46,52,32,23,76,20,54,93,16,67,86,66,4,95,2,71,99,36,92,60,91,94,30,5,33,61,15,17,13,55,40,38,34,63,62",0.9266378066378066,"64,57,29,82,87,75,21,22,42,84",0.7927498588368154,"29,57,64,82",0.8696731288035636,"29,57,64,75,82,87"
67,0.9376391504821204,"3,5,6,7,15,17,27,41,50,52,56,58,60,64,70,73,76,88,94,97,98,99",0.8993026065849156,"98,99,60,17,15,56,41,64,52,58,73,97,50,78,24,3,92,7,57,26,76,22,30,45,77,95,47,31,28,42,74,66,79,85,87,2,4,20",0.9038384769335052,"98,99,60,17,15,56,41,64,52,58,73,97,50,78,24,3,92,7,57,26,76,22,30,45,77",0.8973735890710441,"15,17,60,98,99",0.9293872422283367,"15,17,41,52,56,60,98,99"
68,0.9464160798395747,"2,4,9,13,28,31,46,56,58,59,60,67,71,76,78,82,84,85,88,89,90,91,92,93,98",0.8912167658961484,"2,46,90,28,82,13,93,84,9,4,65,76,60,31,68,51,12,98,23,78,81,47,72,67,80,29,88,3,34,41,53,14,92,97,0,17,59,15,35,56,7,39,89",0.9413406084347651,"2,46,90,28,82,13,93,84,9,4,65,76,60,31",0.8887956183577133,"2,28,46,82,90",0.9320653722789618,"2,13,28,46,82,90,93"
69,0.9344826670913627,"4,8,10,16,19,23,27,31,40,45,52,56,59,61,65,66,67,78,82,83,88,90,92,98",0.9122803524977438,"40,88,59,52,56,66,4,61,90,46,67,10,19,12,8,86,74,1,20,27,6,68,69,29,49,16,98,78,33,96,91,0,2,97,70",0.9251420077507034,"40,88,59,52,56,66,4,61,90,46,67,10,19,12,8,86,74,1,20,27",0.8899745182353878,"40,52,56,59,66,88",0.9422280617932792,"4,40,52,56,59,61,66,88,90"
70,0.9499177151351065,"14,20,22,34,37,40,42,44,48,50,61,64,65,68,84,89,93,94,97,98",0.9156221797526145,"65,34,44,50,68,97,48,14,84,52,94,9,61,60,42,16,15,89,55,5,77,83,7,92,81,30,93,70,2,19,78,26,58,99,67,33,71,79,28,74,21,90,85,88",0.9522190370016457,"65,34,44,50,68,97,48,14,84",0.8238493390667304,"14,34,44,50,65",0.9520836651271434,"14,34,44,48,50,65,68,84,97"
71,0.9362743500320503,"1,7,10,11,14,15,22,24,27,29,42,43,52,53,55,58,63,72,73,75,84,93,94,96",0.9140673380919787,"58,22,75,1,84,42,43,72,53,55,92,59,7,27,48,52,10,96,94,14,24,25,93,15,54,99,51,71,12,49,47,61,66,63,62",0.9386210792781635,"58,22,75,1,84,42,43,72,53,55,92,59,7,27,48",0.8475685277533327,"22,58,75,84",0.8827939115413448,"1,22,52,58,75,84"
72,0.9277885235332044,"3,11,15,18,28,32,39,46,51,56,57,59,61,66,67,70,74,75,76,78,81,84,87,93,96",0.899637330754352,"18,75,61,70,15,74,96,46,67,86,13,66,59,78,29,17,81,3,94,57,93,80,30,14,58,85,91,39,35,79,19,95,25,64,6,60,1,28",0.9338894261766603,"18,75,61,70,15,74,96,46,67,86,13,66",0.8591285192349022,"18,61,70,75",0.8592520954223082,"18,61,70,75"
73,0.930839314167427,"1,3,10,12,14,15,16,22,23,24,25,28,31,32,33,34,37,39,40,42,44,47,49,51,54,56,57,59,60,61,65,66,68,69,70,71,72,73,76,77,83,91,96,99",0.9008021353960969,"60,59,83,34,66,47,10,12,16,37,99,73,72,91,1,51,50,77,39,5,70,15,2,23,42,61,89,95,22,69,55,13,81,24,75,18,33,28,79,65,44",0.9326996145936891,"60,59,83,34,66,47,10,12,16,37,99,73,72",0.8635089678464911,"34,47,59,60,83",0.9081915864304294,"34,47,59,60,66,83"
74,0.9243472927983178,"4,11,12,14,20,23,24,27,43,44,48,54,59,60,65,67,70,71,73,75,77,78,85,93,95,97",0.8746232696688278,"54,70,73,12,43,77,75,14,95,20,67,97,11,4,90,60,27,10,99,23,7,26,48,13,93,22,51,55,98,30,8,68,40,1,16,52,31,15,64,42,47,84",0.9214999123882951,"54,70,73,12,43,77,75,14,95,20,67,97,11,4,90,60",0.7910358623912155,"12,54,70",0.8669879095847205,"12,43,54,70,73"
75,0.9381696217254297,"5,7,10,11,13,16,17,18,20,21,27,29,30,34,35,39,41,46,52,57,59,62,65,67,72,75,76,82,83,86,88,89,90,92,95",0.914564314791523,"59,17,89,34,57,72,21,11,92,82,27,41,18,30,62,5,65,10,88,79,94,54,46,25,73,16,74,86,0,83,67,26,60,20,23,40",0.9230927361004044,"59,17,89,34,57,72,21,11,92,82,27,41,18,30,62,5,65,10,88,79,94,54,46,25,73,16,74",0.8696122584222555,"17,34,57,59,89",0.933203500087908,"11,17,21,34,57,59,72,89"
76,0.9408637873754153,"0,8,17,24,26,27,41,42,48,49,51,61,68,71,74,78,80,84,85,88",0.9271120556310275,"26,61,88,78,41,68,27,48,51,85,71,8,58,9,44,79,75,7,42,74,89,55,50,45,57",0.9407803946359637,"26,61,88,78,41,68,27,48,51,85,71,8",0.8494949359086446,"26,61,78,88",0.9476939217453293,"26,27,41,48,51,61,68,78,88"
77,0.9458357509134533,"2,4,12,14,16,20,28,39,44,53,58,62,63,65,75,79,80,82,86,91,92,96,98",0.9078340050285667,"14,79,12,28,92,39,91,86,80,2,4,77,65,59,63,96,1,71,97,67,87,83,89,60,8,10,45,75,5,99,85,30,84,23,68,27,98,43,70,94,76,38,33,48,54,82,95,31",0.9430653347760406,"14,79,12,28,92,39,91,86,80,2,4,77,65,59,63",0.8502642349731061,"12,14,28,58,79",0.9513138567851673,"12,14,28,39,79,80,86,91,92"
78,0.9522028798624543,"0,4,15,18,32,36,40,46,47,49,52,59,65,67,69,74,81,87",0.9238596067053514,"59,36,49,74,52,47,15,87,81,67,46,0,58,69,25,65,21,35,18,31,73,22,26,55,62,96,23,72,91,68,8,12,32,77,1,70,97,42,60",0.9534440146142273,"59,36,49,74,52,47,15,87,81,67,46",0.8514238125940253,"15,36,49,59,74",0.9312405974640017,"15,36,47,49,52,59,74"
79,0.9414041404140414,"6,8,10,11,16,18,22,23,25,26,29,33,35,42,46,50,65,70,73,75,82,83,84,85,94,98",0.8964350980552601,"82,33,22,42,6,94,23,50,65,93,83,70,10,73,84,36,29,72,3,46,17,51,92,16,69,57,20,55,67,13,25,53,78,68,18,1,61,7,76,77,66",0.9352808008073534,"82,33,22,42,6,94,23,50,65,93,83,70,10,73,84,36,29,72,3",0.8780214385074872,"6,22,33,42,82",0.9152715271527153,"6,22,33,42,82,94"
80,0.912456365489525,"8,10,12,20,42,47,62,71,81,90,92",0.8639765099785062,"47,90,10,62,12,81,8,92,42,20,71,79,87,66,89,40,17,7,3,96,14,29,70,15,39,38,9,46,68,56,97,60,26,54,33,35,78,4,52,84,21,45,30,74,11,94,65,43",0.9248905506529994,"47,90,10,62,12,81,8,92,42,20,71,79",0.8531926466938111,"10,47,62,90",0.8894944469969422,"8,10,12,20,47,62,81,90"
81,0.9227887045379629,"6,7,11,14,23,32,35,45,47,72,87,89",0.9055337325568619,"72,47,14,23,87,6,45,89,11,91,22,43,77,54,40,58,75,76,7,66,36,57,96,48,33,64,84,74,46,63,67,20,19,12,2,42,26,16,92,94",0.9252197560707615,"72,47,14,23,87,6,45,89,11,91,22,43,77,54,40",0.7909900010987804,"14,47,72,87",0.9103944621470168,"6,14,23,45,47,72,87,89"
82,0.9364986043803141,"1,3,5,14,18,20,21,22,25,26,27,28,31,32,33,34,35,38,39,42,44,46,47,49,51,58,61,66,80,83,87,88,94,95,96,97,98,99",0.9208374278043276,"61,51,44,3,47,97,33,58,1,39,89,24,15,38,31,46,62,18,20,77,96,35,80,81,48,63,12,83,30,42,98,6,68,16,40,56,14,72,99,88",0.9437720646492473,"61,51,44,3,47,97,33,58,1,39,89,24",0.778713790178309,"44,51,61,97",0.9499004728589067,"1,3,33,44,47,51,58,61,97"
83,0.9181990725438939,"3,5,20,39,41,43,44,51,56,57,60,61,66,68,72,78,79,83,86,90,94",0.8649567320693489,"41,68,43,51,86,44,79,61,72,57,3,94,83,62,65,55,97,58,76,32,5,27,78,99,66,98,38,77,90,20,95,35,28,92,33,69,46,42,2,15",0.9157427160642209,"41,68,43,51,86,44,79,61,72,57,3,94,83,62",0.8272087176867682,"41,43,68,86",0.9250974029225885,"41,43,44,51,61,68,72,79,86"
84,0.9369486170314181,"5,7,12,13,20,28,29,30,31,40,42,45,46,50,52,53,56,58,61,68,69,73,81,82,92,97",0.9062931539310082,"45,28,46,52,61,29,5,73,42,36,97,8,68,51,9,40,92,98,96,12,57,0,85,17,64,32,13,35,6,99,41,50,62,93,49,10",0.9191681760612292,"45,28,46,52,61,29,5,73,42,36,97,8,68,51,9,40,92,98,96,12",0.8591455691892849,"28,45,46,52,61",0.9168720805131487,"5,28,29,45,46,52,61"
85,0.930602300291183,"4,5,8,11,13,15,16,17,18,19,20,25,28,31,39,46,51,54,55,57,67,71,76,79,83,93",0.902126877967878,"93,15,19,67,16,71,4,5,11,20,39,46,17,1,54,25,55,37,18,76,62,84,7,97,66,53,51,73,38,13,98,50,72,56,68,23,43,85,79,78",0.9105895509083936,"93,15,19,67,16,71,4,5,11,20,39,46,17,1,54,25,55,37,18,76,62",0.7611678650726337,"15,67,93",0.9071077809050981,"4,15,16,19,67,71,93"
86,0.9137794291798399,"1,3,4,8,27,29,33,39,52,54,62,63,64,70,71,74,82,88,89,91,93,95,99",0.895866605825538,"91,71,8,3,27,89,93,29,54,52,63,65,33,60,66,25,4,1,50,62,88,90,82,23,64,56,95,44,48,36,87,70,94,14",0.9061905848353486,"91,71,8,3,27,89,93,29,54,52,63,65,33,60,66,25,4,1",0.8067289201786122,"8,71,91",0.8825739056745217,"3,8,27,71,89,91,93"
87,0.9502988853102178,"8,13,15,17,19,23,35,40,50,52,54,57,63,64,67,70,72,77,84,85,92,95,96",0.9149257094384137,"72,70,77,84,17,96,52,15,8,35,92,19,40,0,4,37,11,97,3,43,51,53,25,73,14,36,95,27,38,87,67,49,23,18,63,55,56,80,2",0.9410181982053627,"72,70,77,84,17,96,52,15,8,35,92,19,40,0,4",0.8516866144445769,"52,70,72,77,84",0.9535992153432211,"8,15,17,52,70,72,77,84,96"
88,0.925411828247367,"5,7,8,17,25,30,39,41,42,47,51,60,66,83,87,88,89,92,94,97",0.8951892288106169,"17,60,88,30,42,66,94,51,47,5,97,56,0,70,7,49,80,31,36,96,29,6,90,37,98,23,87,99,11,59,38,78,68,86,72,14",0.9279323071383563,"17,60,88,30,42,66,94,51,47,5,97,56,0",0.8094337924205599,"17,60,88",0.8776436094286486,"17,30,42,60,88"
89,0.9362782488490639,"2,3,8,16,21,22,35,38,41,42,44,45,54,56,62,63,67,73,75,82,85,92",0.90139470013947,"92,44,45,35,56,22,82,16,54,63,85,3,42,38,53,71,75,73,93,24,33,7,18,34,0,79,78,76,41,46,61,11,49,67,97,31,48,94,91,87,39",0.9308821169820171,"92,44,45,35,56,22,82,16,54,63,85,3,42,38",0.8882289776724553,"35,44,45,56,92",0.942871601189815,"16,22,35,44,45,54,56,82,92"
90,0.9126246222420571,"4,7,8,10,11,12,14,21,23,27,39,40,50,51,54,58,61,63,68,69,75,76,80,83,85,87,89,93,94,96,97",0.8382107841111635,"7,76,54,75,68,97,14,58,87,32,17,61,62,72,80,10,91,50,56,69,83,94,3,66,41,85,39,26,28,33,77,6,82,22,34,19,8,25,73,13,71,47,70,98,86,60,89,95,11,35,5,2,55,90,67,27",0.9192114535381836,"7,76,54,75,68,97,14,58,87,32",0.8262933302479084,"7,75,76,97",0.8573486833224517,"7,54,68,75,76,97"
91,0.9436866244928609,"0,1,2,5,15,20,22,25,36,37,42,51,53,66,68,73,83,85,94,96,98",0.8900433262923606,"66,85,15,1,20,96,2,0,25,42,94,62,65,36,70,80,83,10,11,76,61,37,18,44,95,16,90,98,30,67,3,46,89,19,27,5,87,56,40,23,60,84,48,7",0.9360423971000557,"66,85,15,1,20,96,2,0,25,42,94,62,65,36",0.8491629165833815,"2,15,20,66,85",0.9460906394679833,"0,1,2,15,20,25,66,85,96"
92,0.9228893867497878,"11,15,19,20,24,27,53,57,66,89,92",0.8687725254999096,"11,24,57,66,92,53,27,15,20,75,7,54,88,73,89,21,67,4,63,77,41,90,71,34,30,96,37,5,59,26,85,8,28,42,36,50,86,99,61,68,18,65",0.9395182500034789,"11,24,57,66,92,53,27,15,20,75,7",0.8375798394166678,"11,24,57",0.8993891154001363,"11,15,24,57,66,92"
93,0.9285142718359729,"2,6,8,9,11,14,16,21,25,30,35,37,50,51,56,57,58,63,67,73,89,90,92,98",0.893341514233488,"73,37,57,6,14,58,89,51,21,90,11,67,25,99,26,76,13,17,23,34,2,46,0,52,5,41,55,10,12,4,54,93,62,96,7,1,91,87,63,95,9",0.9326251741636947,"73,37,57,6,14,58,89,51,21,90,11,67,25,99",0.8705858291470133,"6,14,37,57,73",0.9405964387519015,"6,14,21,37,51,57,58,73,89"
94,0.9315475937073396,"1,4,10,16,26,38,45,67,69,77",0.8885289217731384,"10,67,1,26,4,38,45,16,69,77,52,71,35,89,98,30,84,74,88,68,61,23,65,82,37,18,27,73,80,21,19,94,66,85,13,86,79,99,42,20,40,32,57,24,75,0,91",0.9236406156431018,"10,67,1,26,4,38,45,16,69,77,52,71,35,89",0.8695178332723139,"1,4,10,26,67",0.8973001047263067,"1,4,10,26,38,45,67"
95,0.9412467199964533,"1,2,8,15,16,19,20,23,25,33,38,49,51,52,53,55,58,59,60,61,62,78,84,86,89,90,91,93",0.9126112845976299,"78,61,23,58,86,55,60,62,33,53,19,88,39,65,90,3,38,36,59,16,84,4,24,31,73,35,15,97,81,95,74,68,29,70,22,34,14,43,48",0.934732432065481,"78,61,23,58,86,55,60,62,33,53,19,88,39,65",0.7025594418382982,78,0.94098071759689,"23,33,55,58,60,61,62,78,86"
96,0.94184122748499,"1,4,7,12,19,20,24,36,39,51,64,67,74,75,91,92,94,98",0.8976410940627084,"67,19,1,24,92,12,7,94,36,74,59,10,40,99,45,20,61,88,4,6,44,51,47,26,73,62,3,2,91,70,35,49,42,89,65,81,64,33,96,68",0.942209472981988,"67,19,1,24,92,12,7,94,36,74,59",0.8422281521014009,"1,19,24,67",0.9091020680453635,"1,12,19,24,67,92"
97,0.9348228000877771,"0,3,7,27,49,81,84,89,91,94,95",0.9281736888303709,"3,89,27,7,84,94,49,95,0,2,47,87,72,35,75,28,30,69,40,83,60,73,62,9,14,5,29,82,77,16,46,31,54,93,48,52,1,4,11,8",0.9448348694316436,"3,89,27,7,84,94,49,95,0,2,47,87,72,35,75,28,30,69,40",0.652893899495282,"3,89",0.955184331797235,"0,3,7,27,49,84,89,94,95"
98,0.9448506885637152,"2,9,19,20,28,32,40,66,77,83,85,90",0.9372974910969661,"77,66,40,83,85,19,28,32,2,87,63,97,16,31,26,47,56,10,18,79,90,71,43,1,73,4,3,49,20,52,86",0.9441229274192038,"77,66,40,83,85,19,28,32,2,87,63,97,16,31,26,47,56,10,18,79",0.8649467958442698,"40,66,77,83",0.9550607493264196,"2,19,28,32,40,66,77,83,85"
99,0.9443523555306527,"0,1,3,10,31,35,36,37,48,50,58,59,60,64,74,79,80,82,84,86,91",0.922056462177397,"60,86,50,79,74,80,48,37,31,1,10,87,0,65,82,78,7,45,33,55,84,36,63,38,95,21,88,99,46,57,9,51,35",0.9275376980884417,"60,86,50,79,74,80,48,37,31,1,10,87,0,65,82,78,7,45,33,55,84",0.8720093800989372,"50,60,74,79,86",0.9440047523067624,"31,37,48,50,60,74,79,80,86"
100,0.9419639759839893,"12,14,16,27,31,37,40,41,44,51,54,59,63,65,68,70,72,80,83,84,86,92,99",0.9064082721814543,"37,16,84,40,70,31,59,54,51,28,19,99,83,49,94,48,75,5,1,41,71,50,63,42,86,6,79,14,76,69,3,45,27,78,2,17,47,65",0.9264523015343562,"37,16,84,40,70,31,59,54,51,28,19,99,83,49",0.8841681120747165,"16,37,40,70,84",0.9460653769179453,"16,31,37,40,51,54,59,70,84"
101,0.9077275866832435,"14,20,23,24,38,47,49,52,53,66,69,81,84,86,89,93,96",0.8575894460560851,"66,69,93,84,14,47,49,20,86,81,24,90,72,79,63,18,83,89,27,31,75,54,52,51,68,57,30,9,99,15,22,73,71,56,94,80,76,4,6,74,61,67,92,77,62,98,64,10",0.9265727310401989,"66,69,93,84,14,47,49,20,86,81,24",0.7948943224202238,"66,69,84,93",0.9041055394391491,"14,47,49,66,69,84,86,93"
102,0.9411904338021483,"3,10,12,17,18,22,23,29,32,35,45,46,49,51,54,56,58,65,67,75,78,80,85,87,91,93,95",0.9080780207271216,"51,3,58,54,46,67,12,95,35,17,56,88,91,85,98,32,42,9,5,21,61,0,75,27,11,99,71,23,84,48,29,31,89,70,20,36,43,41",0.9200047474927304,"51,3,58,54,46,67,12,95,35,17,56,88,91,85,98,32,42,9,5,21,61",0.8478401605515723,"3,46,51,58",0.9085972777445094,"3,12,46,51,54,58,67"
103,0.9354817812852946,"9,10,11,17,19,23,25,26,31,36,37,41,42,43,47,50,60,61,62,67,70,74,76,80,82,85,87,91,92,93",0.9041619841880089,"87,19,23,61,80,17,37,31,91,6,93,5,67,8,49,12,56,47,43,36,76,42,63,11,41,57,72,22,0,48,78,97,25,29,59,68,46,2,30,58,18",0.9489419710629861,"87,19,23,61,80,17,37,31,91,6,93,5",0.8513605240996263,"19,23,87",0.9030100240249882,"19,23,61,80,87"
104,0.9478022712090849,"0,1,5,7,10,14,18,19,21,44,48,52,56,63,67,76,78,83,94",0.9007641950567802,"63,19,52,7,78,18,76,83,21,10,49,94,5,50,88,0,69,57,14,92,58,54,60,43,27,36,75,74,26,32,30,53,29,84,42,82,35",0.9327134268537074,"63,19,52,7,78,18,76,83,21,10,49,94,5,50,88,0,69,57",0.8034896459585839,"7,19,52,63",0.9485798263193053,"7,18,19,21,52,63,76,78,83"
105,0.9285458727319192,"2,9,14,18,25,30,35,44,45,49,50,53,54,57,59,65,67,71,76,81,82,94",0.907474410534386,"25,9,59,67,82,30,49,54,45,76,44,60,1,28,41,18,96,14,53,89,2,58,73,98,36,87,8,95,83,5,65,23,40,32,31",0.9431880237265794,"25,9,59,67,82,30,49,54,45,76",0.8596634699449877,"9,25,30,59,67",0.9146058348016732,"9,25,30,49,59,67,82"
106,0.9313883321538353,"1,3,6,7,12,20,33,36,37,39,40,45,47,51,60,61,62,65,71,74,83,87,89,91,98",0.9223773277077583,"71,6,1,47,98,62,89,87,60,51,20,45,12,61,35,36,37,39,4,46",0.9240790461732944,"71,6,1,47,98,62,89,87,60,51,20,45,12,61,35,36,37,39",0.8779381654934714,"1,6,47,71,98",0.8972837331921537,"1,6,47,62,71,89,98"
107,0.9298653982390447,"7,15,16,24,30,53,68,70,81",0.9118852178765143,"68,70,7,30,24,81,53,16,15,9,31,28,79,41,83,85,34,60,61,89,58,73,36,20,2,84,75,88,18,39,37,71,80,44,14,23,1",0.9275677863877438,"68,70,7,30,24,81,53,16,15,9,31,28,79,41,83",0.8239919911815469,"7,16,30,68,70",0.928071072793267,"7,16,24,30,53,68,70,81"
108,0.9409878816976642,"7,8,10,12,13,32,37,45,50,51,56,57,58,75,76,79,81,82,83,87,96,98",0.9220863209316846,"79,8,57,12,96,75,37,98,56,87,67,83,76,22,89,62,88,6,85,51,71,40,18,2,60,21,53,50,27,91,93,66,38,58,63",0.9308451328710591,"79,8,57,12,96,75,37,98,56,87,67,83,76,22,89,62,88,6,85,51,71",0.8166565658950726,"8,12,57,79",0.9434697855750487,"8,12,37,56,57,75,79,96,98"
109,0.9245056216838774,"6,12,13,19,20,24,34,35,36,37,51,53,58,59,64,68,71,78,79,81,82,84,86,94,95",0.8757428953209475,"58,81,53,94,6,36,12,68,79,71,37,51,44,46,64,33,34,24,59,77,7,65,18,73,4,15,63,88,97,5,95,98,41,78,90,45,21,70,92",0.9261465607371087,"58,81,53,94,6,36,12,68,79,71,37,51,44,46",0.8555526358457126,"53,58,81,94",0.936506560960746,"6,12,36,53,58,68,79,81,94"
110,0.9285241889288132,"15,17,24,26,27,43,46,50,55,57,58,64,71,72,74,82,83,86,93,95,97",0.889038171119096,"86,27,57,72,50,95,43,15,74,64,93,58,71,16,19,26,59,42,66,89,61,94,91,28,73,62,14,38,3,5,97,41,7,63,31,17,90,60,20,48,81,13,99,88,92",0.9205150236942145,"86,27,57,72,50,95,43,15,74,64,93,58,71,16,19,26,59,42",0.8923709837004634,"27,50,57,72,86",0.9012211633598917,"27,50,57,72,86,95"
111,0.945187584771988,"7,14,21,23,24,30,40,43,45,48,49,51,53,55,57,62,68,73,75,83,86,91,92,93,94",0.9133383373497149,"57,68,91,14,92,21,43,24,94,85,73,79,10,86,66,81,31,88,38,99,2,83,7,48,15,63,5,41,28,69,27,82,23,70,93,50,95,44",0.9339285479134568,"57,68,91,14,92,21,43,24,94,85,73,79,10,86,66,81,31,88,38,99,2,83",0.8750681468020385,"14,21,57,68,91",0.937942295790042,"14,21,24,43,57,68,91,92"
112,0.9332302075058879,"1,5,11,12,13,17,26,36,44,49,56,58,69,78,79,81,82,90,91,92,97,98",0.8571372827738061,"12,44,98,92,97,91,56,69,26,90,78,82,17,49,5,58,11,13,53,16,94,93,4,38,96,87,61,81,55,86,67,66,59,50,19,29,84,89,70,88,46,36,52,3,22,0,75,30,23,8,41",0.9347074153044302,"12,44,98,92,97,91,56,69,26,90,78",0.8569867748094263,"12,44,92,98",0.9356857170728988,"12,26,44,56,69,91,92,97,98"
113,0.9310532462706376,"1,3,4,7,8,10,11,12,13,14,22,24,26,27,29,30,31,32,33,35,37,39,40,41,51,52,54,58,60,63,67,77,79,80,85,86,87,88,89,90,93,96",0.89593486223921,"37,54,12,60,1,7,90,51,39,41,10,88,96,85,3,77,67,30,4,11,19,2,22,8,62,75,58,5,17,24,47,74,79,91,35,87,76",0.8996642246642247,"37,54,12,60,1,7,90,51,39,41,10,88,96,85,3,77,67,30,4,11,19,2,22,8,62,75,58,5,17,24,47,74,79,91,35",0.7508387747518183,"12,37,54",0.9134522482348569,"1,7,12,37,54,60,90"
114,0.9193492698032488,"0,1,3,4,5,7,8,10,11,12,16,19,22,24,26,30,31,33,34,36,39,42,45,48,49,51,53,54,58,59,60,61,62,63,66,67,69,71,77,84,85,86,87,88,90,91,92,93,95,96,97",0.8961108323757425,"69,51,11,90,62,95,1,24,12,87,42,54,61,84,92,36,38,45,26,53,0,48,66,22,3,47,28,60,77,56,20,82,75,65,70,15,89,71,58,32,40,23,91,94,67,43",0.9194787468777142,"69,51,11,90,62,95,1,24,12,87,42,54,61,84,92,36,38,45,26,53,0",0.7962003873522477,"11,51,69",0.8847896806771651,"11,51,62,69,90,95"
115,0.9356125062307705,"1,5,9,14,22,31,33,37,48,50,53,73,93",0.8904329740971828,"1,22,53,33,37,50,31,48,9,73,24,6,47,46,39,71,77,45,17,29,92,20,21,10,8,36,79,34,19,93,75,62,89,99,82,59,44,69,54,11,90",0.9400814726963337,"1,22,53,33,37,50,31,48,9,73,24,6,47,46",0.8654268149446822,"1,22,33,53",0.9232626892865123,"1,22,31,33,37,50,53"
116,0.9406856632645207,"3,4,5,7,10,15,22,29,35,36,49,50,51,56,59,62,64,65,83,93",0.9137969077931208,"59,35,10,4,5,62,64,7,29,56,0,93,15,95,51,47,21,43,85,26,18,75,68,36,13,46,42,17,72,1,30,70",0.9137969077931208,"59,35,10,4,5,62,64,7,29,56,0,93,15,95,51,47,21,43,85,26,18,75,68,36,13,46,42,17,72,1,30,70",0.7682666502460527,"4,35,59",0.9443033297926384,"4,5,7,10,29,35,59,62,64"
117,0.9348481304685258,"4,13,46,56,59,60,68,75,85,87,88,90",0.8931757051275236,"60,75,85,46,68,13,90,4,88,41,8,6,69,94,15,12,89,99,14,34,65,80,0,35,29,7,82,25,54,18,78,93,92,36,16,77,31,44,61,97,66,81,47,56",0.9293516973028141,"60,75,85,46,68,13,90,4,88,41,8,6,69,94,15,12,89,99",0.8690025621671044,"46,60,68,75,85",0.8901643614250327,"13,46,60,68,75,85"
118,0.9539410058027079,"0,23,24,28,29,35,37,43,46,57,60,65,70,72,73,84,87,88,89,97,98",0.9318625080593166,"73,43,87,46,84,60,28,97,98,89,85,42,50,31,69,77,29,9,48,58,72,36,92,91,14,22",0.9318625080593166,"73,43,87,46,84,60,28,97,98,89,85,42,50,31,69,77,29,9,48,58,72,36,92,91,14,22",0.7718756716097142,"43,60,73",0.9486137975499678,"28,43,46,60,73,84,87,97"
119,0.9173070421011347,"7,10,18,19,21,23,24,26,28,30,32,33,34,36,38,42,44,49,50,51,53,54,55,58,60,61,67,68,70,72,74,77,81,85,86,87,90,91,92,94,97",0.8486239028414547,"60,97,55,33,86,19,74,23,61,85,24,49,58,53,28,21,6,98,36,32,96,8,17,25,10,38,47,51,68,9,35,40,89,43,45,4,88,83,7,91,94,92,0,42,30,69,59,16",0.9193573254351443,"60,97,55,33,86,19,74,23,61,85,24,49,58,53,28",0.8808374244329938,"33,55,60,74,97",0.9052974668992846,"19,33,55,60,74,86,97"
120,0.9198309836265388,"0,2,3,5,11,16,18,21,30,35,36,38,41,43,48,55,64,68,70,74,81,83,84,86,87,91,95,97",0.840260566909086,"41,5,43,18,97,87,30,55,86,1,15,83,21,89,3,70,64,50,20,35,48,22,76,95,84,11,69,0,42,45,73,79,36,53,39,59,27,52,58,29,78,60,17,44,98,61,6,14,25,71,51,93,75,67,19,99",0.9148471674860169,"41,5,43,18,97,87,30,55,86,1,15,83,21",0.8164736792210079,"5,41,43",0.8614715800593182,"5,18,41,43,55,97"
121,0.9385821148091001,"3,4,5,11,13,18,19,22,30,36,38,40,42,50,51,53,56,69,72,78,85,88,93,98",0.9364288778917466,"56,13,93,3,5,69,18,88,11,78,0,50,40,28,85,42,60,72,35",0.9381930398215584,"56,13,93,3,5,69,18,88,11,78,0,50,40,28,85",0.8146350823053492,"3,13,56,88,93",0.8150188274985409,"3,13,56,88,93"
122,0.9379231141199227,"5,8,10,11,12,13,16,20,21,22,24,29,31,35,36,41,42,45,47,51,52,59,64,66,69,74,76,80,81,82,83,87,88,89,90,92,94,97,99",0.9107920005526389,"36,42,76,87,97,31,66,8,47,13,80,81,22,69,45,35,41,92,65,99,59,17,52,29,89,4,57,19,63,12,49,6,14,78,50,11,71,86,27",0.9419786773510178,"36,42,76,87,97,31,66,8,47,13,80,81,22",0.8653230634613613,"36,42,76,87",0.9239747397992079,"31,36,42,66,76,87,97"
123,0.945053830550788,"0,10,13,22,23,25,30,31,36,39,43,50,55,58,59,61,62,67,71,76,83,91,93,95,99",0.8990794195662349,"13,67,61,99,76,31,43,23,22,59,96,50,93,25,95,60,90,91,83,62,92,73,79,42,15,52,98,81,38,69,64,24,66,16,78,53,44,40",0.9430592396109637,"13,67,61,99,76,31,43,23,22,59,96,50,93",0.8725750247048422,"13,61,67,76,99",0.948738752795548,"13,22,23,31,43,61,67,76,99"
124,0.9200965660726295,"2,12,17,18,27,30,31,32,35,39,40,46,58,61,62,77,78,82,86,88,89,91,95",0.8993490458977808,"2,89,30,12,95,27,62,46,32,79,88,77,7,17,60,59,67,29,76,86,15,97,82,51,81,18,35,78,52,91,8,14",0.9185781985541358,"2,89,30,12,95,27,62,46,32,79,88,77,7,17",0.8531623024546066,"2,12,27,30,89,95",0.8988105245460659,"2,12,27,30,62,89,95"
125,0.942268338000157,"1,4,9,12,13,15,18,20,21,22,23,25,27,28,40,44,52,54,57,58,59,61,72,73,76,77,80,81,83,90,93,95,96,98,99",0.9161018501557062,"18,28,61,12,73,93,54,27,80,40,59,72,5,25,57,0,41,36,63,95,92,99,60,96,42,7,8,82,56,68,79,14,69",0.9422447858058776,"18,28,61,12,73,93,54,27,80,40,59,72,5,25,57",0.904977363724387,"12,18,28,61,93",0.9495354983906,"12,18,27,28,54,61,73,80,93"
126,0.9433825758444212,"0,2,5,7,9,12,13,18,20,25,26,31,34,45,46,47,51,52,53,56,57,61,64,68,69,70,74,77,90,92,94,97",0.9141491337343044,"7,20,5,25,46,12,90,70,61,26,51,69,64,31,9,2,57,14,84,45,18,92,96,59,13,97,53,99,77,63,42",0.9335646432146979,"7,20,5,25,46,12,90,70,61,26,51,69,64,31,9,2,57,14,84,45",0.853997100984086,"5,7,12,20,25,46",0.9509867608209972,"5,7,12,20,25,46,61,70,90"
127,0.9333027493400297,"4,7,8,10,13,16,17,18,22,23,25,26,29,34,54,68,78,85,86,92,94,95,96,99",0.8933410061597236,"85,22,4,68,86,92,54,25,99,16,61,13,7,17,95,11,53,67,10,62,34,12,28,82,57,81,39,96,44,59,88,32,23,94,56,29,26,5,74,91,49,65",0.9389688365205073,"85,22,4,68,86,92,54,25,99,16,61",0.8793971197390166,"4,22,68,85,86",0.8951290966454188,"4,22,68,85,86,92"
128,0.9278460376158097,"2,11,22,25,27,63,69,76,77,84,91",0.9108619295664506,"11,69,63,2,76,22,25,27,91,95,29,52,41,38,82,94,61,50,72,85,65,35,56,96,9,83,5,57,51,46,93,17,42",0.9327766511590918,"11,69,63,2,76,22,25,27,91,95,29,52,41,38,82,94,61,50",0.8083475817461264,"11,27,63,69,76,84",0.932355163227166,"2,11,22,25,27,63,69,76"
129,0.9302579793005704,"4,10,11,14,17,20,23,24,26,28,30,31,39,40,41,42,48,51,52,53,54,62,66,74,76,79,96,99",0.9203489914185512,"39,51,99,17,66,79,42,10,48,41,31,74,40,26,14,82,73,8,16,62,49,78,53,57,35,6,23,58,88,56,84,27,77,13,43,19,71,50",0.9388421072372987,"39,51,99,17,66,79,42,10,48,41,31,74,40,26,14",0.8750505697299643,"17,39,51,66,99",0.9082859339793756,"17,39,51,66,79,99"
130,0.9207374663735094,"14,20,26,30,31,34,37,44,46,48,50,54,61,66,71,75,78,85,86,89,94,95",0.8631379434793404,"66,86,14,34,30,89,44,71,46,50,57,31,37,48,24,61,9,18,16,70,88,59,80,42,82,41,47,77,64,0,74,12,45,99,58,98,87,75,7,3,43,26,19,39",0.9193501736675463,"66,86,14,34,30,89,44,71,46,50,57,31,37,48",0.7880987179060582,"14,30,66,86",0.87973554412845,"14,30,34,66,86,89"
131,0.9180237222448501,"2,24,26,37,41,49,62,67,69,72,83,87,88",0.854271114896138,"37,72,49,69,88,24,67,87,62,10,13,91,75,31,36,94,57,77,2,32,30,45,48,44,23,90,61,8,93,20,96,97,66,18,68,1,71,19,64,92,50,3,78,65,35,60,42",0.9335258760074548,"37,72,49,69,88,24,67,87,62",0.8454808012737438,"37,49,69,72",0.9117833648066551,"24,37,49,67,69,72,87,88"
132,0.9446948218314514,"3,4,9,10,12,14,27,32,34,35,42,44,47,48,56,57,59,68,73,75,76,78,79,85,86,89,90,93",0.9408626821154067,"75,68,57,32,14,86,3,85,89,36,35,41,53,88,37,29,38,67,96,95,55,94,46,19,27,87,69,76,56,90,4,15",0.9447030160004807,"75,68,57,32,14,86,3,85,89,36,35,41,53,88,37,29,38,67,96",0.8442561606494152,"32,57,68,75",0.9390408452012214,"3,14,32,57,68,75,85,86"
133,0.9370191109321544,"7,8,17,21,29,37,38,43,45,54,56,64,71,76,86,91,93,95",0.8867875172222999,"17,71,38,7,21,86,45,64,43,97,93,85,28,13,4,5,69,95,84,41,26,27,67,77,53,56,66,78,49,47,51,29,60,24,25,52,46,91,92,54,19,72,0,42",0.9375998071650246,"17,71,38,7,21,86,45,64,43,97,93",0.8305024391980914,"7,17,21,38,71",0.9423850728198554,"7,17,21,38,43,45,64,71,86"
134,0.9615249678400187,"5,24,26,31,44,48,50,60,61,63,66,68,73,76,77",0.9354993036433804,"76,24,73,66,60,26,48,50,61,71,44,14,0,72,83,39,91,77,80,25,2,1,92,45,22,53,4,52,59,42,31,5,9,99,57,40",0.956214584152837,"76,24,73,66,60,26,48,50,61,71,44,14,0",0.8384186857464837,"24,48,50,66,73,76",0.9640313201007856,"24,26,48,50,60,61,66,73,76"
135,0.9270954373704953,"0,3,4,5,7,8,12,13,15,16,17,18,22,27,29,30,33,44,54,57,59,60,63,75,79,82,88",0.8886103549614702,"5,60,22,4,8,15,16,30,17,12,7,18,39,70,72,62,0,35,25,49,56,89,93,57,9,96,13,81,61,59,42,28,23,19,2,94,87,76,91,37,69,54,75",0.9209387992795135,"5,60,22,4,8,15,16,30,17,12,7,18,39,70,72",0.8933057056569021,"4,5,8,15,22,60",0.9098904373027804,"4,5,8,15,16,22,60"
136,0.9203198505046555,"1,7,13,18,30,31,36,37,54,60,63,64,68,69,70,73,80,82,83,84,85,87,92,95,98",0.8599160175135534,"73,84,85,92,7,54,95,36,80,68,16,5,60,45,98,52,8,25,2,39,42,64,91,28,13,0,6,23,35,37,55,3,32,86,62,31,11,90,43,71,17,14,70,38,1,89,53,83,34,33",0.9284899449170496,"73,84,85,92,7,54,95,36,80,68",0.8192176482730897,"73,84,85,92",0.8819437654139913,"7,54,73,84,85,92"
137,0.9220775241305347,"3,6,9,14,15,16,17,18,19,23,26,29,34,36,38,42,43,44,46,47,49,50,55,58,59,61,62,63,71,73,75,81,82,85,87,89,91,92,93,95,96,97,98",0.8713433941065318,"17,81,95,26,92,89,71,61,73,63,16,55,96,15,45,88,91,76,49,18,50,19,34,6,46,59,43,3,39,8,10,72,0,94,79,40,56,99,31,75,35,64,65",0.9264440018385169,"17,81,95,26,92,89,71,61,73,63,16",0.8205377662019304,"17,26,81,89,95",0.894770440733364,"17,26,71,81,89,92,95"
138,0.919199349899491,"0,1,3,13,15,18,23,25,29,30,31,34,36,48,52,54,63,68,70,75,76,80,82,86,90,92",0.8720328471836106,"29,30,3,82,23,52,63,48,15,36,31,70,13,25,39,81,0,35,71,51,6,17,33,60,64,50,92,42,8,93,61,10,41,85,73,22,98,24,40,34,20,28,7,68,37",0.9293386367848538,"29,30,3,82,23,52,63,48,15,36,31,70,13,25,39",0.8088419371854639,"3,29,30,82",0.9103146429437007,"3,23,29,30,52,63,82"
139,0.9277672116677875,"5,7,10,16,17,18,21,22,24,25,26,28,30,31,33,34,36,38,41,42,43,47,51,54,58,59,66,69,74,78,79,82,85,86,91,92,96,97",0.8698170603564224,"85,7,36,97,74,82,43,66,51,79,41,38,69,21,22,34,58,42,16,30,54,91,33,92,20,96,59,78,86,47,28,31,37,80,56,39,98,83,45,68,0,9,46,99,1,29,95,55",0.9307277656355077,"85,7,36,97,74,82,43,66,51,79,41,38,69,21",0.875283708809684,"7,36,74,85,97",0.902275449731002,"7,36,51,74,82,85,97"
140,0.9422876619090834,"0,4,9,10,14,19,26,28,32,34,46,57,68,78,82,83,85,86,87,92,95,96,97,98",0.9162404092071611,"46,0,86,57,95,4,9,10,26,19,82,66,24,92,28,97,14,85,27,88,75,78,52,58,65,96,56,37,41,12,69,5,48,74,40,50,63,79,11",0.9289095371669004,"46,0,86,57,95,4,9,10,26,19,82,66,24,92,28,97,14,85,27",0.8823632538569425,"0,46,57,86",0.9464668756703243,"0,4,9,10,26,46,57,86,95"
141,0.934815626196471,"0,6,9,10,12,14,16,31,32,34,45,49,54,55,58,70,73,76,83,85,92,93,94,95,96,98,99",0.8996358924817883,"6,16,32,76,94,85,58,45,98,34,67,73,84,25,97,49,1,77,10,50,80,35,44,41,64,26,36,95,15,70,4,46,93,55,42,21,86,83,71",0.9439538120992218,"6,16,32,76,94,85,58,45,98,34,67,73,84",0.8144091239867237,"6,16,32,76",0.9247443513891107,"6,16,32,58,76,85,94"
142,0.9405897068818417,"1,2,3,4,11,13,15,20,22,27,40,44,53,54,57,59,68,80,84,85,86,87,92,97,98",0.9186918861076164,"68,3,80,92,13,57,27,97,85,15,60,16,87,22,78,98,95,99,21,40,5,35,32,91,1,86,33,58,75,82,19,31,50,0,37,73,90,10",0.9432417971743814,"68,3,80,92,13,57,27,97,85,15,60,16,87",0.8760343007534018,"3,13,68,80,92",0.9198154816132345,"3,13,27,57,68,80,92"
143,0.9268987764512634,"0,5,7,12,15,26,29,30,31,35,41,45,46,54,57,62,64,75,76,82,84,87,92,95,98",0.9117602675677949,"0,87,30,5,35,7,41,26,64,31,84,57,82,69,33,18,3,90,68,61,79,59,62,96,60,88,58,19,50,1,17,92,27,45,56,54,75,51",0.9302285309993716,"0,87,30,5,35,7,41,26,64,31,84,57,82,69,33",0.9004734881281634,"0,5,7,30,35,87",0.9093371660968647,"0,5,7,26,30,35,87"
144,0.948927539283844,"1,3,6,8,10,13,18,21,22,24,26,27,29,30,32,33,34,42,43,44,46,48,57,63,64,65,72,74,86,88,90,92,95,96",0.9234536532381636,"57,30,74,90,34,96,3,92,63,22,21,64,13,40,1,42,10,46,77,26,20,18,12,28,49,73,39,11,84,6,41,24,56",0.9326224234481115,"57,30,74,90,34,96,3,92,63,22,21,64,13,40,1,42,10,46,77,26,20,18,12,28",0.8585033485822904,"30,34,57,74",0.9357798165137615,"3,30,34,57,74,90,96"
145,0.9299098349838271,"1,2,3,13,17,20,23,24,27,30,31,32,34,40,42,45,46,55,61,62,63,73,75,78,84,93",0.9108559077881558,"13,40,31,42,61,55,2,1,93,45,34,98,20,68,63,24,83,82,32,73,38,19,53,58",0.9302634232825444,"13,40,31,42,61,55,2,1,93,45,34,98,20",0.8461542292397602,"13,31,40",0.9364337881010067,"1,2,13,31,40,42,55,61,93"
146,0.9200447286339887,"14,30,36,45,61,68,83,94,95",0.8787005423630683,"30,14,61,95,83,36,45,94,68,98,22,48,32,53,7,31,15,1,27,66,40,86,33,11,47,97,26,13,60,41,64,69,56,10,0,65,21,28,23,24,39,16,42,88,34,67,37",0.9438962159462121,"30,14,61,95,83,36,45,94,68,98,22",0.84469855000894,"14,30,61",0.8455755263986922,"14,30,61,95"
147,0.9218836907484086,"6,9,14,15,19,21,26,27,29,32,35,36,37,45,50,51,52,53,58,64,66,68,72,78,79,82,83,92,93,96,98,99",0.8670547246770904,"45,99,79,96,14,82,21,83,37,51,52,84,44,57,29,19,78,6,72,98,31,41,91,94,58,50,77,54,87,81,62,97,92,9,13,66,86,1,2,75,27,64",0.9257359454504254,"45,99,79,96,14,82,21,83,37,51,52,84,44,57",0.8324912963764085,"45,79,99",0.8976010959355623,"14,45,79,82,83,96,99"
148,0.9442908994039493,"2,6,10,11,13,23,24,30,35,37,42,44,46,51,54,55,57,58,64,67,70,84,92,96",0.8844624443630471,"42,2,51,37,55,24,64,96,57,67,58,98,45,79,40,10,60,13,50,14,99,52,43,92,35,1,54,20,83,77,78,25,80,38,32,85,5,93,4,29,90,69,81,94,47,49",0.9417241073113338,"42,2,51,37,55,24,64,96,57,67,58,98",0.7747161266691086,"2,42,51",0.9180763211348274,"2,24,37,42,51,55,64"
149,0.9417646412482145,"1,2,6,15,19,22,25,35,38,43,44,45,57,60,64,67,71,76,77,78,82,83,90,92",0.8880548840786727,"82,15,90,6,60,35,43,64,92,77,39,81,95,1,87,76,52,5,53,25,96,44,54,28,21,86,56,0,3,12,93,85,19,2,24,10,69,4,29,94,11,31",0.9444291836061971,"82,15,90,6,60,35,43,64,92,77,39,81",0.8217009119876937,"6,15,60,82,90",0.9490962531589935,"6,15,35,43,60,64,82,90,92"
150,0.9448082984058886,"1,4,27,37,38,39,43,45,55,59,60,63,71,82,85,86,88,91,99",0.9244552966740959,"59,86,37,71,63,55,60,27,39,45,87,85,43,88,74,33,12,34,49,19,97,4,72,6,32,36,69,21,61,17,89,76,35,91",0.9307866091599918,"59,86,37,71,63,55,60,27,39,45,87,85,43,88,74,33,12,34,49,19",0.8520927307810309,"37,59,63,71,86",0.9455791109792616,"27,37,39,55,59,60,63,71,86"
151,0.9499164077975248,"3,9,11,14,17,24,36,37,38,41,42,53,56,57,66,70,74,76,80,86,91,93,94,95,96",0.9048193801486452,"14,9,80,93,95,91,36,76,66,74,83,10,64,11,94,56,37,99,77,38,70,41,72,33,2,19,90,18,69,42,46,30,60,27,67,5,26,68,78,88,87",0.9513206464463658,"14,9,80,93,95,91,36,76,66,74,83",0.896011851884549,"9,14,80,91,93,95",0.9557154444180824,"9,14,36,66,76,80,91,93,95"
152,0.918183136076062,"1,2,3,4,7,8,14,15,20,23,24,25,26,28,29,30,31,32,33,34,35,37,40,43,46,48,53,55,58,59,63,64,66,67,68,69,71,73,75,76,80,84,86,88,89,92,93,97,99",0.8854640492126576,"43,73,34,31,37,35,46,1,29,58,26,89,64,23,63,68,40,59,33,67,8,80,51,20,81,85,15,66,32,25,98,7,52,65,69,30,97",0.9233007929496139,"43,73,34,31,37,35,46,1,29,58,26,89,64,23",0.856443023328966,"31,34,43,73",0.8571350421365602,"31,34,43,73"
153,0.8953817203729495,"4,6,13,19,22,49,52,59,69,71,75,86,88,89,95",0.872638500547517,"75,69,6,49,4,89,88,95,79,43,92,85,16,71,60,34,59,28,5,24,47,56,41,37,99,40,62,31,23,22,68,93,78,2,87,61,17,91,90",0.9275709380083138,"75,69,6,49,4,89,88,95,79,43,92",0.8556096575626455,"6,49,69,75",0.8803728431549739,"4,6,49,69,75,89"
154,0.9334105952628059,"2,12,24,25,34,40,48,49,64,66,69,73,77,79",0.8854303604787933,"73,48,49,40,2,12,64,79,34,25,9,5,24,0,16,81,77,35,30,93,99,4,82,8,53,28,62,36,56,97,83,96,11,61,66,63,20,80,90,45",0.9335316773910838,"73,48,49,40,2,12,64,79,34,25,9,5,24",0.8476354390092022,"40,48,49,73",0.9281002790654767,"2,12,34,40,48,49,64,73"
155,0.9299009565176957,"0,2,9,12,16,17,24,35,50,68,86,90,93,95",0.8875318998788283,"90,9,12,93,0,16,95,24,35,86,8,19,2,91,67,62,50,52,11,5,34,77,49,97,68,4,88,17,75,15,47,43,92,13,40,42,59,28,14,73,20,96,61,76,74,54,84,51",0.9364518855461068,"90,9,12,93,0,16,95,24,35,86,8,19,2,91,67,62,50",0.8504391447413409,"0,9,12,90,93",0.9198242873984196,"0,9,12,16,90,93,95"
156,0.9330369609798341,"0,13,15,29,32,35,42,43,47,54,65,72,80,82,84,87,88,89,91,92,94",0.9236859995091803,"92,32,35,13,72,87,65,29,84,62,0,15,77,5,11,43,69,88,21,14,94,48,73,47,23",0.9359367463167366,"92,32,35,13,72,87,65,29,84,62,0",0.8739693491561569,"13,32,35,92",0.8840762857924622,"13,32,35,72,92"
157,0.9359554858190161,"0,11,15,21,28,29,37,38,47,50,54,57,69,76,78,79,80,83,88",0.8885457733943382,"76,38,78,0,80,29,79,28,69,50,7,63,19,90,2,13,10,21,56,37,11,20,17,18,66,62,83,55,88,43,22,31,47,4,33,85,48,67,3,75,52,12,30,68,26,95,8,92,34,64,45,5,98",0.9342730185519705,"76,38,78,0,80,29,79,28,69,50,7",0.8564628630951596,"38,76,78,80",0.9392624042404504,"0,28,29,38,69,76,78,79,80"
158,0.9333677488432565,"1,5,23,31,33,44,49,51,56,59,61,62,63,64,72,83,85,88,89,91,96,99",0.857185193682842,"31,5,33,88,85,99,89,62,51,23,61,56,94,32,60,59,67,24,83,91,8,84,58,19,44,82,50,42,76,28,40,2,21,16,6,25,77,54,57,11,78,46,7,36,69,95,68,55,37,71,81,0",0.9333540918948743,"31,5,33,88,85,99,89,62,51,23,61,56,94",0.7771267965715597,"5,31,33",0.8626384131718535,"5,31,33,85,88,99"
159,0.9540154311696953,"1,3,4,5,6,16,21,28,30,31,32,37,47,60,63,66,73,88,94,96,97",0.926507866094203,"47,97,88,96,60,73,94,6,5,38,69,3,37,0,98,21,55,45,90,28,63,8,1,74,41,91,12,49,15,76,31,52,86,29,24,80,16,68,87,51",0.9546993245562615,"47,97,88,96,60,73,94,6,5,38,69",0.8471775535100367,"47,60,88,96,97",0.957889066683566,"5,6,47,60,73,88,94,96,97"
160,0.9454741362193531,"0,4,8,13,23,25,42,50,52,56,70,80,81,85,87,91",0.9188704070907979,"52,25,91,13,4,8,42,0,85,32,83,48,87,14,44,81,1,10,24,74,56,50,72,3,71,60,59,57,15,31,39,55,77,18,41,19",0.9476344151494854,"52,25,91,13,4,8,42,0,85,32,83",0.7992290769308155,"0,25,52,91",0.9511766372187468,"0,4,8,13,25,42,52,85,91"
161,0.9340702744973293,"5,21,24,28,35,40,48,51,56,58,80,84,91",0.8903972324943338,"40,58,84,56,21,35,80,51,48,5,57,7,28,61,82,47,23,99,9,67,73,24,92,83,22,55,27,68,43,77,87,91,19,89,59,13,18,66,26,42,97,6",0.9252163770593926,"40,58,84,56,21,35,80,51,48,5,57,7,28,61,82,47,23,99",0.8191154055164552,"40,56,58,84",0.8588678144922925,"21,40,56,58,84"
162,0.9291788499358583,"3,7,12,15,18,19,34,41,44,48,50,51,53,55,56,57,59,60,63,66,67,68,69,75,78,85,87,97",0.8669231421483218,"41,68,59,19,44,12,67,51,15,78,55,18,75,66,17,45,83,34,57,81,62,63,92,22,6,39,31,80,87,61,77,54,37,16,0,56,73,43,50,90,2,5,40,26,32",0.9163122235685741,"41,68,59,19,44,12,67,51,15,78,55,18,75,66,17,45,83,34,57,81",0.8785356553801044,"12,19,41,44,59,68",0.9163149588207781,"12,19,41,44,51,59,67,68"
163,0.9458431409471801,"0,4,5,7,10,12,13,15,16,24,38,40,41,43,44,48,51,55,72,86,93,95,96",0.9069821243627854,"38,4,12,40,48,24,93,43,41,96,5,15,87,55,35,29,94,74,3,68,46,20,58,19,7,76,16,99,72,98,83,37,33",0.9525791222241651,"38,4,12,40,48,24,93,43,41,96",0.7721683457301572,"4,38,40",0.9131800879658897,"4,12,24,38,40,48"
164,0.9250177881886428,"0,3,5,6,8,9,11,15,18,19,20,21,24,25,26,36,43,48,50,51,56,59,60,77,78,86,89,90,91,92,94",0.8692548148029708,"25,15,18,48,36,8,77,94,3,19,12,50,91,89,5,93,69,55,11,52,53,59,21,92,40,1,81,90,20,37,16,26,24,56,76,33,98,32,34,96,4,51",0.9226353701142441,"25,15,18,48,36,8,77,94,3,19,12,50,91,89,5",0.7600073551162029,"15,18,25",0.9007379100277416,"8,15,18,25,36,48,77"
165,0.9320354553110018,"1,12,20,22,24,34,40,42,47,49,53,54,55,63,75,81,83,86,88,89,92,93,98",0.8705364113143702,"93,1,83,42,55,92,86,89,12,20,54,3,21,48,53,96,15,34,44,11,98,84,69,56,66,40,17,64,8,61,33,50,94,45,90,62,10,41,7,14,80,88,16,60,31,4,73",0.932020097827172,"93,1,83,42,55,92,86,89,12,20,54,3",0.8709024313456484,"1,42,83,93",0.9222450593694729,"1,42,55,83,86,89,92,93"
166,0.924817178670932,"3,5,6,11,12,14,15,16,22,26,27,31,33,40,51,56,57,72,73,84,86,93,95",0.8903895309633207,"86,6,15,26,12,73,33,56,72,84,8,45,95,10,50,48,11,75,31,70,88,27,51,65,39,22,74,67,17,23,53,18,24,7,77,68,43,80,83,64,59,28,76",0.9294040468984407,"86,6,15,26,12,73,33,56,72,84,8,45",0.8633348492214086,"6,15,26,86",0.8870297479966756,"6,12,15,26,73,86"
167,0.9418611921894657,"2,4,5,10,12,16,21,26,34,35,38,44,46,54,58,68,71,74,79,92,93,98",0.8891373346439264,"5,58,2,35,68,79,74,93,16,98,49,92,75,44,10,4,54,9,21,43,86,81,34,19,94,30,67,52,51,71,70,56,62,20,27,33,59,90",0.9417186276790248,"5,58,2,35,68,79,74,93,16,98,49,92",0.8345001113003634,"2,5,58,68",0.9459280324346767,"2,5,16,35,58,68,74,79,93"
168,0.9325164011779287,"6,13,24,26,33,41,53,58,62,69,85,89,90,92,97",0.8755201760070949,"24,13,85,58,26,89,62,69,92,53,45,11,83,90,60,6,0,96,97,37,79,16,50,18,36,1,17,29,52,54,25,64,74,59,20,98,27,48,44,10,43,66,31,30,8,9,99,68,95",0.9091994405976055,"24,13,85,58,26,89,62,69,92,53,45,11,83,90,60,6,0,96,97,37",0.8045388909733829,"13,24,58,85",0.8946231424315813,"13,24,26,58,85,89"
169,0.9313201262272089,"3,12,19,21,29,31,33,35,39,45,46,48,51,56,59,62,72,73,79,81,87,89,95",0.8771837100899266,"33,51,59,35,19,79,45,48,12,55,3,92,84,4,38,7,87,95,46,21,66,10,62,34,9,6,1,41,47,71,37,39,29,31,94,81,86,49,8,26,61,18,43,56,93,11,65,20",0.9337358716277535,"33,51,59,35,19,79,45,48,12,55,3,92",0.8064516129032258,"33,35,51,59",0.8924078046365811,"19,33,35,51,59,79"
170,0.9410476823331012,"0,3,4,5,6,8,10,12,13,14,16,18,26,36,37,44,46,49,50,51,56,58,61,62,72,77,80,94,95,98",0.9197162515983681,"72,14,56,6,36,50,95,8,80,51,12,29,43,46,2,13,76,94,83,91,31,16,71,53,40,17,61,41,69,4,68,58,45,32",0.9260567761543329,"72,14,56,6,36,50,95,8,80,51,12,29,43,46,2,13,76,94,83,91,31,16,71",0.7473135501907452,"14,72",0.9490401848944614,"6,8,14,36,50,56,72,80,95"
171,0.9199229650591518,"5,13,14,16,18,23,24,32,34,35,47,55,61,65,66,68,72,77,79,83,87,89,91,92",0.8544642272268731,"23,72,13,77,32,61,68,87,92,16,83,65,66,5,35,59,85,14,34,89,42,80,27,12,18,46,81,57,95,54,43,76,31,38,99,64,94,44,24,40,19,7,97,78,21,30,15,71,53,49",0.9070733273067904,"23,72,13,77,32,61,68,87,92,16,83,65,66,5,35,59,85,14,34,89",0.8096057854812718,"13,23,72",0.9022782952744042,"13,23,32,61,68,72,77"
172,0.9368550642955282,"2,4,5,11,14,15,19,20,25,26,28,29,30,32,35,41,42,45,49,52,53,54,60,66,70,71,72,73,74,78,81,90,92,93,94,96,97",0.9240401123061459,"53,28,93,25,19,70,60,15,81,41,75,45,54,47,88,20,94,90,6,66,65,35,21,63,61,36,67,79,26,30,48,92,0",0.9315929863201556,"53,28,93,25,19,70,60,15,81,41,75,45,54,47,88,20,94,90,6,66,65,35,21,63,61,36",0.8278604432508525,"28,53,70,93",0.9326059233440428,"15,19,25,28,53,60,70,93"
173,0.9314396264176117,"0,1,2,5,10,20,26,27,28,29,31,32,39,44,49,57,59,61,69,70,73,75,78,81,82,89",0.8700840560373583,"61,44,10,69,32,27,39,82,31,79,3,17,8,28,59,20,86,67,47,4,66,53,29,22,54,0,30,77,2,50,43,45,75,72,11,83,60,16,35,25,40,19,58,7,36,90",0.9288058705803869,"61,44,10,69,32,27,39,82,31,79,3",0.8348365577051368,"10,44,61",0.8784683122081388,"10,31,32,44,61,69"
174,0.9431395295876457,"0,4,13,14,16,23,26,29,34,35,36,40,43,47,51,61,67,73,76,82,87,89,96",0.9192920505724091,"51,76,61,89,43,82,13,16,26,36,38,67,19,35,64,14,1,98,60,4,34,15,27,80,6,95,87,30,50,7,45,84,96,8,81,18,93,59,58,99,66",0.9357181705412234,"51,76,61,89,43,82,13,16,26,36,38,67,19,35,64,14,1",0.8115778559506172,"51,61,76",0.9188794551597199,"43,51,61,76,82,89"
175,0.9463742260468045,"23,31,33,36,48,55,58,61,65,72,85",0.9029739767436503,"72,33,85,31,61,55,65,23,48,90,62,9,7,10,64,81,58,34,1,84,36,47,40,54,98,3,79,41,30,93,43,77,46,87,91,52,67,83,26,24,95",0.9390410275180514,"72,33,85,31,61,55,65,23,48,90,62,9,7,10,64,81",0.854283074261113,"31,33,65,72,85",0.9497477533280947,"23,31,33,48,55,61,65,72,85"
176,0.9283963197006675,"1,6,7,9,11,12,13,15,17,27,34,38,44,49,62,63,64,65,67,73,75,80,81,85,87,89,96,98",0.880960011394794,"17,81,27,98,9,85,67,87,13,15,38,6,68,89,65,64,80,78,24,11,46,73,50,61,10,63,69,18,77,83,57,95,49,12,33,8,22,5,53,92,47",0.9262652740913611,"17,81,27,98,9,85,67,87,13,15,38,6,68,89,65,64,80,78,24",0.8872682350943221,"9,17,27,81,98",0.8988218988218988,"9,17,27,81,85,98"
177,0.9361770018855237,"3,9,10,14,17,18,21,27,52,59,60,66,67,69,73,74,78,83,84,87,91,93,96,98",0.9193523292150684,"59,84,67,87,60,98,3,21,17,86,45,33,27,4,5,18,22,43,89,31,10,68,77,90,15",0.9385134689679725,"59,84,67,87,60,98,3,21,17,86,45,33",0.8405374401708838,"59,67,84,87",0.9148376208119618,"3,59,60,67,84,87,98"
178,0.9288836668688094,"19,22,32,36,37,38,49,52,55,63,69,74,77,80,82,85,87,91,96,98",0.9141436729330907,"91,85,74,52,80,55,82,37,49,19,86,36,32,45,34,33,95,96,75,84,14,35,27,44,51,20,77,42,87,13,76,28,0,26,98,70,48",0.9197114412775419,"91,85,74,52,80,55,82,37,49,19,86,36,32,45,34,33,95,96,75,84,14",0.8630533656761674,"52,74,85,91",0.9402061855670103,"37,49,52,55,74,80,82,85,91"
179,0.939983423124741,"6,17,20,25,30,34,42,47,56,58,59,61,64,66,70,71,74,76,83,86,92,99",0.8896712253073629,"30,76,61,25,83,59,71,99,56,34,66,14,74,19,10,87,78,9,22,70,80,33,89,32,95,27,94,73,16,65,2,44,17,35,81,63,58,69,38,4,82,40,88,53,50",0.9356789611824837,"30,76,61,25,83,59,71,99,56,34,66,14,74,19,10",0.8662660588479072,"25,30,61,76,83",0.9345848874153889,"25,30,59,61,71,76,83,99"
180,0.9310493496954068,"11,16,24,25,26,27,31,46,50,53,64,75,79,88,94",0.908399800929881,"27,26,24,16,53,11,79,64,46,73,39,50,49,87,96,59,21,95,89,86,18,88,99,34,93,83,20,80,58,81,66,82,42,69,74,41,8,51,65,9,5,32",0.9362523187144541,"27,26,24,16,53,11,79,64,46,73,39,50,49",0.8132546633772193,"24,26,27",0.9425491088418537,"11,16,24,26,27,46,53,64,79"
181,0.9341559137525218,"2,6,9,14,16,17,20,21,26,27,39,41,51,61,63,69,73,75,76,81,85,86,87,89,92,94",0.91791621133154,"6,76,17,94,39,21,63,75,89,14,74,61,85,29,32,16,9,51,73,27,95,86,81,78,62,41,15,13,60,67,92",0.9386716123066577,"6,76,17,94,39,21,63,75,89,14,74,61,85",0.773794762945528,"6,76,94",0.9444718813046402,"6,17,21,39,63,75,76,89,94"
182,0.9350446452788839,"14,20,22,28,29,33,34,36,37,39,43,44,54,56,57,59,60,69,72,81,88,89,90,92,95",0.8741483221403695,"81,28,29,95,89,22,56,88,39,20,72,68,33,14,44,59,76,65,36,10,24,2,13,70,47,83,80,86,92,73,0,19,63,57,48,49,38,58,71,21,78,17,26,74,85,87",0.9402876175803669,"81,28,29,95,89,22,56,88,39,20,72,68,33",0.8381567955213679,"28,29,81,95",0.9086372069305964,"28,29,56,81,88,89,95"
183,0.9463131071826724,"7,8,14,19,21,26,33,39,41,42,43,50,52,56,65,68,69,72,75,76,77,78,83,96,99",0.9181862823167171,"39,8,52,77,43,14,21,83,56,26,65,50,79,47,75,59,85,48,70,46,23,19,13,91,89,51,28,20,42,81,16,98,53,63,38,87,11,25,60",0.9319557254339863,"39,8,52,77,43,14,21,83,56,26,65,50,79,47,75,59,85,48,70",0.8272734511864946,"8,39,52,77",0.950575994054255,"8,14,21,39,43,52,56,77,83"
184,0.9473446214138572,"10,15,16,17,19,25,33,41,42,45,47,50,54,57,59,64,65,67,68,71,77,82,89,92,93,95",0.9157636760510699,"41,67,42,59,45,25,82,89,16,95,64,29,15,23,46,49,40,24,97,92,6,52,62,2,1,58,5,11,47,21,69,32,53,72,18,83,73,56,87,63,43,85,91,13,99,68",0.9555287589252318,"41,67,42,59,45,25,82,89,16",0.8470079887454153,"41,42,59,67",0.9353391727656913,"25,41,42,45,59,67,82"
185,0.9481449998557032,"2,6,10,13,21,26,32,47,49,53,58,59,63,64,74,76",0.9268179421186434,"2,74,6,10,49,58,64,47,76,26,90,53,59,78,34,73,25,55,21,45,71,79,72,37,22,33,87,5,44,23,89,51,18,39,63,95",0.942362636065264,"2,74,6,10,49,58,64,47,76,26,90,53,59,78",0.9064957143869093,"2,6,10,47,58,64,74",0.9379786388357615,"2,6,10,47,49,58,64,74"
186,0.9340764543305251,"6,9,10,12,13,19,25,26,29,32,38,40,53,54,56,57,60,66,76,84,89,93,95",0.8673051735428946,"19,12,76,56,53,57,60,6,93,89,54,38,37,40,84,95,32,23,85,25,2,71,50,9,27,74,11,26,41,70,52,18,98,83,55,48,39,14,31,45,46,63,87,77",0.9438025151787597,"19,12,76,56,53,57,60,6,93,89,54,38",0.8416275404304441,"12,19,56,76",0.9184537089452011,"12,19,53,56,57,60,76"
187,0.9157769775422899,"2,15,30,31,43,48,50,62,63,74,78,79,80,81,82,87,90,92,95,96,99",0.9027885739063302,"92,31,95,87,80,62,63,50,15,7,1,22,79,38,96,26,43,45,2,37,97,21,91,82,34,41,78,57,94,42,47,71,59,54,46,30,61,10,84,5,64,85,67,77,3",0.9386762271893226,"92,31,95,87,80,62,63,50,15,7,1",0.7680039765005737,"31,92,95",0.9032129278571844,"31,62,63,80,87,92,95"
188,0.9314337967533624,"0,5,10,18,19,20,22,27,29,31,54,57,61,63,64,67,68,70,71,78,82,83,90,95,97",0.9011509972432173,"61,71,57,97,95,22,68,0,18,19,69,41,3,32,70,30,74,48,5,78,26,4,37,56,89,11,12,85,86,17,24,51",0.9208166766471911,"61,71,57,97,95,22,68,0,18,19,69,41,3,32,70,30,74,48,5",0.8623469877698113,"57,61,71,95,97",0.9312638580931264,"0,22,57,61,68,71,95,97"
189,0.9403873890614354,"2,4,8,9,15,20,27,29,32,36,39,40,42,54,55,59,65,68,69,70,74,77,82,85,86,92,97",0.8828468111338224,"39,42,15,97,70,74,82,55,8,92,20,43,4,85,64,44,46,67,54,83,88,69,29,9,0,28,90,40,77,10,3,53,86,21,78,61,47,16,76,2,48,6,19,14,7,23,25,33,26,62,36,50,34",0.9268166789071464,"39,42,15,97,70,74,82,55,8,92,20,43,4,85,64,44,46,67",0.7621778025536885,"39,42",0.8922601824568855,"15,39,42,70,97"
190,0.906646243527969,"2,13,23,25,38,40,45,50,55,57,73,81",0.8688416283091386,"57,45,25,2,55,23,50,73,13,56,63,1,66,37,40,54,75,74,53,59,65,27,42,71,87,14,38,94,17,44,88,46,72,20,82,68,22,16,69,12,3",0.9148770763096723,"57,45,25,2,55,23,50,73,13,56,63,1,66,37",0.857153486558188,"2,25,45,55,57",0.8719602621140514,"2,23,25,45,55,57"
191,0.9253034547152195,"0,1,4,7,14,22,23,26,27,31,36,39,44,46,50,54,56,59,63,64,72,73,85,95,98",0.9053165544824895,"31,23,0,44,1,73,56,14,95,63,85,37,22,87,36,27,28,96,92,39,77,46,26,3,54,61,19,64,32,81,62,99,67,86,88,71,11",0.924982928494781,"31,23,0,44,1,73,56,14,95,63,85,37,22,87",0.8750282202433212,"0,1,23,31,44",0.9180930083476176,"0,1,14,23,31,44,56,73"
192,0.9306377207646644,"0,3,5,7,10,11,12,13,14,16,17,19,20,24,25,26,27,29,32,34,35,38,41,42,55,57,59,61,63,66,67,70,72,75,76,77,82,86,87,88,89,91,92,95,96,98,99",0.9200603548519245,"14,70,55,42,26,35,25,98,61,41,5,84,7,11,67,29,24,27,57,10,34,50,2,15,19,13,53,97,71,40,33",0.9341719909722169,"14,70,55,42,26,35,25,98,61,41,5,84,7",0.7981191270428921,"14,55,70",0.9372838789951375,"14,25,26,35,42,55,61,70,98"
193,0.9491026054743559,"2,4,8,12,14,27,28,34,38,39,44,45,46,50,52,59,62,64,65,68,80,87,91",0.9271878664809174,"59,27,64,12,50,2,65,38,91,67,46,16,28,11,34,45,4,44,94,68,84,51,21,98,60,55,73,24,39,58,35,56,14,71",0.9384272705091576,"59,27,64,12,50,2,65,38,91,67,46,16,28,11,34,45,4,44",0.8102812736941801,"27,50,59,64",0.9241392699634535,"2,12,27,50,59,64,65"
194,0.9375867971000376,"5,17,24,32,35,44,46,55,59,69,73,74,77,85,88,89,91,95,97",0.8794275218123374,"35,59,88,46,74,69,17,73,24,32,91,1,37,62,72,20,77,92,89,42,44,53,31,64,70,55,14,43,18,30,95,4,10,28,54,51,25,33,45,50,52,71,60,68,78,49,19,16,12,13,36,83,99",0.9370134839903705,"35,59,88,46,74,69,17,73,24,32,91,1,37,62",0.8268121286336502,"35,46,59,88",0.9055285752055996,"35,46,59,69,74,88"
195,0.9495374376753195,"0,3,4,11,12,18,23,26,38,41,42,50,57,58,59,61,69,71,82,90,92,95,96",0.9080019397342778,"23,82,18,92,59,50,4,90,38,3,58,52,71,96,44,26,87,33,55,17,62,8,0,89,14,53,40,2,19,7,72,21,79,84,61",0.9419419312144505,"23,82,18,92,59,50,4,90,38,3,58,52,71,96",0.8072831127912615,"4,18,23,82",0.9496633596519195,"4,18,23,38,50,59,82,90,92"
196,0.9311715834286679,"7,10,17,19,22,33,40,46,72,76,86",0.8836253204982224,"22,46,10,17,76,40,19,72,86,7,1,21,98,82,50,26,89,70,93,80,52,4,49,91,57,84,59,99,3,30,37,34,8,51,94,63,97,14,32,92,5,20,25,33,48,58,42,39,87",0.9297810833040855,"22,46,10,17,76,40,19,72,86,7,1,21",0.8849475012525218,"10,17,22,46,76",0.9034526734307309,"10,17,19,22,40,46,76"
197,0.9446572766538794,"8,10,11,14,18,24,38,42,46,47,57,59,62,64,68,76,82,84",0.9338720946239016,"10,38,46,14,59,57,42,24,11,21,68,3,1,89,58,77,34,60,35,22,93,64,15,86,50,17,20,88,30,47,74,7",0.9455948927195801,"10,38,46,14,59,57,42,24,11,21,68,3,1,89,58",0.8717751591479901,"10,14,38,46,57",0.938200452445204,"10,14,24,38,42,46,57,59"
198,0.9258649702675353,"14,16,19,24,32,47,51,52,61,78,89,92,93",0.888625484644859,"47,93,92,14,61,52,89,32,16,19,7,63,38,23,91,95,34,87,54,72,80,5,85,13,71,48,64,82,76,21,78,51,88,97,44,70,27,15,66,43,99,67,39,33,55,36,9,30,98",0.9400660595104092,"47,93,92,14,61,52,89,32,16,19,7",0.8327619924730816,"14,47,92,93",0.9301031256040295,"14,32,47,52,61,89,92,93"
199,0.9408431642919156,"1,4,8,13,17,20,23,24,25,27,28,29,37,43,44,52,56,59,68,73,77,84,92,95,99",0.9116171288493948,"99,77,73,37,25,44,68,8,1,20,95,90,83,11,84,46,13,69,79,27,57,42,98,28,2,93,85,92,63,59,49,21,81,35",0.935973647924008,"99,77,73,37,25,44,68,8,1,20,95,90,83,11,84,46",0.8567948521525969,"37,73,77,99",0.9417062458505694,"1,8,25,37,44,68,73,77,99"
