simulation,HarderLASSO_QUT_(20)_mse,HarderLASSO_QUT_(20)_features,"HarderLASSO_QUT_(20, 10)_mse","HarderLASSO_QUT_(20, 10)_features","HarderLASSO_QUT_(20, 10, 5)_mse","HarderLASSO_QUT_(20, 10, 5)_features"
0,25.45666285799717,"1,8,9,39",16.694277369291274,"1,8,9,39",58.23308231044463,
1,22.40352607409642,"12,16,27,45",13.293700327161943,"12,16,27,45",57.12229367966375,
2,21.838896091539116,"9,40,41,45",34.683629340095294,"9,40,41,45",54.598570750589246,
3,23.239166924109707,"2,3,12,17",50.5123508023855,"2,12,17",58.82198741570233,
4,26.883949971494058,"0,14,36,44",0.061871567994711885,"0,14,36,44",53.36385670766352,
5,23.41708332800003,"15,18,26,45",54.077300168165046,"15,26",60.572688826346145,
6,23.252873255125415,"2,10,37,42",18.122090672422058,"2,10,37,42",59.79866405933596,
7,22.701565672277372,"2,4,11,49",38.16087516541049,"2,4,11,49",63.05248823380309,
8,24.901263193666885,"12,17,19,45",18.45523105708829,"12,17,19,45",61.933462782103305,
9,23.278325855917647,"23,24,38,41",0.0634533232616881,"23,24,38,41",59.8704286851698,
10,22.906641673470983,"3,35,39,41",13.77224785793949,"3,35,39,41",61.621522308068975,
11,23.549277231076946,"8,32,41,43",14.824474529744384,"8,32,41,43",56.04199773079262,
12,22.59183827854147,"3,11,17,41",13.010173885394227,"3,11,17,41",61.735853493185694,
13,24.192032583456573,"13,15,34,42",16.326517851490028,"13,15,34,42",57.15053549684263,
14,22.148638825806238,"20,36,39,45",34.5529697475507,"20,36,39,45",54.20820920618189,
15,23.836387158714206,"3,26,43,45",59.12756203594338,43,60.046831437789265,
16,21.870109152094344,"13,19,26,37",0.04788127663639538,"13,19,26,37",52.01654370577299,
17,21.574720973648724,"5,7,22,37",11.472296788294676,"5,7,22,37",55.73528881913348,
18,23.46981546867249,"4,13,42,45",0.058951112828711134,"4,13,42,45",55.874391098479684,
19,22.09144214795871,"20,22,38,47",24.376010215626223,"20,22,38,47",57.91096578096059,
20,24.163091307679576,"17,20,22,30",16.97805422828372,"17,20,22,30",60.50106504007048,20
21,22.169365232894336,"19,30,34,47",0.05302119232812932,"19,30,34,47",60.3145741043358,
22,23.123762437361,"12,20,31,41",16.200509774280953,"12,20,31,41",60.976641113182104,
23,21.574852967964684,"13,15,23,45",12.45428845606944,"13,15,23,45",64.41461041977686,
24,22.973567637829436,"9,29,33,48",14.362458913747776,"9,29,33,48",59.08284803421016,
25,22.562079659453605,"10,15,30,31",0.042085570091307305,"10,15,30,31",55.00729109186043,31
26,23.889398664849132,"19,20,23,37",57.29211385481448,"19,20,23,37",62.73914172914688,
27,25.21191208537337,"7,16,23,32",16.66425093227662,"7,16,23,32",56.609508126589034,
28,24.404284493058377,"5,8,19,29",16.02945473108711,"5,8,19,29",59.30356016730834,
29,22.933232106521572,"28,30,36,49",42.54574619026159,"28,30",56.11317786020283,
30,21.930101196071874,"0,17,33,39",0.06658499429504226,"0,17,33,39",52.33670566933957,
31,22.751960632462506,"22,26,32,36",13.798811195776972,"22,26,32,36",59.553157432863316,
32,23.99375035024515,"3,6,25,40",0.05394071017019232,"3,6,25,40",56.05735071432264,40
33,24.06152357486828,"27,38,42,46",12.610840888725049,"27,38,42,46",64.12848463773275,
34,22.49943781953749,"15,26,31,49",55.009456444776674,31,57.430540210033065,
35,21.44280444922344,"3,8,10,25",37.117497100016024,"3,8,10,25",59.74714394568827,
36,24.380239822696375,"5,20,27,41",39.03456983947103,"5,20,27,41",60.65301033228359,
37,24.347985026289344,"7,12,43,44",17.809392722745947,"7,12,43,44",62.836899777418886,7
38,24.2563510475489,"19,26,29,38",17.437503272692805,"19,26,29,38",60.79253792289394,
39,24.1674643375327,"2,6,12,25",12.537485983015301,"2,6,12,25",54.8904755191069,2
40,25.032213309301603,"10,13,32,48",25.5268719625951,"10,13,32,48",57.721135917356996,
41,22.172995511051084,"8,22,31,44",0.048583436853956496,"8,22,31,44",51.09049322521604,
42,22.99896309059752,"14,21,34,44",17.255183097668404,"14,21,34,44",58.4931387020061,
43,24.482078183692472,"9,29,35,38",18.587345622369554,"9,29,35,38",61.096930160126526,38
44,22.70109892898082,"12,15,20,23",0.06624746172925347,"12,15,20,23",65.60670800238326,
45,21.82647275994581,"9,13,34,44",0.0534137220164684,"9,13,34,44",55.73761890115679,
46,22.114875900566737,"15,23,42,44",0.05542413659180514,"15,23,42,44",56.8059574883239,
47,24.044658818661915,"8,14,19,46",40.91797986062571,"8,14,19,46",61.1556780333707,
48,22.876321097144473,"6,19,27,29",15.250913879597,"6,19,27,29",59.194063185903,
49,21.69217554717689,"4,30,34,49",0.0378574297369055,"4,30,34,49",53.49591413342478,
50,22.855714346100473,"5,42,48,49",64.27894914853259,,64.32461860279915,
51,22.04469873878734,"11,20,31,37",15.294396253551609,"11,20,31,37",59.38614757921057,
52,23.331420456275097,"8,17,20,48",16.2424018503716,"8,17,20,48",59.79849759379861,
53,22.606348386525525,"13,36,45,46",22.73463247921392,"13,36,45,46",54.583617438254585,
54,22.791944551105566,"0,4,18,41",14.074629172854443,"0,4,18,41",52.18574883573626,4
55,22.0964597334221,"23,28,33,42",0.07191302585076721,"23,28,33,42",59.31239892775626,
56,22.415311550543763,"21,30,34,35",14.97315645498317,"21,30,34,35",54.50301605545324,
57,23.590532184807266,"22,24,34,37",11.606327124998494,"22,24,34,37",56.683537633404676,24
58,22.77626832627489,"2,9,21,49",15.77426829814559,"2,9,21,49",59.92478774138461,
59,24.063148377607657,"1,16,40,47",15.67688697756894,"1,16,40,47",61.57915526770463,
60,21.96356251593007,"19,39,45,49",12.591125829325112,"19,39,45,49",53.92164298596175,
61,22.067160240462755,"11,21,31,34",13.354591918367575,"11,21,31,34",56.55916510919972,11
62,24.73367103794722,"22,32,41,48",14.559689867807194,"22,32,41,48",59.45523519448034,
63,22.462289511911255,"2,26,31,43",11.813079287733055,"2,26,31,43",59.3915708652041,
64,24.24786941593813,"8,11,12,24",0.0315515113833411,"8,11,12,24",57.96690649643625,11
65,23.77831824130104,"6,11,20,27",12.953541098186328,"6,11,20,27",51.51871234565694,27
66,31.48659302540345,"22,26,34,49",13.606377589304604,"22,26,34,49",59.64151619760411,
67,23.78044412966999,"7,8,11,43",0.05722348095731282,"7,8,11,43",56.25042038876969,
68,23.515592415947896,"0,23,38,46",0.05448819729068898,"0,23,38,46",53.280541065028956,
69,21.807366396926493,"19,20,37,48",60.466165576795156,,60.318553036622006,
70,22.8158777807366,"3,10,12,28",17.741647407468086,"3,10,12,28",60.83702093363239,
71,23.094250503718264,"8,17,22,47",0.0739751678038868,"8,17,22,47",57.74327997763293,
72,24.100395137171507,"8,23,28,40",34.355515623265994,"8,23,28,40",53.458033320999576,
73,23.26909830423431,"1,6,34,36",13.896314450013623,"1,6,34,36",55.74330168778674,
74,25.132301903334643,"16,19,21,43",13.447750432768046,"16,19,21,43",54.63959035095741,
75,24.709603796699433,"10,28,29,44",15.67274380011017,"10,28,29,44",58.046827106552094,
76,24.202901551955815,"0,9,13,15",38.80765649030318,"0,9,13,15",58.94595625059677,
77,25.495263892707168,"9,22,33,38",15.911772050113461,"9,22,33,38",61.36967847246127,
78,24.282440143692366,"20,32,39,42",25.120882732720858,"20,32,39,42",60.97614078909742,42
79,21.22291033786329,"8,11,12,31",45.71490684778763,"8,11,12",60.636046663014,
80,24.043705286712203,"12,20,45,46",35.333328183716034,"12,20,45,46",59.37309801132967,
81,23.02391903956866,"1,10,15,33",22.936589155824926,"1,10,15,33",59.596931000739765,
82,23.780109427603396,"3,15,30,49",54.40783791018101,15,51.2002219741922,"15,30"
83,22.698810499027637,"5,19,28,32",10.92591059409146,"5,19,28,32",55.53743039778505,
84,22.750553359676694,"11,13,26,49",49.020036962150265,"11,26,49",59.922587093584106,
85,25.5865489326878,"10,26,38,40",46.29279740184606,"26,38",58.891777032212794,
86,22.685027737350786,"10,12,29,31",15.517121399676165,"10,12,29,31",53.41146380443984,
87,24.125415851699582,"17,23,24,45",17.90296614772411,"17,23,24,45",54.684716451289745,"23,24"
88,23.295083203102806,"15,18,24,48",13.589207154327207,"15,18,24,48",59.71999760755469,
89,24.616526449658327,"11,21,35,38",12.604515437942963,"11,21,35,38",57.93219042305929,
90,24.606312099973056,"32,40,47,49",0.03709632866535453,"32,40,47,49",52.370758739482376,
91,23.6449357663938,"17,40,47,49",0.048241221234938354,"17,40,47,49",53.031021832839265,
92,25.130884714853988,"2,4,14,25",11.023616576563098,"2,4,14,25",58.07187107197085,
93,24.348005508302982,"13,31,35,36",42.20122765338307,"13,31,35,36",61.8217538757624,
94,22.11885731965181,"10,13,20,31",13.850049783613427,"10,13,20,31",56.40238797622318,
95,23.80257349348905,"28,35,37,48",13.992005047123811,"28,35,37,48",57.192450143921754,
96,25.280358734840025,"33,34,38,40",34.631688804399964,"33,34,38,40",54.06293020028735,
97,22.493014963097725,"31,40,46,47",27.09979943295391,"31,40,46,47",55.30378326465437,"40,47"
98,22.192428327340004,"3,24,38,43",14.375734632162013,"3,24,38,43",56.70902529152234,
99,23.035975146481796,"9,32,44,48",40.101667522384766,"9,32,44,48",58.3550457052945,
100,23.06710850423229,"6,10,30,31",13.802346128057769,"6,10,30,31",51.9909825985634,
101,22.005541440917558,"6,15,18,37",0.055085680749053595,"6,15,18,37",56.449246916237854,
102,22.792803616190465,"10,37,39,45",19.520639688423028,"10,37,39,45",53.856735616624356,37
103,23.893156178141126,"1,16,20,40",16.475098642384385,"1,16,20,40",60.55718648416373,
104,23.86445262166262,"14,22,36,46",14.153161131805264,"14,22,36,46",56.925885072397534,
105,25.826872675140926,"1,17,27,49",15.790692402170775,"1,17,27,49",61.366764680108226,
106,21.261712927109052,"16,17,20,31",12.269944573473364,"16,17,20,31",56.04049346057605,20
107,21.940705379539178,"11,26,37,46",36.53414411818701,"11,26,37,46",56.16784335650483,
108,21.719647287439653,"2,33,38,45",31.921447125282228,"2,33,38,45",52.400680589385395,
109,25.72047904654045,"10,21,30,43",25.613364464905114,"10,21,30,43",57.36932497303326,
110,22.991760194312366,"1,18,21,32",15.004410434602626,"1,18,21,32",57.338464992069994,
111,22.390160465535534,"5,11,20,21",0.05509088674492007,"5,11,20,21",57.25812788124901,
112,22.705858657789506,"8,10,15,28",0.05471187157050781,"8,10,15,28",51.934709889319755,
113,22.920955351242746,"34,37,41,47",14.81414377912675,"34,37,41,47",60.558650941207766,
114,21.905568196386017,"14,18,38,40",14.934745752396271,"14,18,38,40",61.561430209449334,
115,24.381934318011,"1,13,26,39",40.340017922585986,"1,13,26,39",59.71533755496253,
116,24.799332471409123,"19,29,30,40",0.04038588788766891,"19,29,30,40",59.17390920322875,
117,23.907153211599994,"16,18,34,44",36.15016922339227,"16,18,34,44",53.501417482723205,
118,24.360579895292677,"2,22,31,40",37.255920776708585,"2,22,31,40",58.31415392231181,
119,24.662188377380613,"12,42,44,49",15.292495552037778,"12,42,44,49",60.397967119636505,
120,24.607301474063714,"23,27,30,37",0.04294947344117574,"23,27,30,37",61.18045289909083,
121,25.258147082050353,"9,12,37,47",12.697668049608673,"9,12,37,47",53.64185010151547,"12,47"
122,24.170192044719144,"10,21,27,34",0.05755972660660524,"10,21,27,34",50.01237563652258,
123,23.708513770545316,"15,23,42,47",13.470373235218759,"15,23,42,47",60.85808399532913,
124,23.98889054449195,"15,16,36,48",15.297580557097264,"15,16,36,48",66.00648213743749,
125,22.407542837951034,"3,16,25,32",23.441562194249137,"3,16,25,32",51.665688360661036,32
126,22.33076284208139,"12,24,42,43",14.265802433378997,"12,24,42,43",54.63617000737048,24
127,22.66415343493044,"3,11,30,48",35.57439929283499,"3,11,30,48",56.585991327265134,
128,22.46782737381117,"1,25,36,49",23.472231927420914,"1,25,36,49",56.69357279629013,
129,22.926207123492834,"2,29,37,42",0.06036935205461188,"2,29,37,42",57.481243880311304,
130,23.730508695721564,"4,11,12,31",0.05829766550023307,"4,11,12,31",56.83374232414646,
131,23.315167426929573,"4,22,23,31",23.270412547908393,"4,22,23,31",61.11101372806415,
132,24.19038319951458,"2,8,25,49",16.92497394095192,"2,8,25,49",59.335707243289306,
133,23.72232769914331,"22,25,40,47",23.138326547911163,"22,25,40,47",56.27237138748197,
134,23.66543613228983,"16,18,28,30",15.866699068437473,"16,18,28,30",57.581222656951994,
135,23.524723287533444,"22,34,46,48",23.638919660620623,"22,34,46,48",54.48334006513622,
136,26.24753136333338,"11,17,36,38",0.056994643488645545,"11,17,36,38",60.20346504793179,
137,24.737619073587034,"1,5,15,26",40.97834100866736,"1,5,15,26",62.36142458576846,
138,20.81386987030421,"19,23,25,41",32.85176200389217,"19,23,25,41",49.68701407799196,
139,23.930673404668266,"4,42,45,46",31.717641210142617,"4,42,45,46",59.636897956199974,
140,25.052404984435654,"27,32,46,49",0.07900027322413741,"27,32,46,49",57.11412145974587,
141,21.69517269808154,"3,14,40,47",16.963917265305984,"3,14,40,47",54.084907468839155,"40,47"
142,25.38911243365005,"11,15,16,19",22.908297674754706,"11,15,16,19",61.961237785700945,
143,23.801805328997574,"4,14,15,24",18.918316959577183,"4,14,15,24",56.435557546234314,
144,21.858149690802463,"32,33,46,47",13.296193928868812,"32,33,46,47",55.440270384174305,47
145,23.311704261000607,"20,30,32,46",23.397389854726274,"20,30,32,46",49.23864250069843,"30,46"
146,23.410985465962412,"18,20,27,42",14.329855532059112,"18,20,27,42",60.87925013472773,
147,22.515486882155965,"2,15,20,32",0.01980479498732282,"2,15,20,32",62.19546501287689,
148,26.09027981880556,"13,26,36,38",20.89211784387589,"13,26,36,38",56.87678881258944,
149,22.554589382756845,"2,19,20,26",13.486137528658862,"2,19,20,26",54.2034177128154,
150,23.338114871657023,"3,29,32,38",19.719173594618507,"3,29,32,38",62.64553374276189,
151,22.923784636460166,"16,17,23,48",0.038656349838061856,"16,17,23,48",59.95274341385106,
152,20.491508038047666,"2,15,39,43",14.554355644187286,"2,15,39,43",54.68704057265079,
153,24.906739584229594,"8,25,43,44",0.038400406880697686,"8,25,43,44",59.0435335948264,
154,21.524454033972187,"11,15,21,34",0.029905681694801612,"11,15,21,34",61.13309787199631,
155,25.140142659833863,"37,41,42,46",49.78007732174949,"37,41,46",58.15663729486047,41
156,22.459578581051332,"5,7,14,35",17.08731423025958,"5,7,14,35",58.61508752698251,
157,20.396984598547597,"2,10,19,40",0.0366771710979412,"2,10,19,40",56.88056654009628,
158,21.87322298994015,"2,3,15,37",64.28955031297644,15,65.64721622108493,
159,21.474175533625456,"28,32,35,40",16.828305675653706,"28,32,35,40",55.4881796658421,
160,23.829188257187372,"10,14,24,27",24.315468584411494,"10,14,24,27",57.92201582643902,
161,21.982591239603646,"15,18,25,40",15.979472691494095,"15,18,25,40",56.959034361049234,
162,23.623851128893264,"5,8,19,23",52.98893074898733,,52.98894720667338,
163,25.09766058517851,"1,8,44,49",25.413534476597444,"1,8,44,49",50.92554524541429,"8,44"
164,23.7310935584755,"15,26,35,36",20.704035605971757,"15,26,35,36",65.16538952133423,
165,22.911938305746368,"8,10,19,25",18.609609588098117,"8,10,19,25",56.68362894049458,
166,24.62359250533711,"14,21,35,42",25.15831976617512,"14,21,35,42",60.04339971800098,
167,24.731670826234126,"6,32,43,45",0.06028827936683629,"6,32,43,45",53.77102609488096,45
168,22.86895396605254,"2,19,23,42",38.35436806706362,"2,19,23,42",57.157321406901666,42
169,23.447255841155666,"14,32,35,49",23.37875111332113,"14,32,35,49",57.835832593059024,
170,23.759776919343032,"0,6,27,30",25.78077628273173,"0,6,27,30",55.88730563078641,
171,22.013945695403383,"12,18,24,39",14.30521925499718,"12,18,24,39",53.10529017227831,"24,39"
172,23.21176048548345,"0,5,14,34",40.05006355417486,"0,5,14,34",59.74735567970441,
173,23.746561983506144,"4,19,24,42",23.715772109616104,"4,19,24,42",60.845289719696204,
174,24.209171843976115,"14,21,32,38",0.08284313708648472,"14,21,32,38",60.04000696804933,21
175,23.961144428359855,"7,13,18,22",0.05357022698907739,"7,13,18,22",58.055580807291214,
176,23.997958422820652,"32,35,39,43",24.124857026158256,"32,35,39,43",57.41698145279956,
177,24.224786471580316,"1,26,33,34",0.042001874055083516,"1,26,33,34",60.511978042203104,
178,23.70879585746748,"2,29,35,48",47.25795132415496,"2,35",59.00899705739462,
179,23.686213171965303,"7,20,26,28",0.03132795798053286,"7,20,26,28",62.56549808327294,
180,22.080181993247294,"0,18,31,44",15.489969972508177,"0,18,31,44",53.27136708817013,
181,22.229729396980925,"2,19,21,28",0.059329104383065254,"2,19,21,28",59.59779428928269,
182,22.77998588522435,"13,18,24,27",41.22403047545279,"13,18,24,27",56.71956786112826,18
183,23.579122002325928,"1,16,22,45",16.9500113646594,"1,16,22,45",61.199652180315894,
184,21.49758738549582,"29,34,39,46",12.998952432299328,"29,34,39,46",59.98673682070626,
185,22.67778174970977,"21,23,28,48",40.755290905654384,"21,23,28,48",57.555612667772806,
186,23.85544563817447,"11,13,34,41",42.43460285127197,"11,13,34,41",64.13438922023364,
187,23.008245316868393,"8,10,25,43",19.565996916565272,"8,10,25,43",56.61845128569804,
188,23.007642123975522,"5,22,29,47",17.613938450609144,"5,22,29,47",57.5896795717784,
189,25.07655477839531,"23,37,45,46",57.69939399390831,,57.66291732390707,
190,22.948215796353633,"20,31,33,34",22.78012193725501,"20,31,33,34",50.81475983057755,31
191,23.583007452314202,"1,7,45,48",19.15771278938785,"1,7,45,48",56.83825286294742,
192,24.522238688207878,"4,21,27,42",0.043018010051967835,"4,21,27,42",60.53605135105679,
193,23.353297437542867,"22,40,43,48",17.428877822973877,"22,40,43,48",57.42668641857594,"22,48"
194,23.589310138585397,"12,20,38,45",25.9192071560505,"12,20,38,45",55.395543187690066,"20,45"
195,20.416875751650064,"4,37,43,46",0.04614790299402361,"4,37,43,46",60.7450870689867,
196,23.489803463836036,"3,16,17,30",23.016750544236526,"3,16,17,30",53.85665007808205,
197,22.16568588333796,"25,34,36,41",22.165263093058762,"25,34,36,41",53.36970578015517,
198,25.188090294668495,"8,11,23,29",27.462336419584396,"8,11,23,29",62.37776439101317,8
199,24.06388961364983,"3,6,27,43",18.666589366417927,"3,6,27,43",61.738103870729375,
200,23.477958645644822,"19,23,44,49",19.458104093672922,"19,23,44,49",46.52145104829994,"23,44"
201,22.09549941234588,"8,24,27,36",36.592492318427894,"8,24,27,36",55.02419701909158,
202,23.15233183836101,"20,44,45,48",17.55718043404789,"20,44,45,48",57.82930716899408,
203,23.096077826619652,"5,6,14,48",36.389878831789915,"5,6,14,48",56.775092309527615,
204,24.39930661135103,"0,2,7,10",23.99044920680798,"0,2,7,10",62.29974375909961,
205,22.32990061088285,"15,22,30,45",39.1822174780979,"15,22,30,45",60.892625561941124,22
206,22.649192776288555,"4,22,24,37",15.081302801606036,"4,22,24,37",57.45834336390757,
207,25.226411711149616,"0,5,12,13",28.147554520209283,"0,5,12,13",59.51491052045727,
208,24.783862099749594,"4,9,36,45",24.45930530702682,"4,9,36,45",57.73447625532663,9
209,23.867891213831214,"2,5,31,47",25.273661383777245,"2,5,31,47",60.56474611694843,31
210,22.887829623604723,"7,15,25,48",42.338586574003926,"7,15,25,48",62.71549516239305,25
211,23.210611774280725,"31,38,39,48",0.035355291922477626,"31,38,39,48",57.13486885322176,
212,22.84866393737937,"18,39,40,41",0.02595186590339266,"18,39,40,41",58.794825709627965,
213,23.88924204798156,"3,9,10,45",14.079717896010594,"3,9,10,45",54.677339499558535,"9,45"
214,23.549544803400785,"10,21,25,42",23.14424731101366,"10,21,25,42",61.922192578235524,
215,22.20569460363666,"11,13,33,42",15.395388957705752,"11,13,33,42",57.010488950721594,
216,25.084034999447706,"6,29,31,32",15.527893588727856,"6,29,31,32",59.749123983972694,
217,22.89931700039329,"41,44,45,46",13.93925536595957,"41,44,45,46",56.27570114317705,
218,24.138929883911835,"7,30,31,43",13.190026448184609,"7,30,31,43",59.276791041619646,
219,22.577170499449007,"6,15,17,20",0.03268835343222683,"6,15,17,20",62.80315710924064,
220,24.029818529196028,"12,14,21,26",0.04586151980684172,"12,14,21,26",58.5368483164862,
221,23.743820237878474,"9,11,19,40",28.83299320540025,"9,11,19,40",61.976187629167335,
222,22.539354455573363,"5,12,18,28",30.364978186295097,"5,12,18,28",61.90908133956551,
223,23.348542120008634,"0,5,15,35",0.04591003432791157,"0,5,15,35",58.60265412985813,
224,22.063787665371542,"8,13,18,27",0.0979585508838852,"8,13,18,27",57.19404245401797,
225,25.257221307012998,"11,12,13,33",27.695108611090113,"11,12,13,33",62.80539849323541,
226,23.301171292046643,"3,27,42,48",23.06411521978818,"3,27,42,48",52.83462151509116,
227,22.678048646658077,"11,13,21,31",13.995165861399038,"11,13,21,31",62.989438033262395,
228,23.080610650073794,"4,20,40,49",20.18544015890948,"4,20,40,49",56.7751107445926,
229,24.73309720678643,"6,7,16,45",16.504928872674505,"6,7,16,45",54.35065806308134,
230,22.445092129927442,"3,25,42,48",35.99718245020496,"3,25,42,48",57.14865763530768,
231,24.808906167427732,"0,1,13,22",0.051961774133652404,"0,1,13,22",55.52664077889851,
232,22.58972843498351,"1,3,18,43",22.091277197416137,"1,3,18,43",57.803260967234436,43
233,23.36201595082948,"8,9,13,21",17.044149216017168,"8,9,13,21",56.670670376065644,8
234,21.99701150975044,"2,21,28,38",0.08363902144654631,"2,21,28,38",63.331521050832734,
235,23.18484639616782,"15,21,33,35",35.515705910721984,"15,21,33,35",53.96720977907779,
236,23.682026571762623,"0,12,39,41",0.03147539975929506,"0,12,39,41",54.404020924360225,
237,23.819005790527424,"4,11,12,22",38.04323417697223,"4,11,12,22",56.23125713434988,
238,23.73434844174974,"26,30,35,42",19.562486115113707,"26,30,35,42",56.88883267636453,
239,23.089316561533035,"13,26,29,32",0.03526596895229713,"13,26,29,32",57.86543447877874,
240,20.1618012201108,"15,16,32,33",32.50541280228331,"15,16,32,33",52.150843575695895,
241,22.178626081749893,"0,10,17,46",12.728510028238299,"0,10,17,46",58.56053946872705,
242,23.92827562286073,"9,31,39,42",0.06608922832830179,"9,31,39,42",62.29596301583611,
243,22.96884624921658,"10,25,47,49",14.486480961214719,"10,25,47,49",53.77643229602107,
244,25.15080557958361,"13,29,43,46",0.04515364769157647,"13,29,43,46",52.42448807921116,
245,23.613095813089814,"11,15,19,25",24.102700392902737,"11,15,19,25",58.08706222784148,
246,21.99675068267511,"12,19,39,49",15.251741057632584,"12,19,39,49",56.95900612990281,
247,22.733612272119796,"9,17,43,46",22.735971298725854,"9,17,43,46",60.1753767090997,
248,24.23742508313949,"17,20,25,42",12.32954021296043,"17,20,25,42",59.552408713770916,
249,23.822192021427643,"0,19,30,42",25.02569060334796,"0,19,30,42",55.656491985448255,30
250,23.532494890074613,"15,37,41,45",50.050743128790856,"37,41",55.6825833591181,
251,23.859539043461904,"4,14,38,45",17.904486773027834,"4,14,38,45",57.56565203624174,38
252,24.64919301651471,"18,27,38,42",57.321975965685496,"18,27,38,42",62.515598754505774,
253,22.66279471725267,"9,23,40,45",38.33487678075102,"9,23,40,45",54.54656300308379,45
254,24.358938326911627,"3,32,44,48",43.06405791478631,"3,32,44,48",59.68172639462675,
255,23.664247951014044,"4,5,13,35",23.216720490735778,"4,5,13,35",59.19362728713497,
256,24.085281049085538,"30,35,42,45",20.371669752471025,"30,35,42,45",56.73261345265733,
257,22.507104568028776,"7,17,34,46",0.03513432707873204,"7,17,34,46",58.21410678834373,
258,25.121019359020632,"6,12,26,48",24.472862346470603,"6,12,26,48",59.32107983123265,26
259,23.436834981203464,"19,38,44,45",39.339956024904865,"19,38,44,45",54.96636462122078,44
260,25.722042984621535,"30,34,41,44",20.389588528305854,"30,34,41,44",56.4308961256578,
261,30.766616417797238,"7,13,33,43",18.882233664054933,"7,13,33,43",57.29334675049861,43
262,23.333036139470888,"6,26,34,49",0.05779531556809204,"6,26,34,49",57.60498632757636,
263,24.140956689107217,"8,11,32,36",19.129231025532413,"8,11,32,36",57.266854085921715,8
264,25.863101583968508,"4,34,41,46",15.324757057669068,"4,34,41,46",57.68117652142122,
265,22.47531517500059,"17,20,42,45",35.383618367778205,"17,20,42,45",54.91171840570998,
266,22.9478737162451,"2,10,28,34",23.8416185902155,"2,10,28,34",59.03651310525404,
267,21.25680153635326,"6,9,37,39",14.51920252313211,"6,9,37,39",53.85182109857765,
268,23.091545772359485,"3,11,28,29",0.03489381844485745,"3,11,28,29",65.34727031928053,
269,22.648982594555783,"16,20,32,38",18.26771845508945,"16,20,32,38",56.11883113042531,
270,24.715379243475937,"6,25,28,43",21.933589643293292,"6,25,28,43",55.39524891841593,"6,43"
271,21.55011605129634,"4,20,38,41",0.03312154831903995,"4,20,38,41",56.30626469749196,
272,23.336616940078986,"15,29,32,44",14.14550203917973,"15,29,32,44",59.25942926821773,
273,24.396468575744056,"25,26,27,36",37.77050321484304,"25,26,27,36",60.35087246988167,
274,22.50901467750063,"6,7,14,46",19.92368785680493,"6,7,14,46",58.734980817978744,
275,23.016357439845823,"2,4,11,17",0.04163786895559149,"2,4,11,17",59.98888301940205,2
276,24.29631335981116,"2,4,22,42",19.421632399574875,"2,4,22,42",59.345480688700746,
277,22.921049891993867,"6,20,30,49",37.183142500214686,"6,20,30,49",53.62299706038589,
278,21.408532276266342,"15,37,39,41",16.035435516979742,"15,37,39,41",60.62333887158463,
279,22.884025015830716,"18,21,22,25",22.968046283729098,"18,21,22,25",55.46278093437894,
280,24.51857796817316,"5,21,26,43",0.0759706542902708,"5,21,26,43",60.0255287793469,
281,23.496868130615983,"27,30,40,42",0.0571049909638726,"27,30,40,42",58.75512567924851,
282,23.887517365232117,"5,16,26,31",24.34148077185497,"5,16,26,31",56.713465070960666,
283,22.266689939604532,"14,19,24,35",12.73932521733015,"14,19,24,35",52.370130969741055,24
284,21.576305453377355,"19,22,35,36",18.46147526005951,"19,22,35,36",51.22030361711686,36
285,21.202200594221527,"11,13,42,43",16.6034738805065,"11,13,42,43",59.15334964094552,
286,26.62103846064309,"2,11,26,40",35.81043946432967,"2,11,26,40",67.64256133183477,
287,21.588456886657813,"23,27,40,48",36.121048904336014,"23,27,40,48",56.70566276132507,
288,23.183138516370025,"25,26,27,49",16.77202160642171,"25,26,27,49",57.068173469883405,
289,23.429710424738985,"4,10,28,41",14.668195091967872,"4,10,28,41",52.70833312055556,4
290,23.745505814225233,"19,25,27,49",35.426265486186644,"19,25,27,49",54.58759718116115,25
291,23.014996219775604,"21,26,30,45",19.45491508620866,"21,26,30,45",55.85083997346388,
292,22.80837322292065,"20,23,39,40",24.887072385336012,"20,23,39,40",58.985386307383656,40
293,22.722762507118475,"6,29,31,33",41.30420728183071,"6,29,31,33",58.011480660069516,
294,22.172948617557815,"4,9,13,23",20.96985751052112,"4,9,13,23",53.139269817429806,
295,21.836867769015054,"18,33,36,45",0.044787961040915855,"18,33,36,45",46.809333309021575,
296,22.6386884263134,"2,23,36,42",22.622400450397237,"2,23,36,42",59.19804190698688,
297,21.53819375979204,"3,12,25,27",33.68919710281697,"3,12,25,27",46.73365837953127,"12,25"
298,20.390602039750277,"4,36,37,38",36.54364318094015,"4,36,37,38",55.63358606308356,
299,22.04721779883922,"14,31,39,42",19.16800658647556,"14,31,39,42",53.023526797408266,
300,23.817921684379847,"0,14,26,47",60.78112251614637,,60.85056807893999,
301,23.027193733591723,"17,20,38,40",36.61545163351146,"17,20,38,40",55.71095887566691,
302,21.84193188052191,"7,15,18,46",10.207547077799875,"7,15,18,46",58.8694316646759,
303,23.980734917629846,"13,36,46,47",0.03833090462052242,"13,36,46,47",58.91122976897303,
304,22.838081338122112,"10,15,22,47",12.101503764925079,"10,15,22,47",57.64613486723358,
305,24.22576246318628,"12,38,43,49",0.07636398951478825,"12,38,43,49",60.43138031834214,
306,23.5896635512918,"0,7,41,42",0.06293394540839413,"0,7,41,42",58.93664870439225,
307,24.30342885613205,"0,3,5,33",0.042738332992431995,"0,3,5,33",53.39504861844523,
308,22.88137117201916,"0,16,38,41",16.106734434800845,"0,16,38,41",56.45777731173568,
309,22.55775801195458,"1,2,12,43",38.06830681936503,"1,2,12,43",54.91797168370519,
310,23.53868230699085,"4,15,21,24",55.861483211566316,"4,15",60.6789239307722,
311,23.80366982658729,"0,15,19,46",20.312993330380326,"0,15,19,46",58.05784698295388,
312,21.567580912049813,"27,36,41,49",0.03411944463992204,"27,36,41,49",59.69461388847857,
313,23.688367224154952,"21,27,30,33",38.4492301719773,"21,27,30,33",60.555489946234516,
314,24.966466262093785,"4,13,14,36",37.738225827875226,"4,13,14,36",52.72724456296676,
315,24.574338286297316,"12,14,33,49",40.27026770937808,"12,14,33,49",62.059919227328024,
316,22.700336562884136,"13,32,36,44",17.056144477203006,"13,32,36,44",55.35436190323626,
317,22.751281231152998,"0,8,33,40",20.6943996763105,"0,8,33,40",53.87676925811423,
318,22.73060613766357,"0,34,38,45",25.34789388464015,"0,34,38,45",58.74272555892919,
319,23.33156319692933,"8,24,28,32",14.840500623381008,"8,24,28,32",55.186837117036326,
320,20.938198510015237,"7,9,38,47",16.2774990135008,"7,9,38,47",57.73628189296024,
321,23.22469381527252,"7,22,29,44",0.048171728104172064,"7,22,29,44",56.37141671835683,7
322,23.28700465308974,"3,31,32,47",40.956127664377966,"3,31,47",57.67200462157291,
323,22.103564960926327,"3,21,22,31",16.56748661819792,"3,21,22,31",66.50592550652337,
324,21.541261912372978,"2,24,31,39",18.83717783657687,"2,24,31,39",54.88363229494984,
325,24.874389824356694,"1,22,31,49",20.708273642210393,"1,22,31,49",52.183144557087196,
326,23.401702383899654,"22,23,25,44",48.148855586302716,"25,44",55.292829172141765,
327,27.251181842316424,"3,5,28,29",28.730789730299644,"3,5,28,29",59.48419390739633,29
328,23.179755301851976,"11,13,19,34",23.711358669313654,"11,13,19,34",59.19020694414992,
329,23.321624921114044,"10,33,41,47",38.97106299642901,"10,33,41,47",57.10852907715836,
330,22.30512268599186,"5,15,23,48",0.06529387810757534,"5,15,23,48",60.598201430744666,
331,23.821260438213734,"11,14,26,33",40.723869587494264,"11,14,26,33",63.19542957105486,
332,21.871330416581063,"10,27,28,48",21.58776930005985,"10,27,28,48",57.16922720101518,48
333,23.63912173859144,"12,30,34,48",15.786414269127926,"12,30,34,48",55.20321376885742,
334,22.881448273033083,"16,24,32,38",16.165577029252308,"16,24,32,38",60.085376788028455,
335,22.656716904082252,"13,23,45,48",22.420409857002713,"13,23,45,48",57.36088791049298,23
336,24.314665083428576,"4,21,27,41",38.51603273784211,"4,21,27,41",58.4105229793325,
337,23.437741983874368,"1,11,28,36",22.789451446266206,"1,11,28,36",59.26196822198719,
338,23.30459772827795,"0,12,26,48",0.04952001482983745,"0,12,26,48",60.44698489488419,
339,23.264667927961934,"19,20,23,44",23.52788147640336,"19,20,23,44",54.959882600653195,"19,44"
340,23.84241750437169,"9,11,42,45",0.0322994472616973,"9,11,42,45",59.35378317197373,
341,21.264022042804037,"16,20,45,49",17.440454314727926,"16,20,45,49",55.17598724813698,
342,22.60087958486129,"2,3,27,34",48.49439836742369,"3,27,34",65.35613484845214,
343,20.687372077659862,"1,12,18,47",12.48532228002253,"1,12,18,47",53.073019653516575,
344,22.053069832825926,"13,16,24,41",14.279865902007732,"13,16,24,41",57.091742351739185,
345,24.392693899203135,"8,14,19,49",20.547584373312567,"8,14,19,49",60.24189863842883,
346,23.871946958583983,"11,13,21,25",34.801322173792954,"11,13,21,25",56.57393080100766,
347,24.510638064964333,"9,12,31,41",19.791160875442728,"9,12,31,41",64.91281955019736,
348,25.082367308384477,"6,11,23,44",0.05733678881899549,"6,11,23,44",56.35901843006496,23
349,23.55228164734315,"1,5,27,49",37.8785151562681,"1,5,27,49",57.548355777996434,
350,23.26031769521992,"1,2,14,38",23.177963627399347,"1,2,14,38",60.18555994101339,
351,21.086039391403645,"4,7,27,45",36.14470100010228,"4,7,27,45",61.439966669253685,
352,23.195540334582546,"7,29,38,40",18.579288084798947,"7,29,38,40",59.11040686610016,
353,23.39623797722112,"25,26,40,49",0.04609026941116362,"25,26,40,49",61.923509332760155,
354,23.360878117768216,"18,38,45,47",55.203707685144764,"18,38,45,47",61.31551880099773,
355,23.617762281792682,"4,11,39,42",16.899209240518562,"4,11,39,42",58.429208741718206,
356,24.90867386311355,"22,32,33,34",19.201721992413848,"22,32,33,34",52.25805740734225,33
357,22.92823840076679,"5,6,14,15",16.05937363847356,"5,6,14,15",56.56045580888343,
358,25.623290498716685,"0,14,36,40",17.244948110495663,"0,14,36,40",57.571686211746794,
359,21.35602848175387,"0,5,30,35",18.015312957280717,"0,5,30,35",58.371774096382026,
360,24.41343144182403,"2,18,24,26",15.887982251530872,"2,18,24,26",64.1610525985067,
361,22.39980568880609,"2,8,21,24",0.053111082567580487,"2,8,21,24",54.60083606082078,
362,23.75330862300302,"9,31,36,42",35.27164605285344,"9,31,36,42",55.448634131357295,9
363,25.304916592027674,"5,9,36,37",0.034247780980119574,"5,9,36,37",61.16752752451867,36
364,25.78469000257267,"18,23,29,34",17.585425354143705,"18,23,29,34",58.756175564921314,
365,21.940142580584695,"16,19,20,23",17.163464619769613,"16,19,20,23",58.47609537848897,
366,21.499398257771876,"7,22,26,42",0.036543991521240986,"7,22,26,42",61.13665231565566,
367,23.074309608008935,"15,16,30,43",22.949911877960606,"15,16,30,43",57.28776775653749,
368,24.175263424304802,"5,15,33,34",0.0675097038994145,"5,15,33,34",61.321820934585716,33
369,24.044935511578988,"27,30,45,46",38.06774960106665,"27,30,45,46",57.88927741118968,
370,22.35412701440628,"0,14,20,48",14.0964005672684,"0,14,20,48",63.1927310103188,
371,23.56628208835383,"26,29,38,41",0.06218678962152972,"26,29,38,41",57.60886368497329,
372,22.677791801558573,"6,15,20,47",12.762180762021956,"6,15,20,47",55.10110479496496,47
373,22.83824014513109,"7,17,29,36",13.147733197332505,"7,17,29,36",58.37251301166673,
374,22.703933000901852,"9,10,45,46",27.548971461318096,"9,10,45,46",60.89040759624318,
375,23.2065759856688,"2,33,41,42",0.03488185439403972,"2,33,41,42",54.024791907984984,
376,24.26814311945105,"3,20,26,32",15.567030478916891,"3,20,26,32",53.336597951285626,
377,21.358563750489267,"15,18,22,29",17.719500886941454,"15,18,22,29",49.69628523888304,
378,22.356309292873927,"0,32,41,45",23.30868473863195,"0,32,41,45",55.6394436198873,
379,21.51521635978129,"17,23,41,49",15.553731610570628,"17,23,41,49",58.76493511863878,
380,22.975253910703156,"8,14,33,39",0.0336408305859012,"8,14,33,39",53.736452719281615,
381,22.610038050239144,"1,17,25,27",14.94129419718063,"1,17,25,27",57.684671480221965,27
382,24.188353280504266,"20,34,36,47",36.83771736738181,"20,34,36,47",56.070554453461426,
383,23.45133124476757,"4,16,18,43",14.54437680997574,"4,16,18,43",61.893317886398556,
384,21.310808108020616,"4,16,33,39",0.07685668579031975,"4,16,33,39",56.87997620626879,
385,21.770740907362246,"3,7,10,41",18.389363273955386,"3,7,10,41",55.637378194545455,
386,22.245831233482246,"13,30,40,45",19.821338509213252,"13,30,40,45",51.650520667300086,
387,24.045799500969125,"11,15,19,43",15.55112742019711,"11,15,19,43",58.2941806679809,
388,22.673631140532446,"21,25,30,45",25.623567833472837,"21,25,30,45",58.04668070215838,30
389,23.144028362187164,"21,33,37,48",16.050378601858156,"21,33,37,48",51.852368164273905,
390,24.251679371700906,"37,39,46,49",16.562246909294874,"37,39,46,49",54.73333298108619,
391,24.506950726749224,"6,7,18,21",24.93983039042302,"6,7,18,21",57.49776486095046,
392,23.0267838442624,"10,21,34,37",12.774072414699425,"10,21,34,37",57.335367654481644,
393,23.969405690840823,"18,23,24,41",0.062046298147067275,"18,23,24,41",59.594194175368564,
394,24.942488425123592,"2,22,39,45",39.78572180415899,"2,22,39,45",57.962594487963635,
395,23.062335404327683,"8,15,38,48",39.84994107224064,"8,15,38,48",60.626576081570185,
396,23.458619570442597,"12,21,23,28",15.409357544308781,"12,21,23,28",55.38790721701427,
397,23.656807209858112,"13,14,35,46",13.303217757876029,"13,14,35,46",55.787124079572564,14
398,24.278403343608893,"10,12,25,45",21.00341216948067,"10,12,25,45",59.47497900242531,
399,24.079787139721745,"5,22,34,41",40.76693301034985,"5,22,34,41",55.34628673228733,
400,22.81273799544082,"28,30,40,47",0.03538538962845874,"28,30,40,47",60.28937051763759,
401,21.487382307701495,"15,28,29,49",17.677685706468036,"15,28,29,49",60.723867849927494,
402,24.451112265886607,"22,25,28,49",40.34139944655284,"22,25,28,49",62.838828183116185,
403,21.15795582978099,"2,9,32,34",15.66617848975413,"2,9,32,34",58.55130544522661,32
404,22.21290881497736,"3,13,15,34",12.398927750827264,"3,13,15,34",55.15850813536495,
405,23.63806979290177,"9,18,26,27",18.83915374057319,"9,18,26,27",58.63053412211171,27
406,23.414963435277553,"0,5,8,46",59.221554266482684,8,59.9850792520771,
407,23.447998650909266,"0,8,13,46",10.855526932701977,"0,8,13,46",64.45142736159748,
408,24.386422760947603,"18,38,42,46",24.14386230610683,"18,38,42,46",60.660788895444384,
409,22.782534791247233,"12,19,20,33",18.418335012297963,"12,19,20,33",57.19071515100465,
410,21.836260902564927,"7,32,39,48",39.2092034863182,"7,32,39,48",62.07106458294665,
411,25.276717629119414,"9,33,41,49",0.05924987626157034,"9,33,41,49",61.458816046133926,
412,21.865500398777087,"15,37,47,48",0.04676210662544766,"15,37,47,48",53.62075252617784,47
413,26.025723454870175,"35,38,42,44",38.88477369938718,"35,38,42,44",56.149098410993815,
414,23.210190818319987,"10,11,37,46",53.1796894463331,"10,11",54.50287701584174,
415,24.098681702010236,"15,24,25,31",37.156972456100846,"15,24,25,31",55.64144763973441,
416,22.34259743843898,"1,3,10,36",14.350548738435235,"1,3,10,36",55.48863410434853,
417,24.655256219877053,"14,16,17,43",0.09490451180140971,"14,16,17,43",56.700741058049985,
418,22.768589017343213,"14,17,29,42",17.332903898470217,"14,17,29,42",63.28190098962969,
419,23.136794941706214,"8,15,36,38",14.63247736743044,"8,15,36,38",56.73506820695428,
420,24.98893407077232,"19,27,35,46",0.06489729723047685,"19,27,35,46",56.938978787697515,
421,22.916294640553996,"9,21,23,26",13.813834684056681,"9,21,23,26",57.59082336854555,
422,24.26243804106109,"2,3,5,35",15.241521451411595,"2,3,5,35",53.67602139794804,
423,25.680785515655963,"7,9,22,26",38.08990073848474,"7,9,22,26",57.57918721315278,
424,22.921320445445993,"2,27,33,46",26.243919238071015,"2,27,33,46",56.130030668738065,
425,24.135087958783494,"8,11,24,29",18.134413278519144,"8,11,24,29",55.80682355154697,
426,22.90794658528452,"15,22,35,38",39.210023691321005,"15,22,35,38",62.74054822769041,
427,23.196450396541092,"4,10,36,39",16.411080160388,"4,10,36,39",58.353896867230745,
428,24.546245585048535,"6,8,13,36",16.074336652665018,"6,8,13,36",58.478232420300195,
429,25.46296884204401,"7,17,32,47",23.373666801908147,"7,17,32,47",61.32322183396436,
430,23.77764719668241,"0,5,42,46",14.34808046107529,"0,5,42,46",57.27037900127646,
431,22.16567927410685,"11,29,31,47",17.685203023748972,"11,29,31,47",59.45472086438388,
432,23.802184267905435,"8,23,26,27",38.422100076793676,"8,23,26,27",54.55600529542216,
433,23.334274598983654,"0,3,23,30",51.57534457543587,"0,23",56.995283416911995,
434,23.81381838943181,"42,43,44,49",0.05132239876003245,"42,43,44,49",67.35935014896212,
435,23.59573011476892,"8,16,36,43",46.955534162056374,"8,36",55.7696609301384,8
436,22.007108721102416,"8,23,45,49",0.045331112257492874,"8,23,45,49",56.69673116449969,
437,22.458240355254343,"14,36,41,45",16.873273177821073,"14,36,41,45",60.82410431547291,
438,23.634169943313484,"0,11,18,24",17.585570764955207,"0,11,18,24",58.947090871457334,"0,11,18,24"
439,22.638822375890722,"9,15,28,48",41.174733774302965,"9,15,28,48",62.0579748304066,
440,24.023114410291516,"18,39,47,48",0.029442169477566508,"18,39,47,48",52.17511965690786,
441,24.68887161407822,"6,28,42,45",19.031649924557662,"6,28,42,45",63.27891513227961,
442,25.846504572739438,"5,13,17,21",56.68551751166857,17,60.62438168440407,
443,24.433463847156453,"3,29,35,44",0.041548810659713824,"3,29,35,44",58.23632418874625,
444,24.39142558977276,"28,36,42,48",17.452415403240312,"28,36,42,48",60.206009942468654,
445,22.628125413744872,"0,18,20,26",13.742086768655662,"0,18,20,26",56.092216396098294,
446,25.15421754728139,"3,11,15,23",39.739041416912066,"3,11,15,23",59.21942457834798,
447,24.145140096882017,"2,5,10,18",0.05507503717003387,"2,5,10,18",58.96295227819044,
448,21.190414650873638,"7,15,27,29",17.492317110495307,"7,15,27,29",53.30598360836365,
449,25.076570300436543,"14,20,21,29",25.692576459289878,"14,20,21,29",59.09619595017647,14
450,24.352841108261934,"0,11,18,34",21.569396813590952,"0,11,18,34",63.79959880121927,
451,22.524746387932268,"0,20,27,41",0.04135422675263902,"0,20,27,41",57.20561684387768,
452,24.875038621634328,"12,20,21,32",0.041906078320642595,"12,20,21,32",55.15154768500321,
453,24.489627779731393,"2,29,39,44",18.866557010816603,"2,29,39,44",58.497836408161284,2
454,23.629769105096212,"3,4,31,46",36.793215763773695,"3,4,31,46",57.8218751049801,
455,23.847769462658558,"8,25,29,32",24.095798997862126,"8,25,29,32",58.934560586435445,
456,23.679098836620927,"10,26,27,40",0.04243978084915885,"10,26,27,40",60.94991540021855,
457,23.703763579302496,"10,16,31,37",51.11321391517016,"10,37",57.83784646158875,
458,22.501544021924026,"19,24,32,49",12.147362825347857,"19,24,32,49",56.551916103167294,
459,24.590859827663632,"7,13,30,42",13.169388926969368,"7,13,30,42",55.929016979986265,
460,23.95132348232598,"7,11,31,37",37.154762257865244,"7,11,31,37",58.87612631783081,
461,23.049140947223105,"3,11,41,47",46.881891389883585,"41,47",63.70158043494962,
462,22.780854743705405,"1,5,45,47",18.516924110944974,"1,5,45,47",53.13440031708332,
463,23.473149547279732,"0,18,19,40",13.541919953664442,"0,18,19,40",59.18226143743722,
464,23.36867811747524,"2,12,26,28,31",21.207933779431563,"2,12,26,31",55.655311538549476,2
465,22.577851471269895,"24,29,31,33",0.04491501103447791,"24,29,31,33",55.87776546868025,
466,22.557630130904663,"2,5,32,44",0.04714698566928245,"2,5,32,44",57.25616221809351,44
467,22.695430968302958,"3,10,22,49",18.39284458895571,"3,10,22,49",58.75016152032539,
468,22.467793249331777,"1,17,21,41",0.0801045110600368,"1,17,21,41",54.36237879367107,21
469,24.07926467123154,"1,3,35,48",40.016297647860796,"1,3,35,48",63.76665223587082,
470,22.630032898105842,"0,6,14,37",21.68991302774985,"0,6,14,37",49.64067573928298,
471,24.672838190204267,"8,20,29,39",0.05266477828695459,"8,20,29,39",58.948215219029755,20
472,22.288312216176433,"25,33,41,45",0.03771940171208784,"25,33,41,45",57.02714795441759,
473,24.32276684218536,"4,9,16,44",17.15809853183965,"4,9,16,44",58.549508345897586,
474,23.31957936825126,"11,21,27,34",0.049707955819091924,"11,21,27,34",52.37096588083105,
475,21.196426227034966,"12,14,37,46",14.679985150508568,"12,14,37,46",58.73448924777653,
476,22.807236462582598,"16,19,29,42",25.412514774899837,"16,19,29,42",63.318045600790576,
477,24.681181287227524,"6,17,20,44",24.759072112426644,"6,17,20,44",56.46898067424955,
478,23.69662012999808,"2,23,37,49",0.025464500303489502,"2,23,37,49",58.84364463726191,
479,23.57190458855258,"27,36,39,42",38.95214738029681,"27,36,39,42",61.462149917143805,
480,23.426216464132914,"30,31,36,47",18.84476857605377,"30,31,36,47",60.27088801220736,
481,24.19577421635004,"19,33,41,49",20.059235791262616,"19,33,41,49",60.43568674682409,
482,14.971622980371073,"3,6,27,41",13.966486278914171,"3,6,27,41",16.89365201086523,"3,6,27,41"
483,23.157698883902246,"8,36,41,46",0.05423539104179566,"8,36,41,46",55.238026680053686,
484,23.78578880061303,"39,45,48,49",0.060082817786394044,"39,45,48,49",60.48289045184456,
485,22.378688706578405,"1,11,27,33",14.895491810549508,"1,11,27,33",55.88312487933211,
486,22.023283406342653,"15,22,29,42",0.06339596513054978,"15,22,29,42",62.58528092677315,
487,23.389433738943275,"14,22,34,36",38.004344603335454,"14,22,34,36",56.04493529346662,
488,25.17853342108027,"14,32,41,47",0.04316047862924461,"14,32,41,47",57.68433609865116,
489,24.10390365819403,"12,40,46,47",18.050314314947478,"12,40,46,47",54.824896834238864,
490,23.833849208349616,"7,28,29,44",20.435002681710287,"7,28,29,44",62.36652435800688,7
491,24.12348738759354,"3,7,12,33",26.090554172630785,"3,7,12,33",59.994955981493526,
492,22.288234646631334,"13,31,34,48",34.42493923776839,"13,31,34,48",49.2709729613368,
493,22.239585491977312,"17,18,23,27",0.038145462526849014,"17,18,23,27",56.255982038787536,
494,23.732044530533347,"14,27,42,49",19.73451696735016,"14,27,42,49",57.87644708049582,
495,24.81517527431961,"42,43,47,49",18.82723751636742,"42,43,47,49",53.557799627935495,43
496,22.5644670469462,"5,22,23,41",15.090513566024025,"5,22,23,41",49.49308569685566,
497,21.81729551780546,"29,30,36,45",0.04797076822758583,"29,30,36,45",58.94279026251256,
498,23.325407037400836,"0,3,17,39",16.71121900430614,"0,3,17,39",60.11607887748669,
499,21.93943441432404,"11,23,35,40",16.994507008808664,"11,23,35,40",59.38561949060904,
