simulation,RandomForest_mse,RandomForest_features,XGBoost_mse,XGBoost_features,LassoNet_mse,LassoNet_features,LASSO_QUT_mse,LASSO_QUT_features,HarderLASSO_QUT_mse,HarderLASSO_QUT_features
0,484.4530291612934,"1,6,19,23,25,27,29,31,32,35,40,44,48",695.68065349835,44,220.448347803245,"0,1,3,4,6,7,8,9,10,12,13,14,15,16,17,18,19,20,21,22,23,24,25,26,27,28,29,30,31,32,33,35,36,39,40,41,42,43,44,46,47,48,49",620.5086976211618,,257.2286237936697,"1,3,18,19,25,27,29,31,35,39,40,44,48,49"
1,462.39228644858576,"1,18,20,30,31,32,33,38,39,41",684.8661727277474,"31,38",322.7372801961079,"0,1,2,3,4,5,6,7,8,9,10,11,12,13,14,15,16,17,18,19,20,21,22,23,24,26,27,28,29,30,31,32,33,35,36,37,38,39,40,41,42,43,44,45,46,47,48,49",583.0437174880228,,232.8394306554725,"1,13,14,20,29,30,31,32,33,37,38,39,41,48"
2,425.4494477917965,"1,4,6,12,15,25,26,32,34,38,42,44,48",626.174518130725,"15,44,48",186.30049864875835,"0,1,2,3,4,5,6,7,8,9,10,11,12,13,14,15,17,18,19,20,21,22,23,24,25,26,27,28,29,30,31,32,33,34,35,36,37,38,39,40,41,42,44,45,46,47,48,49",582.1883022151696,,132.62032838029964,"1,4,6,12,15,18,25,26,32,34,38,40,44,46,47,48"
3,393.4953321126326,"2,8,11,12,14,16,17,18,26,29,34,35,41,45",629.939480317922,"26,41,45",189.9613752942028,"0,1,2,3,4,5,6,7,8,9,10,11,12,13,14,15,16,17,18,19,20,21,22,23,24,25,26,28,29,30,31,32,33,34,35,36,37,38,39,40,41,42,43,44,45,46,47,48,49",581.7022151104934,,24.604163723543746,"2,8,11,12,14,15,16,17,18,26,29,33,34,35,41,45,49"
4,405.8304855601155,"2,8,11,14,15,17,21,24,25,30,31,32,35,37",573.674251819927,"25,32,37",233.34690107819895,"0,1,2,4,5,6,7,8,9,10,11,12,13,14,15,16,17,18,19,20,21,22,23,24,25,27,28,29,30,31,32,33,34,35,36,37,38,40,41,42,43,44,45,46,48,49",532.2630700131737,,187.9634446768713,"2,5,11,14,15,17,21,24,25,30,32,37"
5,442.2696797975588,"4,10,20,22,23,24,25,27,30,34,35,40,43",686.462557225999,30,327.26982945179367,"0,1,2,3,4,5,6,7,9,10,11,12,14,15,16,17,18,19,20,21,22,23,24,25,26,27,28,29,30,31,32,34,35,37,38,39,40,42,43,44,46,47,48,49",607.5224970320468,,195.9506935879656,"4,5,7,10,20,23,24,27,30,35,40,43"
6,509.8758951788107,"4,6,13,20,25,26,27,40,41,44,48",613.3984818926936,,260.6714665392142,"0,1,2,3,4,6,7,8,9,10,11,12,13,14,15,16,17,18,19,20,21,22,23,24,25,26,27,28,29,30,31,32,33,34,35,37,38,40,41,43,44,45,46,47,48,49",615.6622091345552,,256.25751321637745,"4,6,13,15,22,23,25,26,27,30,35,40,41,45"
7,415.5117563482839,"3,6,10,13,15,25,26,27,29,31,36,47",592.7694592489203,"25,29,31,47",438.559767596338,"0,1,3,4,5,6,7,8,9,10,11,12,13,14,15,16,17,18,19,20,21,22,23,24,25,26,27,28,29,30,31,32,33,34,35,36,37,38,39,40,41,42,43,44,45,46,47,48",572.7356294703907,,151.91238046992927,"3,6,10,13,15,25,26,27,29,31,36,43,44,45,47"
8,443.4113394143225,"3,4,12,13,16,19,33,35,38,41,45,47,48",657.7027303695129,"12,19,38,47,48",550.1185294903728,"0,1,2,3,4,5,6,7,8,9,10,11,12,13,14,15,16,17,18,19,20,21,22,24,27,29,30,31,32,33,34,35,37,38,39,40,41,42,43,44,45,46,47,48,49",543.1032044011199,,339.6427028249881,"3,4,13,21,29,35,38,41,45"
9,484.3228031315807,"0,5,8,18,19,20,24,30,33,34,42,48",697.6832262076496,30,257.63994328269104,"0,1,2,3,4,5,6,7,8,9,10,11,12,13,14,15,16,17,18,19,20,21,22,23,24,25,26,27,28,29,30,31,32,33,34,35,36,37,38,39,40,41,42,44,46,47,48",595.6941194659324,,362.9397973020971,"0,8,18,19,20,24,30,33,34,40,48"
10,420.4746298195411,"0,2,6,7,8,12,17,24,29,31,33,37",620.7291090126718,"24,29,37",320.4775242837394,"0,1,2,3,4,6,7,8,9,10,11,12,14,17,19,20,21,22,23,24,25,26,28,29,30,31,32,33,34,35,36,37,39,40,43,44,45,46,47,48,49",565.1965330223476,,112.87777923554764,"0,4,6,7,8,12,17,20,24,29,31,33,36,37"
11,416.4996871411746,"5,8,12,15,17,21,31,33,38,41,44,46,47,48,49",664.6612108683418,"41,44,46",241.92075913772493,"1,2,3,4,5,6,7,8,9,10,12,13,15,16,17,18,19,20,21,22,23,24,25,26,28,29,30,31,32,33,34,35,37,38,39,40,41,42,43,44,45,46,47,48,49",593.0310549407499,,46.105107198641406,"5,8,12,15,16,17,18,21,31,33,38,41,44,46,47,48,49"
12,430.62187351732024,"6,8,12,13,18,23,35,36,40,41,48",644.6974545493342,"36,41,48",242.13169371413707,"0,1,3,4,5,6,7,8,9,10,12,13,14,15,16,17,18,19,21,23,24,25,26,27,28,29,30,31,32,33,34,35,36,38,39,40,41,42,43,44,45,46,47,48,49",585.9355238283382,,199.3010490417824,"6,8,9,12,13,14,18,23,25,32,35,36,40,41,48"
13,437.7250083181175,"0,5,7,8,12,16,19,22,28,29,31,32,35,43,45",705.8203329415005,"31,43,44",212.67495061268352,"0,1,3,4,5,6,7,8,9,10,11,12,13,14,15,16,17,18,19,20,21,22,23,24,25,26,27,28,29,30,31,32,34,35,36,37,38,39,40,41,42,43,44,45,46,47,48,49",605.3318437809108,,178.20756915491674,"0,5,7,8,12,16,19,22,28,29,31,32,38,43,45"
14,439.02345351188177,"8,20,22,23,24,30,37,39,42,44,49",692.2353039696762,"30,37,42",208.2326791837273,"0,1,2,3,5,6,8,9,10,11,12,14,15,16,17,18,19,20,21,22,23,24,25,26,28,30,31,33,34,35,36,37,38,39,40,41,42,44,45,46,47,48,49",582.8203084464733,,202.35259918182908,"0,12,15,20,22,23,24,30,33,37,42,49"
15,437.7512965594016,"1,2,4,7,8,16,19,22,24,35,39,48",670.6329562067608,"22,39,48",201.07625186540832,"0,1,2,3,4,5,6,7,8,9,10,11,12,13,14,15,16,18,19,20,21,22,23,24,25,28,29,30,31,32,33,34,35,36,37,38,39,40,41,42,43,45,48,49",557.2984091292047,,341.4187865504208,"1,4,15,19,22,24,35,39,40"
16,494.6004396104767,"1,2,15,16,23,30,31,32,40,41,43,48,49",810.4560044472655,"31,32",275.914973557443,"0,1,2,3,4,5,6,7,8,9,10,11,12,13,14,15,16,19,20,21,22,23,24,25,26,27,28,29,30,31,32,33,35,36,37,38,39,40,41,43,44,45,46,48,49",669.3530171477668,,220.62251592144617,"1,5,6,16,20,23,26,30,31,32,40,43,48"
17,421.9840393244738,"2,4,7,8,20,21,22,29,37,40,41,43,45",715.4812409134281,"40,41,45",261.33885481933237,"0,1,2,4,5,6,7,8,9,10,11,12,13,14,15,16,17,18,19,20,21,22,23,25,26,28,29,32,33,34,36,37,38,40,41,42,43,45,46,47,48,49",589.2438060519935,,187.83434794212573,"2,4,8,11,20,21,22,29,33,37,40,41,43,45"
18,508.1631774068627,"2,10,11,19,23,25,29,30,33,34,38,44",696.2793796050152,"34,44",486.4310959235788,"0,1,2,3,4,5,6,8,9,10,11,12,13,14,15,16,18,19,20,21,22,23,24,25,26,27,28,29,30,31,33,34,35,36,37,38,40,41,42,43,44,45,46,47,48",610.654989619602,,221.3515650551479,"2,9,11,16,19,22,23,25,26,29,30,34,41"
19,452.4840340423651,"4,8,13,15,20,26,35,39,40,46,48",623.0392182643564,"13,15,20,35,48",180.8783172631084,"0,1,2,3,4,5,6,7,8,9,10,11,12,13,14,15,16,17,18,19,20,22,24,25,26,27,28,29,30,31,34,35,36,37,38,39,40,42,43,44,45,46,47,48,49",576.9083128147366,,212.8693540326696,"4,8,13,15,16,20,25,26,35,38,40,47,48"
20,449.51047286321466,"7,8,11,13,14,15,24,29,31,37,44,49",749.3550095609539,"37,44",311.13442630753957,"1,3,6,7,8,11,12,13,14,15,16,17,20,21,22,23,24,26,27,28,29,30,31,32,33,34,35,36,37,38,39,40,41,43,44,46,47,48,49",594.8350417370149,,280.04819917429273,"11,15,16,20,23,24,29,31,32,37,44"
21,470.0547381533785,"0,7,8,9,22,26,27,31,32,38,43,44",591.8146210878848,,356.5163441955297,"0,1,2,3,4,5,6,7,8,9,10,11,12,13,14,15,17,18,19,20,21,22,23,24,25,26,27,28,29,30,31,32,33,34,35,36,37,38,39,40,41,42,43,44,45,46,47,49",591.021763378783,,222.44075011015312,"0,7,8,9,18,27,31,32,35,36,38,44,49"
22,411.16508900346537,"0,1,5,12,13,17,18,33,34,38,40,44,45,49",628.154675490273,"38,40,45",438.46860666914296,"0,1,2,3,4,5,6,7,8,9,10,11,12,13,14,15,16,17,18,20,21,22,24,25,26,27,28,29,30,31,33,34,35,36,37,38,40,41,42,44,45,46,47,48,49",563.919016564024,,281.17468767746993,"5,11,12,17,33,34,38,40,44,45,49"
23,428.6397522940448,"6,12,15,17,18,23,25,26,36,42,44",626.0215922268583,"36,44",179.0671437410725,"0,1,2,3,4,5,6,7,8,9,10,11,12,13,14,15,16,17,18,19,20,21,22,23,24,25,26,27,28,29,30,31,32,33,34,35,36,37,38,39,40,41,42,43,44,45,46,47,48,49",558.4510578161598,,282.45782883072957,"9,12,15,17,18,19,23,25,36,38,44,48,49"
24,430.35353736031414,"0,2,7,9,17,21,22,24,27,30,38,40",576.3570376341671,"24,27,30,38,40",261.8755931780139,"0,1,2,3,5,6,7,8,9,10,11,12,15,16,17,18,19,20,21,22,23,24,25,26,27,28,29,30,31,32,33,34,35,36,37,38,39,40,41,43,44,45,46,47,48,49",576.7548657128401,,333.91047083366243,"7,8,17,20,21,23,27,30,38,40"
25,427.326742899241,"3,7,10,11,13,18,21,30,31,32,33,38,40,49",632.9519275610003,"38,40,49",374.0431008355081,"0,1,2,3,4,5,6,7,8,9,10,11,12,13,14,15,16,17,18,19,21,22,23,24,25,26,27,28,29,30,31,32,33,34,35,36,37,38,40,42,43,45,46,47,49",590.0443719265868,,268.714694278218,"3,7,13,18,30,32,33,38,40,49"
26,443.7427762179803,"2,8,10,12,13,15,18,21,35,37,38,45",700.5461703795959,45,305.7037902582227,"0,1,2,3,4,5,6,7,8,10,11,12,13,15,16,17,18,19,21,22,23,27,28,30,31,32,33,34,35,36,37,38,39,40,41,42,43,44,45,46,47,48",591.9652136636875,,272.8142270783314,"8,10,12,13,15,18,21,33,36,37,38,45"
27,441.7579095936451,"2,3,10,36,40,41,45,46,47,48",671.7739037910478,"41,45,48",274.09670311457296,"0,2,3,4,5,6,7,8,9,10,11,12,13,14,15,17,18,19,20,21,22,23,24,25,26,27,28,29,30,31,32,33,34,35,36,37,38,39,40,41,42,43,44,45,46,47,48,49",580.6659490242456,,279.63834831244526,"2,3,10,36,39,40,41,45,46,47,48"
28,460.5180138350431,"4,8,9,10,13,14,25,27,30,35,43,48",707.312358639932,"13,43",179.05130908763374,"1,2,3,4,5,6,7,8,9,10,11,12,13,14,15,16,17,18,19,22,23,24,25,26,27,28,29,30,32,33,34,35,36,39,40,41,42,43,44,45,46,47,48,49",582.688432040092,,314.3850773810565,"4,7,8,10,13,14,20,27,30,43,47"
29,439.7448778613687,"0,6,7,13,26,30,33,37,38,45,47,48",649.1901887693522,"13,30,38,47",258.2243026715245,"0,1,2,3,5,6,7,8,9,10,11,12,13,14,16,17,18,19,21,22,23,24,25,26,27,28,29,30,31,32,33,34,35,37,38,39,40,41,42,43,44,45,46,47,48,49",614.2643675458736,,280.9165384465314,"0,6,7,13,26,30,33,37,38,45,47"
30,469.3146865525361,"10,15,16,24,28,29,30,31,36,43,47",559.177870664441,"16,28,29,31,43",248.2686279048056,"1,2,3,4,5,6,7,9,10,11,13,14,15,16,18,19,20,21,22,23,24,25,26,27,28,29,30,31,32,33,34,35,36,37,38,39,40,41,42,43,44,45,46,47,48,49",587.6989545906174,,265.2015193227703,"3,10,15,16,24,25,28,29,30,31,35,36,40,43,47"
31,488.8887881335136,"6,11,16,18,21,32,33,35,37,44,45,49",708.0418101433994,"37,44,45",265.63355466087336,"1,2,3,4,6,7,9,10,11,12,13,14,15,16,17,18,19,20,21,22,23,24,25,26,27,29,31,32,33,34,35,36,37,38,39,40,42,43,44,45,46,47,48,49",615.5477894725539,,270.282888468062,"6,7,11,16,18,21,24,33,35,37,44,45,49"
32,451.8066654582531,"7,11,14,15,16,17,20,25,27,30,31,35,38,39,42,43,44,47,48",675.5228199222367,"11,38,42,47,49",210.2373171972554,"0,1,2,3,5,6,7,8,9,10,11,13,14,15,16,17,18,19,20,21,22,24,25,26,27,28,29,30,31,32,33,34,35,36,37,38,39,41,42,43,44,45,47,48,49",590.3961535622253,,264.03432249781815,"2,7,11,14,16,17,20,25,30,31,35,38,42,44,47,48"
33,446.5867329034163,"0,5,6,8,11,13,17,19,21,35,39,40,45",569.7892971538278,,215.9316298965087,"0,1,2,3,4,5,6,7,8,9,10,11,12,13,14,15,17,18,19,20,21,22,24,25,26,27,28,29,30,32,33,34,35,36,37,38,39,40,41,42,44,45,46,47,48,49",568.2934416951598,,147.8782228434123,"0,5,6,8,11,13,17,19,21,22,25,35,39,40"
34,493.1516359518288,"1,2,4,12,13,16,20,23,32,37,43,46",647.7745854768827,"20,43,46",286.2297270688887,"0,1,2,3,4,5,6,7,8,9,10,11,12,13,14,15,16,17,18,19,20,21,22,23,24,25,26,27,28,29,30,31,32,34,35,36,37,39,40,41,42,43,44,45,46,47,48,49",584.5915537574804,,279.2778953185195,"1,6,11,12,13,16,20,37,43,46"
35,397.90985549180755,"0,6,9,11,13,21,29,30,33,36,40,41,42",686.8467941402018,29,174.926336710234,"0,1,2,4,6,7,8,9,10,11,12,13,14,15,16,17,18,19,20,21,22,23,24,25,26,27,28,29,30,31,32,33,35,36,37,38,39,40,41,42,43,44,45,46,47,48,49",571.838937395768,,293.91672257219653,"0,9,11,13,15,21,26,29,30,36,40,42,47"
36,454.20906009092016,"10,11,14,17,18,19,21,28,31,32,40,42,44,49",579.291308100159,"10,18,31,40,42,47,49",266.06491769208304,"0,1,3,4,5,6,7,8,9,10,11,12,13,14,15,16,17,18,19,21,22,23,24,25,26,27,28,29,30,31,32,33,35,36,37,39,40,42,43,44,46,47,48,49",605.7830549370409,,302.82252646991736,"10,11,14,17,18,19,28,38,40,42,47,49"
37,400.5680547627431,"0,3,8,14,21,27,29,35,39,40,41,43,44,45",592.5577014565048,"40,43,45,47",264.0216602567652,"0,1,2,3,4,5,6,7,8,9,11,12,13,14,17,18,19,20,21,22,23,24,26,27,28,29,32,33,34,35,36,37,38,39,40,41,42,43,44,45,46,47,48,49",549.869613133555,,263.0085854412715,"8,14,21,27,29,35,39,40,43,45,47"
38,426.7508172133949,"0,1,11,18,21,23,29,33,34,37,43,46",670.3818920950016,"37,43",291.5606127504407,"0,1,2,3,5,6,7,9,10,11,13,14,15,16,17,18,19,20,21,22,23,26,27,29,30,31,32,33,34,35,36,37,38,39,41,42,43,44,46,47,48,49",566.3441649371854,,252.0723166034863,"0,1,11,21,26,30,33,34,37,41,43"
39,461.083700067514,"1,5,6,7,9,11,16,21,29,45",645.636568301717,45,246.52715801950387,"0,1,2,3,4,5,6,7,8,9,10,11,12,13,14,15,16,17,18,19,20,21,22,23,24,25,26,27,28,29,30,31,32,35,36,37,38,39,40,41,43,44,45,46,47,48,49",569.213423731037,,258.7278863499458,"0,1,5,7,9,11,16,24,25,29,31,49"
40,548.4657300747336,"0,16,17,20,22,27,29,48",655.5102952036386,"27,45",243.99479137115267,"0,1,3,4,5,6,7,8,9,10,11,12,13,14,15,16,17,18,19,20,21,22,23,24,25,26,27,28,29,30,32,33,34,35,36,37,38,40,41,42,43,44,45,46,47,48,49",585.963009940643,,240.79704225156428,"6,10,15,16,17,20,22,27,34,35,42,45,47,48"
41,485.2816959685097,"2,3,6,8,10,11,14,16,24,32,35,39,41,45,46",680.1448912476441,"32,39,46",383.2560495333462,"1,2,3,4,6,7,8,9,10,11,12,13,14,15,16,18,19,20,21,22,23,24,25,26,28,29,30,31,32,33,34,35,36,37,39,40,41,42,43,44,45,46,47,48,49",633.3568502727859,,295.4329530822352,"2,3,8,10,11,14,16,24,37,39,41,46,47,49"
42,464.35974152434375,"2,3,12,18,19,21,23,25,29,30,34,38,46",727.7817238987983,"29,30,38",225.04195625036857,"0,1,2,3,4,5,6,7,8,9,10,11,12,13,14,15,16,17,18,19,20,21,22,23,24,25,26,27,28,29,30,31,32,33,34,35,36,37,38,41,42,43,44,45,46,47,48,49",624.3330632487124,,231.85093933189,"2,6,16,18,19,21,23,24,25,29,30,34,38,46"
43,487.3211234111479,"0,2,3,4,19,27,39,40,43,49",680.2980940545445,"40,43",316.0731073859768,"0,1,2,3,4,6,7,8,10,12,13,14,15,16,17,18,19,20,21,22,23,24,25,26,27,28,32,34,36,37,39,40,42,43,44,45,46,49",600.8331260796668,,203.049072636156,"0,4,6,12,17,19,23,27,36,39,40,43,49"
44,457.547432838957,"0,3,4,11,15,18,19,22,25,32,33,37,40,42,45",615.6126094116911,,174.39820537115688,"0,1,2,3,4,5,6,7,8,10,11,12,13,14,15,16,17,18,19,20,21,22,24,25,26,27,28,29,30,31,32,33,34,36,37,38,39,40,41,42,43,44,45,49",618.966800186316,,270.25401235348033,"0,4,12,15,18,19,25,27,29,30,32,33,37,40,45"
45,443.4992882306557,"3,8,10,11,15,16,23,24,25,33,36,37,42,49",692.3058045045489,"25,42",308.59850681627967,"0,1,2,3,4,6,8,10,11,12,15,16,17,19,21,22,23,24,25,26,27,28,29,32,33,36,37,38,39,40,41,42,43,44,45,47,49",600.5175531753183,,196.3612016586164,"8,11,15,16,23,24,25,28,33,36,37,42,49"
46,454.54505800679806,"4,12,16,24,30,31,34,35,40,47,48",657.1546942665094,"30,34",324.80905989509176,"0,1,2,3,4,5,6,7,8,9,10,12,15,16,17,18,19,20,21,22,23,24,25,26,27,28,29,30,31,32,33,34,35,36,37,38,39,40,42,44,45,46,47,48,49",580.2525781043227,,193.3812683789203,"0,12,16,18,24,26,30,31,32,34,35,40,47,48"
47,439.3245305399546,"10,19,27,29,31,32,35,37,40,41,44,48,49",608.7644567431166,"19,27,40,44,48,49",186.82307101003585,"1,2,3,4,5,6,7,8,9,10,11,12,14,15,16,18,19,20,21,22,23,24,25,27,28,29,31,32,33,34,35,36,37,39,40,41,42,43,44,45,46,47,48,49",562.442596702263,,306.1921457194186,"10,11,19,21,27,34,35,37,40,41,44,48"
48,470.9767416319026,"1,3,7,12,15,35,36,44,48",593.7115805526317,"36,44,48",279.73414063986087,"1,2,3,4,5,6,7,8,9,10,11,12,13,14,15,16,17,18,19,20,21,22,23,24,25,26,27,28,29,30,31,32,33,34,35,36,37,38,39,40,41,42,43,44,46,47,48,49",591.3879520453983,,267.81752793760364,"1,3,7,12,15,16,25,35,36,37,44,46,48"
49,429.838523479917,"0,4,8,9,10,12,13,21,23,29,30,34,39,44",746.8355957867666,"10,21,30,44",193.2644614009284,"0,1,2,3,4,6,7,8,9,10,11,12,13,14,15,16,17,18,19,20,21,22,23,24,25,26,28,29,30,32,34,35,36,37,38,39,41,42,44,45,46,47,48,49",569.9793946598568,,14.8020639715782,"0,4,8,9,10,12,13,15,21,23,28,29,30,34,39,44"
50,447.73171376067626,"2,7,8,9,13,20,24,26,29,32,33,37,41",616.0198072781562,"29,32,37,41",256.2412485474299,"0,1,2,3,4,5,7,8,9,10,11,13,14,15,16,17,18,19,20,21,23,24,25,26,27,28,29,30,31,32,33,34,35,36,37,38,39,40,41,43,44,45,46,47,48,49",578.169196850943,,191.87996921558224,"0,2,8,9,13,20,24,26,27,29,33,36,37,41,43"
51,424.3214132661113,"0,2,3,5,13,21,25,27,28,29,38,41,42,44,45,46",535.9944209107018,"27,29,41,44,45",388.81221185042,"0,1,2,3,4,5,6,7,8,9,11,12,13,14,15,16,17,18,19,20,21,22,25,27,28,29,30,31,32,33,34,35,36,37,38,39,40,41,42,43,44,45,46,48,49",563.5843888913473,,116.39861964304254,"2,3,5,16,18,21,25,27,28,29,39,41,44,45,46"
52,464.8082572576171,"3,4,9,12,13,21,27,33,37,40,42,48",661.1274703490184,"40,42",236.27495937867644,"0,1,2,3,4,7,8,9,10,11,12,13,14,15,16,17,18,19,20,21,22,23,24,25,26,27,28,29,30,31,33,34,35,36,37,38,39,40,42,43,44,45,46,47,48",565.7356866803527,,214.5103656122791,"2,3,4,9,12,13,21,22,33,37,40,42,48"
53,467.7763228057352,"0,7,8,14,20,22,24,25,29,32,34,42,43,46",622.3825705737297,"14,20,34,46",251.20888934986445,"0,1,2,3,5,6,7,8,9,10,11,12,13,14,15,16,17,18,19,20,21,22,23,24,25,26,27,28,29,30,31,32,33,34,35,37,38,39,40,41,42,43,44,45,46,47,48,49",622.2251446330611,,237.4677364311359,"7,8,14,20,22,24,25,29,31,34,42,43,46,47"
54,428.65093148915565,"0,7,8,15,16,18,22,23,33,37,40,42",704.2543842247125,"18,42",362.478857387068,"0,1,2,3,4,5,6,7,8,9,10,12,13,14,15,16,17,18,19,20,21,22,23,24,25,26,28,30,31,32,33,34,35,36,37,38,39,40,41,42,44,45,46,48,49",588.8581768139343,,152.17072702775727,"0,6,7,8,15,16,18,20,22,23,33,37,40,42"
55,500.75324618699995,"4,5,6,14,31,41,42,44,45,46",559.3600653550678,,256.80154060220985,"0,2,4,5,6,7,8,9,10,11,12,13,14,17,18,20,22,24,25,26,27,28,29,31,32,33,34,35,36,37,39,40,41,42,43,44,45,46,47",561.5497982056421,,141.50459748162183,"2,4,5,6,8,9,11,14,17,18,20,27,31,32,41,42,44,45,46"
56,438.2772415943349,"0,5,10,12,18,21,23,25,28,30,32,37,47,49",658.4063758648352,"21,28,30,37,49",288.4997669318242,"0,1,2,3,5,6,7,9,10,11,12,13,14,15,16,18,20,21,22,23,24,25,26,28,29,30,31,32,34,35,37,38,40,42,43,44,45,46,47,49",601.5927325753195,,204.32649315270712,"0,5,10,12,18,20,21,23,30,32,37,47"
57,487.44348339567466,"2,11,18,19,27,28,35,37,44,45",715.5442127667253,"35,37,44,45",301.66232073076986,"2,3,4,5,7,8,9,10,11,13,15,17,18,19,20,21,22,23,24,25,26,27,28,29,30,31,33,34,35,37,38,39,40,41,42,43,44,45,47,48,49",582.721364551774,,199.98743543273636,"2,11,18,19,27,28,29,33,35,37,44,47,49"
58,444.9084596709619,"1,8,15,16,18,20,21,30,34,35,38,46",642.3280014336777,"20,38,46",255.7077338814552,"1,2,3,4,5,6,7,8,9,10,11,12,13,14,15,16,17,18,19,20,21,22,23,24,25,26,27,28,29,30,31,32,33,34,35,36,37,38,39,40,41,42,43,44,45,46,47,48,49",582.6355066440314,,278.3332775086821,"1,2,3,8,11,15,16,18,19,20,21,30,34,38,39,44,45,46"
59,444.81666494605525,"1,3,9,15,20,34,36,38,42,47",627.1937483423707,47,306.4103548863623,"0,1,3,4,5,6,7,9,10,11,12,13,14,15,16,17,18,19,20,21,22,23,24,25,26,27,28,29,30,31,32,33,34,35,36,37,38,39,40,41,42,43,44,45,46,47,48,49",561.0217551661375,,177.5856584910909,"1,3,5,9,15,20,22,26,33,34,38,42,47"
60,437.45490836581905,"2,4,6,10,15,18,22,23,28,41",663.3027006370852,41,189.15684766145583,"0,2,3,4,6,7,9,10,11,13,14,15,17,18,20,21,22,23,24,25,26,27,28,29,30,31,32,33,34,35,36,37,38,39,40,41,42,43,44,45,46,47,48,49",578.5772605355569,,239.43526463057088,"2,4,10,15,19,22,23,28,33,37,38,41,45,47"
61,430.74088494293744,"0,1,4,7,8,10,16,18,24,26,29,35,37,43,48",629.5404187591821,"29,37,43,48",186.1199549450897,"0,1,3,4,6,7,8,9,10,11,12,13,14,15,16,17,18,20,21,22,23,24,25,26,27,28,29,31,32,33,34,35,36,37,38,42,43,45,46,47,48,49",604.6530364153652,,203.64878990515973,"1,3,4,6,7,8,14,18,24,26,29,32,35,37,43,48"
62,466.3670204955348,"1,2,13,14,24,26,36,42,44,45,46,47,48",680.4189541530844,"42,47,48",214.6884126596611,"0,1,2,3,4,5,6,7,9,10,11,12,13,14,16,18,19,20,21,22,23,24,26,27,28,29,30,31,32,33,34,35,36,37,38,39,40,41,42,43,44,45,46,47,48,49",596.9166215186323,,238.29251469753044,"1,2,4,12,14,18,24,26,42,45,46,47,48,49"
63,470.12350454611425,"0,1,3,9,11,14,19,25,26,29,35,42,43,48",712.6060596969925,"35,48",238.40654793622653,"0,1,2,3,4,5,6,7,8,9,10,11,12,13,14,15,16,17,18,19,20,21,22,24,25,26,27,28,29,31,32,33,34,35,36,37,38,39,40,41,42,43,44,45,46,47,48",634.356373734076,,229.69398641493257,"0,1,2,9,11,14,19,20,22,25,26,29,35,39,42,43,48"
64,452.40761106006937,"3,4,12,13,19,29,40,43,45,46,49",602.9113347702804,"29,45,46,49",382.9670296089567,"0,1,2,3,4,5,6,7,8,9,10,12,13,14,15,16,17,19,20,21,22,25,26,27,28,29,30,32,33,34,35,37,38,39,40,41,42,43,44,45,46,48,49",581.3211006679911,,277.90168697527554,"3,4,6,12,13,19,27,29,32,39,43,45,46"
65,446.0421885484933,"2,8,11,15,16,18,24,26,28,30,35,39,44,45,46",561.2681923132683,"28,35,39,46",278.4911744525691,"1,2,3,4,5,6,7,8,9,10,11,12,13,14,15,16,17,18,19,20,21,22,23,24,25,26,27,28,29,30,31,32,33,34,35,36,37,38,39,40,41,42,43,44,45,46,47,48,49",593.3584489316386,,201.69766316099492,"2,8,11,15,16,18,21,24,26,30,35,39,41,44,45,46"
66,475.06669012920094,"4,10,11,12,15,18,24,35,36,38,42,43,46",686.0327393740015,46,196.4568704236889,"0,1,3,4,5,6,7,8,10,11,12,13,14,15,17,18,20,21,22,24,25,26,27,28,29,30,31,32,33,35,36,38,39,40,41,42,43,44,45,46,47,49",601.2741791242552,,132.08226583128933,"4,5,8,10,11,12,14,17,24,25,29,35,36,38,42,43,46"
67,453.8626779711064,"7,9,16,17,19,24,25,28,30,32,35,40",704.8952729596266,"40,41",271.53659698512985,"0,1,2,3,4,5,6,7,8,9,11,12,13,14,15,16,17,18,19,20,21,22,23,24,25,27,28,29,30,31,32,33,35,36,37,38,39,40,41,42,43,44,45,46,47,48,49",594.4401550375093,,278.7055177793899,"7,9,17,19,25,28,30,32,35,39,40,47"
68,472.7625471376339,"4,14,16,17,18,20,25,32,38,43,44,47",671.1362033667516,"17,18,25,38",459.292881415126,"0,1,2,3,4,7,8,9,10,13,14,15,16,17,18,20,22,24,25,26,27,28,29,30,31,32,33,34,35,36,37,38,39,40,41,42,43,44,46,47,49",637.4090847103456,,178.9259872160641,"2,4,14,16,17,18,25,32,36,38,44,47,49"
69,479.220265289037,"19,23,24,28,29,31,34,36,37,40,42,43,44,45",578.7466948201236,"29,36,40,42,44,45",179.84236741282558,"0,1,2,3,5,7,9,10,11,13,14,15,16,17,19,20,21,23,24,25,27,28,29,30,31,32,34,35,36,37,39,40,42,43,44,45,46,47,48,49",610.2119113504808,,289.5410091986884,"3,5,16,19,21,24,25,29,31,34,36,42,44,45"
70,442.57007923254105,"6,8,12,14,24,26,37,41,43",604.0122341882061,"37,41,43",719.9784597267789,"1,2,3,5,6,8,9,10,11,12,13,14,15,16,18,19,20,21,22,23,24,25,26,27,28,30,31,32,33,34,35,36,37,39,40,41,42,43,44,45,46,47,48,49",541.0452819344227,,184.13357083302128,"6,8,9,12,20,24,25,26,31,37,41,43"
71,430.4033303043966,"4,9,10,11,12,13,16,20,23,29,30,34,37,40,49",643.3693671212814,34,247.4153955929648,"0,1,2,3,4,5,6,7,8,9,10,11,12,13,14,15,16,17,18,19,20,21,23,24,25,26,27,28,29,30,31,32,33,34,35,37,39,40,41,42,43,44,45,46,47,48,49",573.1406648074762,,146.10785210315882,"4,9,10,11,12,13,16,17,20,23,29,30,32,34,48,49"
72,410.8085196702626,"23,29,32,35,36,38,39,41,42,45,48",505.13590849066577,"32,35,38,42,45,48",242.409906196137,"0,2,4,5,6,7,8,9,10,11,12,13,14,15,16,17,19,20,21,22,23,25,26,27,28,29,30,31,32,33,35,36,38,39,40,41,42,43,45,46,47,48,49",549.4279751451736,,180.17588216036413,"5,8,14,19,23,29,32,35,36,38,39,41,42,45"
73,462.86342017688617,"0,3,6,12,13,14,15,17,25,29,42,43",622.3338711105217,"14,29,42",176.1267364166075,"0,1,2,3,5,6,7,8,10,12,13,14,15,16,17,19,20,21,22,23,24,25,27,28,29,31,32,33,34,35,36,37,38,39,40,42,43,44,45,46,48,49",570.6774245005639,,119.00476682835615,"0,3,5,6,12,13,14,15,16,17,29,31,42,43,44"
74,409.1017494526336,"0,3,4,9,11,15,18,23,24,25,26,27,32,47",674.9306578314803,32,182.58949364602,"0,2,3,4,5,7,8,9,11,12,13,14,15,16,18,19,20,21,22,23,24,25,26,27,28,30,31,32,33,34,35,36,37,38,39,40,41,42,44,46,47,48,49",566.7094968169592,,243.89173487616907,"0,3,4,7,9,15,18,23,25,27,35,47"
75,420.972267788416,"7,8,19,20,21,27,29,31,33,34,37,46",601.0655558120757,"34,37,46",360.4842605158678,"0,1,2,3,4,6,7,8,9,11,13,15,16,17,18,19,20,21,23,24,25,26,27,29,31,32,33,34,35,36,37,38,39,40,41,43,44,45,46,47,48,49",550.9263879215528,,114.15985340414557,"8,11,16,19,20,26,27,29,31,33,34,36,37,46"
76,446.8907739544438,"1,12,14,21,23,27,29,30,31,34,46",636.2235871582589,"29,30,31,46",224.31094615816912,"0,1,2,3,4,5,6,7,9,10,12,13,14,15,16,17,18,19,20,21,23,24,25,27,29,30,31,32,33,34,35,36,37,38,39,40,41,42,43,44,45,46,47,48,49",585.2668577152598,,145.91489233821164,"0,1,12,14,18,21,23,27,29,30,31,34,43,46,47"
77,442.018969305522,"0,3,8,9,18,21,24,25,27,29,30,34",704.2357817206297,"24,31,34",223.71190459801116,"0,2,3,4,5,6,7,8,9,10,11,12,13,15,16,17,18,19,21,22,23,24,25,26,27,28,29,30,31,32,33,34,35,36,37,38,40,41,43,44,45,46,47,49",572.5767881314882,,324.0213893901131,"0,3,8,9,18,21,25,27,34,47"
78,443.1648804658144,"4,6,12,17,19,21,22,24,31,33,34,38,42,46",692.8178763633022,"31,38,46",209.7783582307715,"0,1,2,3,4,5,6,7,8,9,10,11,12,13,15,16,17,18,19,20,21,22,23,24,25,26,27,28,29,30,31,32,33,34,37,38,39,40,41,42,43,44,45,46,47,48,49",560.8887966179329,,244.77914043279517,"2,4,9,12,13,17,19,22,24,31,33,38,39,40,42,48"
79,450.4675629151316,"0,1,11,17,22,25,30,35,36,45,49",656.1100811680857,30,247.2041759343538,"0,1,2,3,5,7,9,10,11,12,13,15,16,17,18,19,20,21,22,23,24,25,26,27,28,29,30,31,32,33,34,35,36,38,39,40,41,42,44,45,47,48,49",589.6586899760564,,144.90398699328549,"1,11,12,13,17,20,22,23,24,30,33,35,36,45,49"
80,451.8921663899402,"4,6,7,8,12,17,18,19,27,38,44,49",694.6988166546372,"17,38",254.08179238607823,"1,2,3,4,5,6,7,8,9,10,12,13,14,15,16,17,18,19,20,21,22,23,24,26,27,28,29,30,31,32,33,34,35,36,38,39,41,42,43,44,45,46,48,49",589.040095778218,,207.89624389691707,"4,6,7,8,9,12,17,18,19,27,38,44,49"
81,484.47482695574,"0,1,2,4,5,13,15,19,25,38,41,44",684.9022502242195,38,240.2069798940024,"0,1,2,3,4,5,6,7,8,9,10,11,13,14,15,16,17,18,19,20,21,22,23,24,25,26,27,28,29,31,32,33,34,35,37,38,39,40,41,42,43,44,46,47,48,49",616.118938297631,,228.608214514405,"1,2,4,13,15,19,25,38,39,40,41,44,46,47"
82,498.4153804676472,"3,12,13,18,20,21,23,30,36,38,41,46,47",537.9631453318995,"23,30,36,38,41,46",223.97393348390256,"0,1,2,3,4,5,6,7,8,9,10,11,12,13,14,15,16,18,19,20,21,22,23,24,25,26,27,28,29,30,31,32,33,34,35,36,37,38,39,40,41,42,43,44,45,46,47,49",616.8548850426282,,128.04296939621585,"1,9,12,13,18,22,23,30,34,36,37,38,41,46,47"
83,438.79831775548854,"1,3,5,6,10,13,15,28,29,38,41,49",551.2177713246281,"13,29,38,41,49",320.59171550090656,"0,1,2,3,4,5,6,7,8,9,10,12,13,14,15,16,17,18,19,20,21,22,23,24,25,26,27,28,29,30,31,32,33,34,35,36,37,38,39,40,41,42,44,45,46,47,48,49",540.4888343544297,,117.75591186783107,"1,3,5,6,9,10,13,15,20,22,28,29,41,49"
84,459.89997534204696,"2,5,8,9,24,25,33,35,36,39,41,42,47,48",574.2841483535672,"8,36,39,41,48",170.2766227584121,"0,2,4,5,6,8,9,10,12,13,14,15,16,18,19,20,21,22,23,24,25,26,27,28,29,31,32,33,34,35,36,37,38,39,41,42,43,44,46,47,48,49",607.8543364760816,,213.55560279113791,"5,8,9,24,25,34,35,36,39,41,42,46,47"
85,436.0915553007755,"0,3,9,14,16,17,19,20,21,27,38,43,47,48",701.8999187452388,48,315.7054215482862,"0,1,2,3,4,5,6,8,9,11,12,13,14,16,17,19,20,21,23,24,25,26,27,28,29,31,33,34,35,36,37,38,40,42,43,44,45,46,47,48,49",582.0319655934791,,221.16304598847125,"0,3,6,9,14,16,17,19,20,21,34,38,48"
86,381.488495777217,"0,1,4,9,15,16,19,20,24,27,29,32,35,39,40",596.8776468961703,"27,32,40",278.4794877939695,"0,1,2,3,4,5,6,7,8,9,10,11,12,13,14,15,16,17,18,19,20,21,22,23,24,25,27,28,29,30,31,32,33,34,35,36,37,38,39,40,41,42,43,44,45,46,47,48,49",524.1261623906192,,239.7461008724596,"1,4,5,9,14,16,19,24,27,29,32,35,39,40,45,48,49"
87,426.40534904001663,"1,2,6,8,12,17,21,23,25,28,30,31,32,35,36",714.4261277584708,30,223.04534737018457,"0,1,2,3,4,5,6,7,8,9,10,11,12,13,14,15,16,17,18,19,21,22,23,25,27,28,30,31,32,33,34,35,36,37,38,40,41,42,43,44,45,46,47,49",541.3380794350579,,138.63562652019587,"2,6,8,12,13,17,21,23,25,28,30,31,32,35,36,46"
88,465.906859584262,"1,10,13,18,23,25,30,35,37,38,39",698.8644678732517,"35,37",308.4637546725599,"0,1,2,3,5,6,8,9,10,11,12,13,14,15,16,18,19,20,21,22,23,24,25,26,27,28,29,30,31,32,33,34,35,36,37,38,39,40,41,43,44,45,46,47,48,49",590.0987307929645,,181.43418286073836,"0,1,9,13,18,21,23,25,28,29,30,35,37,38,44"
89,443.57497969344314,"7,11,14,15,16,23,24,26,31,34,36,38,43,46,47",610.618631433933,"34,36,40,46,47",248.3834897057645,"0,1,2,3,4,5,6,7,8,10,11,12,14,15,16,17,18,21,23,24,25,26,27,28,29,31,34,35,36,38,39,42,43,44,45,46,47,48,49",604.0951690907499,,323.95247248331833,"7,14,16,24,28,31,34,36,38,46,47"
90,424.31483498955913,"1,2,3,17,19,21,22,28,39,40,41,43,44,45",691.5105765884957,"43,44,45",200.77829289694307,"0,1,2,3,5,6,7,9,11,12,13,14,15,16,17,18,19,21,22,25,26,27,28,30,31,34,35,36,38,39,40,41,42,43,44,45,46,47,49",602.4107161117751,,193.79996261367097,"1,2,3,17,19,21,22,34,36,39,41,43,44"
91,418.19559803928286,"0,1,7,10,11,17,21,28,29,30,42,46,48",642.7566764462895,"21,28,42,48",188.3106810318652,"0,1,2,4,5,6,7,8,9,10,11,12,13,14,15,16,17,18,20,21,22,23,24,25,27,28,29,30,31,32,33,34,35,36,37,40,41,42,43,45,46,47,48,49",534.5438119343135,,233.06416704198875,"0,7,10,11,17,22,23,24,28,29,30,42,45,46,48"
92,402.32403843485446,"0,6,11,14,16,26,28,30,32,33,35,43,44,48",583.8714172123601,"28,30,35,43,48",423.72336230973895,"0,1,2,3,5,6,7,8,9,10,11,12,13,14,15,16,17,18,19,20,21,23,24,25,26,28,29,30,31,32,33,34,35,36,37,38,39,40,41,42,43,44,45,46,47,48",572.9051256752846,,161.06237728929875,"0,6,11,14,23,26,28,30,32,33,35,43,44,48"
93,461.92946088642685,"1,18,20,26,27,36,37,38,40,43,45,48",648.116845960468,"37,43,48",279.103233906833,"0,1,2,3,4,5,6,7,8,9,10,11,12,13,14,15,17,18,19,20,21,22,23,24,25,26,27,28,29,30,31,32,33,34,35,36,37,38,39,40,41,42,43,44,45,46,47,48,49",616.4765462428402,,212.19622517807977,"1,2,18,20,22,23,26,29,36,37,38,40,43,48,49"
94,467.7936967139362,"5,8,12,13,14,24,34,35,38,40,45,48",666.6485946818834,40,282.50002101047266,"0,3,5,6,7,8,10,11,12,13,14,15,16,17,18,19,20,22,23,24,25,26,27,28,29,32,33,34,35,36,37,38,39,40,41,42,43,44,45,46,47,48",579.1857230212994,,352.7928254442344,"5,8,12,13,24,34,35,38,39,40,45,47"
95,421.4672754047929,"1,2,5,7,17,23,25,28,31,34,38,39,43,49",665.1043814395773,"28,38,39,43",302.33190784059826,"0,1,2,3,4,5,6,7,8,9,12,13,14,15,16,17,18,21,23,25,27,28,29,30,31,33,34,35,36,37,38,39,40,42,43,46,47,48,49",589.042216980593,,222.16612856756163,"1,2,5,17,23,28,31,34,36,38,43,47,49"
96,443.46343514371665,"0,4,17,23,26,27,28,32,33,34,40",639.0786930292084,"23,27,33",221.52279737169593,"0,1,2,3,4,5,6,7,8,9,10,11,12,13,14,15,16,17,18,19,20,22,23,24,25,26,27,28,29,30,31,32,33,34,35,36,37,38,39,40,41,42,43,44,45,46,47,48,49",543.4448832988629,,192.67119530288713,"4,5,16,17,20,23,25,27,28,29,32,33,34,37,41"
97,426.4022762243131,"3,6,9,11,12,24,29,31,35,38,40,43,48",694.7905477506813,"29,38,43",345.9050106029646,"0,1,2,3,4,5,6,7,8,9,10,11,12,13,14,15,16,17,18,19,20,21,22,24,25,26,28,29,31,32,34,35,36,37,38,39,40,41,42,43,44,45,47,48,49",586.177578686775,,106.86683650671124,"3,6,9,11,12,24,29,31,32,35,38,40,43,48"
98,445.1388464301267,"4,11,18,24,26,30,31,34,35,37,40,42,44",690.1602787315918,40,214.34103569554793,"0,1,2,3,4,5,6,7,8,9,10,11,12,13,14,15,17,18,19,20,21,22,23,24,26,27,28,30,31,32,33,34,35,36,37,38,40,41,42,43,44,45,47,48",620.046300691667,,213.05164676558528,"4,5,7,11,18,26,30,31,34,40,42,43,44"
99,461.6700881152421,"8,14,16,19,25,26,29,36,37,40,41,49",695.4339819432473,"29,36,49",224.20630162567943,"0,1,2,3,4,5,6,7,8,9,10,11,12,13,14,15,16,17,18,19,20,21,22,23,24,25,26,27,28,29,30,31,32,34,35,36,37,38,39,40,41,43,44,45,46,47,48,49",605.5722011813389,,336.39812073911514,"0,12,16,25,26,29,36,37,40,41,49"
100,444.8727724502577,"3,10,11,12,14,19,21,23,32,34,44,48,49",632.7748148609552,"19,32,44,48,49",201.37939820303995,"1,2,3,4,5,6,7,8,9,10,11,12,13,14,15,16,17,18,19,20,21,23,24,25,28,29,30,31,32,34,35,36,37,38,39,40,41,42,43,44,45,46,47,48,49",590.2782894687953,,141.5319397680517,"3,10,11,12,14,19,21,23,28,32,34,38,42,44,48,49"
101,474.09980751848514,"9,11,14,16,20,28,37,39,42,49",667.701194038013,"37,39,42,49",234.6359042106046,"0,2,5,6,7,8,9,10,11,12,13,14,15,16,18,20,21,22,23,24,25,26,28,30,31,32,34,36,37,38,39,40,41,42,43,45,47,48,49",572.9268255348387,,203.40556842390455,"5,6,7,9,14,16,20,28,34,37,39,42"
102,488.14438627198433,"4,5,9,23,31,33,38,42,49",591.2742262276597,,250.78176069067925,"0,1,3,4,5,6,7,8,9,10,11,12,13,14,15,16,17,18,19,20,22,23,24,26,27,28,30,31,32,33,34,35,37,38,39,40,41,42,43,44,45,46,47,48,49",591.7735242091414,,228.32154560769868,"4,5,9,12,16,23,26,27,28,31,33,38,39,42,43,46,47,49"
103,454.60421025839634,"1,3,7,9,11,12,27,30,32,35,37",727.2536352165403,37,301.55475927755845,"0,1,2,3,4,5,6,7,8,9,10,11,12,13,14,15,16,17,19,20,21,22,23,24,25,26,27,28,29,30,31,32,33,35,36,37,39,40,41,42,43,44,45,46,47,48,49",605.9993511402608,,326.9916994249136,"1,5,7,9,11,14,27,28,35,37,43"
104,458.3815868007851,"2,5,8,12,19,22,23,27,35,36,37,40,46",669.2436577053545,"37,40,46",319.4770347458908,"0,1,2,3,4,5,6,7,8,9,10,11,12,15,16,18,19,21,22,23,24,25,26,27,28,29,30,31,32,33,34,35,36,37,38,39,40,41,42,43,44,45,46,47,48,49",588.195267535228,,140.03264273185738,"2,5,8,12,22,23,27,35,36,37,40,44,46,47"
105,439.4169535033598,"4,5,8,12,14,16,24,26,37,39,40",607.6519976843058,"24,37,39",236.5549351058282,"0,1,3,4,5,6,7,8,9,10,11,12,13,14,15,16,17,18,19,20,21,22,23,24,25,26,28,29,30,32,33,34,35,36,37,38,39,40,41,42,43,44,45,46,47,48,49",570.4983026558386,,200.87754053507163,"4,9,12,14,16,24,26,28,35,37,39,40,49"
106,429.3586947162358,"8,13,20,28,30,34,35,36,38,39,40,44,48",646.2598104507978,"30,38,39,44",317.1951408798391,"0,1,2,4,5,6,7,8,9,10,12,13,15,16,17,18,20,22,23,24,25,26,27,28,29,30,31,33,34,35,36,37,38,39,40,41,42,43,44,45,47,48,49",599.1009984654141,,126.5575220439954,"5,8,13,20,23,28,30,35,36,38,39,40,44,48"
107,437.5808896104751,"0,2,4,13,14,15,20,32,33,36,37,46",579.5446695385289,"14,46",451.8618661303919,"0,1,2,3,4,5,6,7,9,10,11,13,14,15,16,17,18,19,20,22,23,24,25,26,27,28,30,31,32,33,34,35,36,37,38,39,41,42,43,44,45,46,47,48,49",545.4203161534512,,363.0376403524842,"2,7,13,14,29,33,36,46,47"
108,462.3922849927193,"0,2,8,10,12,16,19,22,28,39,44,45",661.9127230744817,"10,22,39,44,45",207.2017772707829,"0,1,2,3,4,5,7,8,10,11,12,13,14,15,16,19,21,22,23,26,27,28,29,30,32,34,35,36,39,40,41,42,43,44,45,46,47,48,49",631.9800969085137,,192.37950974900085,"0,2,8,10,12,16,19,28,36,39,44,45"
109,450.3276370170353,"0,2,3,4,8,13,16,22,23,25,36,44,47",584.2960517320428,,251.3126046610353,"0,1,2,3,4,5,6,7,8,9,10,11,13,15,16,17,18,19,20,21,22,23,25,28,29,30,31,32,33,35,36,37,38,39,40,42,43,44,45,46,47,48",585.3944762542358,,128.52142955136935,"0,1,2,3,4,8,15,22,23,25,32,36,38,47"
110,437.4745516660232,"1,2,7,9,15,20,26,27,36,39,44,45,49",728.173822452181,"27,44,49",248.5398337652188,"0,1,2,4,5,6,7,8,9,10,11,12,13,14,15,16,17,18,19,20,21,22,23,24,25,26,27,28,29,30,31,33,34,35,36,37,38,39,40,41,42,44,45,46,47,48,49",587.7887058893238,,220.67304673167223,"1,2,4,9,15,20,26,27,36,38,44,45,49"
111,406.94100081642887,"0,4,6,8,12,13,15,17,19,20,21,23,29,32,38,46",559.296420289715,,375.0402554098113,"0,1,2,4,5,6,7,8,10,11,12,13,14,15,16,17,18,19,20,21,23,24,26,27,28,29,30,31,32,33,34,35,36,38,39,40,42,44,45,46,47,48",559.5415844790595,,128.59268992240163,"0,4,6,8,12,13,14,15,17,19,21,23,29,32,38"
112,424.1394118387259,"3,6,9,16,21,33,42,43,45,47,48,49",547.4354764203999,,262.96402486715476,"0,3,5,6,7,8,9,11,12,13,14,15,16,17,18,21,22,23,24,26,27,28,29,30,32,33,34,36,37,38,39,40,42,43,44,45,46,47,48,49",549.9190406743617,,209.93095039582047,"3,5,9,16,21,22,33,42,43,45,47,48"
113,437.47517907382513,"1,3,5,12,14,17,18,27,28,31,36,43,48,49",639.7033047000095,"18,28,36",335.62854757252,"0,1,2,3,4,5,6,7,8,9,10,11,12,13,14,15,16,17,18,19,20,21,22,23,24,25,26,27,28,29,30,31,32,33,34,35,36,37,38,40,41,42,43,44,45,46,47,48,49",569.3325235990148,,246.7371260121981,"1,5,12,14,15,17,18,23,27,31,32,34,36,48"
114,443.3862631885475,"1,3,6,11,14,29,33,34,37,38,42,44,46",656.8996650637025,"14,38,42,46",190.09247595383968,"0,1,2,3,4,5,6,7,8,9,11,12,14,15,16,17,18,19,20,21,23,24,25,26,27,29,30,31,33,34,35,36,37,38,39,41,42,43,44,45,46,47,48,49",564.287491372379,,337.50547074996575,"3,6,7,14,15,24,33,35,37,38,42,46,47"
115,429.02771904214416,"0,5,10,13,14,15,16,17,20,30,34,42,43,48,49",603.3044396220374,"20,42,49",195.82020437932908,"0,1,2,3,4,5,6,7,8,9,10,11,12,13,14,15,16,17,18,19,20,21,23,24,25,26,29,30,31,32,33,34,35,36,37,41,42,43,44,45,47,48,49",580.558361009131,,186.526157084229,"0,5,10,12,15,16,19,20,30,34,42,43,48,49"
116,473.52939114270424,"1,12,17,19,22,27,31,34,36,40,48",672.4429006875546,"36,40",284.3497572226164,"1,2,3,4,5,6,7,8,9,10,11,12,13,14,15,16,17,18,19,20,21,22,23,24,25,26,27,28,29,30,31,32,33,34,35,36,37,38,39,40,41,42,43,44,45,46,47,48,49",607.9801267575883,,228.22934688292403,"1,12,16,17,21,22,24,26,27,28,31,34,48"
117,428.9451149072417,"2,6,8,12,17,18,19,23,26,28,31,38,39,44,47",600.8309677880351,"19,39,46,47",221.3414538416182,"0,1,2,3,4,5,6,7,8,9,10,11,12,13,14,15,16,17,18,19,20,21,22,23,24,25,26,27,28,30,31,32,33,34,35,36,37,38,39,40,41,42,43,44,45,46,47,48,49",578.4499987677084,,132.5645544356719,"2,6,9,12,17,18,19,23,26,28,31,39,44,46,47"
118,389.7112497416429,"3,5,12,14,19,21,31,33,34,35,38,42,45",543.7910773813596,"19,21,33,34,38,42,45",200.22162450307007,"0,1,2,3,4,5,6,7,8,10,11,12,13,14,16,17,19,20,21,22,23,25,26,29,31,32,33,34,35,36,37,38,39,40,41,42,43,44,45,47,48,49",529.9495304288331,,205.11362319870383,"5,6,12,14,19,23,25,31,33,34,38,40,42,49"
119,392.8709068951394,"2,3,7,10,11,12,29,30,31,33,37,45",533.5594524697979,"12,29,30,31,37,45",203.56371761311576,"0,1,2,3,4,5,6,7,8,9,10,11,12,13,14,15,16,17,18,19,20,21,23,24,25,26,27,28,29,30,31,32,33,34,35,36,37,40,41,42,43,44,45,46,47,48",550.9530338710001,,142.85284220263426,"2,3,7,8,9,10,11,12,24,29,30,31,33,37,45,47,48"
120,434.7165276618304,"0,3,4,10,14,17,18,21,25,26,29,35,39,43,46",673.7697402753055,"35,43,46",191.20540865034783,"0,1,2,3,4,5,7,8,9,10,12,13,14,16,17,18,19,21,23,24,25,26,27,28,29,30,31,32,35,36,37,38,39,40,41,43,44,45,46,47,48",552.0206346290994,,24.47947600974963,"0,3,4,14,17,18,21,25,26,29,31,35,37,39,43,46"
121,444.7029755898139,"1,7,9,19,23,30,34,37,38,40,48",665.8382672520096,"30,38,48",198.35256195993156,"0,1,2,3,4,5,6,7,8,9,10,11,12,13,14,15,16,17,18,19,20,21,22,23,24,25,26,27,28,29,30,31,32,33,34,35,36,37,38,39,40,41,42,43,44,45,46,47,48,49",540.0079321662913,,320.79386164989626,"7,9,20,30,34,38,40,45,48"
122,455.2429597162225,"3,8,13,14,16,19,21,29,31,34,40",616.7392385513542,"29,34,40",226.1195052027204,"0,2,3,4,5,6,7,8,9,11,12,13,14,15,16,17,19,20,21,22,23,24,25,26,27,28,29,30,31,32,33,34,35,37,38,39,40,41,42,43,45,46,47,48",585.4795516083138,,109.32739715446344,"3,6,8,9,13,14,16,19,21,25,29,31,34,40"
123,440.5614828651992,"2,5,9,18,19,21,23,29,30,31,32,40",490.305991346261,"18,19,23,29,30,31,32,40",181.35428971012465,"0,1,2,5,6,7,8,9,12,13,14,15,16,18,19,20,21,22,23,24,25,26,27,28,29,30,31,32,33,34,35,36,37,38,39,40,41,43,44,45,46,48,49",564.0320498134464,,144.25017554341568,"5,6,9,12,15,18,19,20,23,29,30,31,32,39,40"
124,424.5603336679533,"5,8,13,14,18,20,24,30,31,39,40,43,44",558.516451222864,"20,30,31,39,40,44",209.33050887665152,"1,2,3,4,5,6,7,8,9,10,11,12,13,14,16,18,19,20,21,22,24,25,27,29,30,31,32,33,34,35,36,37,38,39,40,43,44,45,46,47,48,49",594.8775721015068,,260.63046651788335,"3,5,6,9,11,13,14,18,20,24,37,39,40,43,44"
125,435.429984397608,"1,2,4,5,8,15,16,22,31,36,37,40,41,42,46",620.9929624895101,"36,37,41",370.34668635466727,"0,1,2,3,4,5,7,8,9,10,13,14,15,16,17,18,19,20,21,22,23,24,26,27,29,31,32,33,34,35,36,37,38,39,40,41,42,43,45,46,48,49",604.0483271460673,,365.2318636853073,"1,2,4,14,16,22,31,36,37,38,40,43,46"
126,429.2197422620418,"1,4,8,10,15,16,30,31,32,36,37",630.063784713319,36,192.6043333030757,"0,1,2,3,4,5,6,7,8,9,10,11,12,13,15,16,17,18,19,20,21,22,23,24,25,26,27,28,29,30,31,32,33,34,36,37,39,40,41,42,43,44,45,46,47,48,49",581.6159624844918,,129.6838260313212,"1,4,8,10,11,15,16,28,30,31,32,36,37,44,46,47"
127,471.5262137229817,"0,1,2,10,28,32,36,37,41,42,43,49",685.98680446859,"32,37,41",372.9222152559287,"0,1,2,3,4,5,6,7,8,9,10,11,12,13,14,16,17,18,19,20,21,22,23,24,25,26,27,28,29,31,32,34,35,36,37,38,39,40,41,42,43,44,45,46,47,49",590.3459499373113,,116.06903394985326,"0,1,9,10,12,16,32,36,37,38,41,42,43,49"
128,462.16498774172345,"12,13,15,16,19,24,26,29,32,35,42,43,46,48,49",714.8518750944687,48,202.41198359665088,"0,1,2,3,4,7,9,10,11,12,13,14,15,16,17,18,19,20,21,22,23,24,25,26,27,28,29,30,32,33,34,35,36,37,38,39,40,42,43,44,45,46,47,48,49",601.3646071647183,,194.95863669904392,"13,15,16,19,24,26,28,29,32,42,43,46,48,49"
129,434.3195453544382,"1,10,24,28,29,34,45,46,47,48,49",609.1457279496484,"45,47",216.11200162732868,"0,1,2,3,4,5,6,8,9,10,11,12,13,14,15,17,18,20,21,22,23,24,25,26,27,28,29,30,31,32,34,35,36,37,38,40,42,43,44,45,46,47,48,49",553.8695621902506,,266.2881881836677,"1,3,10,11,17,24,28,34,38,43,45,47"
130,452.4677440772324,"0,3,16,18,19,20,24,31,35,39,40,44",517.3732405855932,"20,31,39,41,44",226.17119966804836,"0,1,2,3,4,5,6,7,8,9,10,12,13,14,15,16,17,18,19,20,21,22,23,24,25,26,27,28,29,30,31,33,34,35,36,37,38,39,40,41,42,43,44,46,47,48,49",582.8729672793793,,45.10415425693058,"0,3,4,7,9,16,18,19,20,24,28,31,35,39,41,44"
131,404.3184469168867,"4,5,9,10,12,13,14,15,22,23,24,30,33,35,36,38",620.1309149039803,"14,22,23,24,36",191.0675999486912,"0,1,2,3,4,5,6,7,8,9,10,11,12,13,14,15,16,17,18,19,20,22,23,24,25,26,27,28,29,30,32,33,35,36,37,38,40,41,42,43,44,45,47,48,49",581.7352465631182,,44.4266715379348,"4,5,9,10,11,12,13,14,15,22,23,24,30,33,35,36,38,48"
132,456.8466470488575,"2,8,10,18,20,23,24,29,35,37,47",610.7934051921881,"18,20,37",239.10869893697685,"0,1,2,3,5,7,8,9,10,11,12,15,18,20,23,24,25,26,27,29,30,32,33,34,35,36,37,38,39,40,42,44,45,46,47,48",603.3829626881093,,205.55807150960788,"2,3,8,9,10,18,20,23,24,27,29,35,37,44,47"
133,434.8268230326898,"1,2,4,5,16,20,21,28,29,31,44,47,48",606.6534468540406,"28,44,48",209.6152162138606,"0,1,2,3,4,5,6,7,8,9,10,11,12,13,14,15,16,17,18,19,20,21,22,23,24,26,27,28,29,30,31,32,33,34,35,36,37,38,39,40,41,42,43,44,45,46,47,48,49",577.6360225254923,,183.0077362375795,"1,4,5,12,16,20,21,28,41,44,47,48"
134,451.0309141374352,"4,5,7,10,18,21,27,29,30,31,35,38,43,48",570.81446290261,"31,38,43,48",201.11975310696317,"1,2,3,4,5,6,7,8,9,10,11,12,13,14,15,16,17,18,19,20,21,22,23,24,25,26,27,28,29,30,31,33,34,35,36,37,38,39,40,41,42,43,44,45,46,47,48,49",586.4694238556482,,270.5016864944416,"4,7,8,10,14,18,21,28,29,30,31,38,41,48"
135,438.89447775539895,"0,1,3,4,15,22,31,34,36,42,47",615.1684105603721,47,228.9227673225919,"0,1,2,3,4,5,6,7,8,9,11,12,13,15,16,17,18,20,21,22,23,25,26,27,28,29,30,31,32,33,34,35,36,37,39,41,42,44,45,46,47,48,49",561.5053441604013,,276.1307608928988,"3,4,5,15,18,22,25,31,34,37,42,47"
136,430.057603521389,"2,7,9,15,18,23,26,29,35,39,43,44,45,47,48",595.27288475967,"43,44,45,48",188.8216310349967,"0,1,2,5,6,7,8,9,10,11,12,13,14,15,16,17,18,19,20,21,22,23,24,25,26,27,28,29,30,31,32,33,34,35,36,37,38,39,41,42,43,44,45,46,47,48,49",580.5741164581343,,268.0704124359267,"2,9,15,18,23,24,26,35,39,43,47,48"
137,467.6385447432531,"1,7,15,17,20,32,36,37,40,47,49",633.5061866600366,"20,36,37,47,49",304.88450180342664,"0,1,2,3,4,5,7,8,9,11,12,13,15,17,18,19,20,21,23,24,25,26,27,28,29,30,31,32,33,34,35,36,37,38,39,40,41,42,43,44,45,46,47,48,49",607.3486787164725,,203.48837731200985,"1,3,15,17,20,26,32,36,37,40,47,49"
138,401.78153152423386,"1,2,4,5,11,17,20,28,29,35,37,38,39,40",694.7039431506184,38,209.53139050082171,"0,1,2,3,4,5,6,8,9,10,11,12,16,17,18,19,20,21,22,23,24,25,26,27,28,29,30,31,32,33,34,35,36,37,38,39,40,41,43,44,45,46,47,48,49",562.5358794647541,,249.49206754917313,"0,1,2,6,11,17,28,29,32,35,37,38,39,40"
139,470.7669891176468,"3,5,10,13,17,18,29,38,40,46",677.5465891886807,"29,38",227.31265187705824,"0,1,2,3,4,5,6,7,8,9,10,11,12,13,15,16,17,18,19,20,21,22,23,24,25,26,27,28,29,31,32,33,34,35,36,37,38,39,40,41,43,44,45,46,47,48,49",605.9839914775653,,229.02206801276031,"1,3,5,10,13,15,17,18,29,38,39,40,46"
140,479.8029660152459,"2,9,19,20,21,27,32,33,39,41,43,44",691.9276218952348,"32,43,44",229.99770962312692,"0,1,2,3,6,7,9,10,11,15,16,17,18,19,20,21,22,23,24,25,26,27,28,30,31,32,33,38,39,40,41,42,43,44,45,46,47",609.3717650708675,,200.75274136329284,"2,9,16,19,20,21,27,32,33,39,41,43,44"
141,442.3421326758733,"4,7,8,13,20,30,34,35,38,42,44",605.8107094423093,44,302.86195073539903,"0,1,2,3,4,5,6,7,8,9,11,12,13,14,16,18,19,20,21,22,23,24,25,26,27,28,29,30,31,32,33,34,35,37,38,39,40,41,42,44,45,46,47,48,49",540.5095489117358,,283.33097126285486,"1,4,6,12,13,16,20,30,33,35,38,41,44,45"
142,473.8160892582038,"0,4,9,16,20,28,39,40,42,46,49",623.6435013671838,,246.5445019813576,"0,1,3,4,5,6,8,9,10,11,12,13,14,15,16,17,18,19,20,21,22,23,24,25,26,27,28,29,30,33,34,35,36,37,38,39,40,41,42,43,44,45,46,47,48,49",621.7318348628279,,332.4291302088133,"0,2,4,10,16,20,21,27,29,37,38,39,41,42,47,49"
143,418.04172711624017,"0,2,5,9,12,16,17,18,27,31,34,38,47",688.2245248365293,"27,47",222.43845452933704,"0,1,2,3,4,5,6,7,8,9,10,11,12,13,14,15,16,17,18,19,20,21,22,23,24,25,26,27,28,29,30,31,32,33,34,35,36,37,38,39,40,41,42,43,44,45,46,47,48,49",574.8800362978055,,243.88156726838295,"0,3,5,12,16,18,22,27,31,38,47"
144,433.5756866300159,"0,3,5,11,14,18,28,31,33,41,47,48",658.2774714956616,"33,41,47,48",220.5127336156962,"0,1,2,3,4,5,6,7,9,11,12,14,15,16,17,18,19,20,21,22,23,24,25,26,27,28,29,30,31,32,33,34,35,36,37,39,40,41,42,43,44,45,46,47,48,49",561.6887054187956,,114.29147496733904,"0,3,5,11,14,15,17,18,28,31,33,39,47,48"
145,428.9880467460676,"4,5,7,10,14,15,22,24,31,32,33,45,46",645.9013440047366,"31,46",208.5687764760923,"2,4,5,6,7,9,10,11,14,15,16,17,18,19,20,21,22,23,24,25,26,27,28,29,30,31,32,33,34,35,36,37,38,39,40,41,42,43,45,46,48,49",572.8898739619074,,210.7247677847247,"4,5,7,10,14,15,20,22,24,25,31,32,33,36,46,48"
146,452.2836158863099,"7,8,11,12,24,29,36,39,40,44,45",609.663954691843,"29,45",258.7662656703517,"0,1,2,3,4,5,6,7,8,9,10,11,12,14,15,17,18,20,21,22,23,24,25,26,27,29,31,32,33,34,35,36,37,38,39,40,41,42,43,44,45,47,48,49",602.5331578966238,,322.34848394223934,"5,7,8,11,22,24,29,36,38,39,41,42,44,45"
147,375.0056851610014,"0,4,7,8,9,10,12,13,19,23,31,42,43,46",534.148822668113,,250.12616830338067,"0,1,2,3,4,5,6,7,8,9,10,11,12,13,14,15,16,17,19,20,22,23,24,25,26,27,28,29,30,31,33,34,35,36,37,38,39,40,41,42,43,44,45,46,47,48,49",533.3986117097909,,124.44744721949644,"0,4,8,9,10,12,13,16,19,23,31,37,42,43,48"
148,446.6240973215501,"1,3,4,15,19,20,21,33,42,46,49",679.4012813236795,"33,49",279.55951770622596,"0,1,3,4,6,7,8,9,10,11,12,13,15,16,17,19,20,21,23,24,25,26,27,29,31,32,33,34,35,36,37,38,39,40,41,42,43,44,45,46,47,48,49",560.7281865531402,,181.74141837677777,"1,3,9,15,19,20,21,25,26,33,35,40,46,47,48,49"
149,438.80935393223945,"3,6,7,9,11,14,15,18,28,30,31,34,38,43,44,47",689.8454270900587,"9,38",327.3108208866475,"0,2,3,4,5,6,7,8,9,10,11,12,13,14,15,16,17,18,19,20,21,23,24,25,26,27,28,29,30,31,32,33,34,36,37,38,39,40,41,42,43,44,45,46,47,48,49",572.2866403252812,,251.35722094657643,"0,3,7,9,14,28,38,41,43,44,47"
150,477.5556697596228,"1,4,13,16,18,19,21,25,34,38,44",650.6109577653867,"13,18,21,25",223.0174051343616,"0,1,2,3,4,5,6,7,8,9,10,11,12,13,14,15,16,17,18,19,20,21,22,23,25,26,27,29,30,31,32,33,34,35,36,37,38,39,40,41,42,43,44,45,46,47,48,49",605.4023991559752,,284.65090491538706,"1,4,12,13,14,15,16,21,25,34,36,38"
151,418.56050370950214,"3,4,5,6,13,14,18,29,33,42,43,46",571.1271452120828,"29,42,43",178.5515260902661,"0,1,2,3,4,5,6,7,10,11,12,13,14,15,16,17,18,19,20,21,22,23,24,25,26,28,29,30,32,33,34,35,36,38,39,40,41,42,43,44,46,47,48,49",537.405404328284,,240.45207985334903,"4,6,7,13,14,18,19,29,33,42,43,44,46"
152,446.6743566006948,"3,9,10,14,25,26,28,30,37,42,43,45,47",663.9176798757985,"14,37,45,47",187.09178526602665,"0,1,2,3,4,5,6,7,8,9,10,11,12,13,14,15,16,17,18,20,21,23,24,25,26,27,28,29,30,31,34,35,36,37,38,39,40,42,43,44,45,46,47,48,49",604.110594647113,,199.5764852785594,"9,14,25,26,30,37,38,42,43,44,45,47"
153,516.759926478544,"2,8,10,12,21,32,33,34,38,46,49",626.7886706838935,,426.9740609822776,"0,1,2,3,4,5,6,7,8,9,10,11,12,13,14,16,17,20,21,22,24,25,26,27,29,30,31,32,33,34,35,36,38,39,40,41,42,43,44,45,46,47,48,49",627.3906377819652,,201.3484588339416,"2,4,8,10,20,21,22,26,32,33,34,46,47,49"
154,491.77669774520007,"4,6,14,17,19,28,35,39,41,46",688.9405338081128,"39,41,46",218.93136503423128,"0,1,2,3,4,6,7,8,9,11,12,14,15,16,17,18,19,20,21,22,23,24,25,26,27,28,29,30,31,32,33,34,35,36,37,38,39,40,41,42,43,44,45,46,47,48,49",628.0045016618749,,272.9438887304116,"4,6,7,14,17,19,26,32,39,41,46"
155,422.9999806560114,"1,3,4,10,15,16,17,25,29,30,33,35,39,48",604.0819676650816,"17,29,30,33,39,48",198.08065317772272,"1,2,3,4,5,6,7,9,10,11,12,13,14,15,16,17,18,19,20,24,25,26,27,28,29,30,31,32,33,34,35,37,38,39,40,41,42,43,44,45,47,48,49",587.2003787493572,,313.3398702216993,"1,3,4,5,10,17,29,30,32,33,35,39,43,48"
156,520.6182249612104,"2,20,21,24,25,27,28,41,42,44,47,48",632.9218508175898,"27,44",237.62620966826293,"0,1,2,3,4,5,6,7,9,10,11,12,13,14,15,16,17,18,19,20,21,22,23,24,25,26,27,28,29,30,32,33,34,35,36,37,38,39,40,42,43,44,45,46,47,48,49",611.8249323701957,,470.9318050297461,"2,24,25,27,39,42,44,46"
157,437.0818638639392,"3,5,14,16,17,18,30,36,40,41,44,49",654.1486092003435,"41,44,49",274.1732309202412,"0,1,2,3,4,5,6,7,8,9,10,11,12,14,15,16,17,18,20,21,23,24,25,26,27,28,29,30,31,32,33,34,36,37,38,40,41,42,43,44,45,46,47,48,49",549.3581720011396,,205.4985868252442,"3,4,5,9,11,14,16,17,30,36,41,44"
158,450.4971969738589,"1,5,7,9,12,17,30,32,38,39,43,47",571.5865140498713,"30,32,38,43,47",256.3440909680986,"0,1,2,3,4,5,6,7,8,9,10,11,12,13,15,16,17,18,20,21,22,23,24,25,27,28,29,30,31,32,33,34,35,36,37,38,39,40,42,43,44,47,49",541.3194428275474,,241.7547765752034,"1,4,5,9,12,17,23,25,27,30,32,34,38,39,43,47"
159,467.0137721418732,"8,12,16,17,24,26,31,32,33,37,46",743.0491461639139,"37,46",207.4334385573466,"0,1,2,3,5,6,7,8,9,10,11,12,13,15,16,17,18,19,20,21,22,23,24,25,26,27,28,29,30,31,32,33,34,35,36,37,38,39,42,43,44,45,46,47,48,49",594.8594028074092,,154.22633885572438,"2,8,9,11,12,16,17,20,21,26,28,31,32,37,42,46"
160,474.01360440163734,"0,4,5,6,8,9,22,27,30,37,38,39,41,47",644.5624645941726,"30,38,41",278.9464856780732,"0,2,3,4,5,6,7,8,9,10,11,12,13,14,15,16,17,18,19,20,21,22,23,24,25,27,28,29,30,31,32,33,34,35,36,37,38,39,41,42,43,44,45,46,47,48,49",580.7955222255695,,202.72324500841333,"0,3,4,5,6,8,22,30,38,39,41,45"
161,424.92143972176785,"2,5,8,13,20,23,24,31,37,38,39,42,44",645.0054151976085,"31,37,39,42",189.6435640322445,"0,2,3,5,6,8,10,11,12,13,16,17,18,19,20,21,23,24,25,26,27,29,31,32,33,34,36,37,38,39,40,41,42,44,46,47,48,49",575.0090393840901,,134.19096125289042,"2,5,8,13,16,17,20,23,24,25,31,37,38,39,40,42,44"
162,431.7947837917087,"4,5,7,13,16,19,24,26,31,34,36,44,45",626.3301719458915,"31,44,45",188.31118127643836,"0,2,4,5,6,7,8,9,10,11,12,13,14,15,16,18,19,20,21,22,23,24,26,27,28,29,30,31,34,35,36,38,40,41,42,43,44,45,46,48,49",573.235581326043,,283.5816182166292,"2,4,7,12,13,24,26,31,36,41,44,45"
163,428.26354301904064,"2,9,21,22,27,28,29,31,36,37,38,44,48",561.7385410534025,"21,31,36,37,38,44,48",194.9835221085803,"2,3,4,5,7,8,9,10,11,12,13,15,16,17,18,19,20,21,22,23,24,25,26,27,28,29,30,31,32,33,34,35,36,37,38,39,40,41,42,43,44,46,47,48,49",591.7773053456256,,202.73186742151856,"2,9,21,22,26,27,28,29,31,36,37,40,44,46,48"
164,451.05339139307546,"1,6,10,16,19,21,27,36,41,43,46",671.01911042917,"19,43,46",223.74829387469777,"0,1,2,4,5,6,7,8,10,11,12,13,14,15,16,17,18,19,20,21,22,23,24,25,27,28,29,30,31,32,33,34,35,36,37,38,39,41,42,43,44,45,46,47,48,49",612.9246899956388,,247.54124138327867,"1,6,16,19,21,27,36,41,43,44,46"
165,470.48564346611346,"7,8,16,17,18,21,27,31,33,47",632.4454716850333,"18,21,27,31,33",228.14564756736172,"0,1,2,3,4,5,6,7,8,9,10,12,13,14,16,17,18,19,20,21,22,23,24,25,26,27,28,29,30,31,32,33,34,35,36,37,38,39,41,42,43,44,45,46,47,48,49",585.734756354993,,206.84742408513068,"7,8,14,16,17,18,21,27,28,31,33,34,44,47"
166,453.8680722852832,"4,6,10,14,17,27,28,29,36,37,38,43",672.909237018177,"37,38,43",217.0332103879901,"0,1,2,3,4,6,7,8,9,10,11,12,13,15,16,17,18,19,20,21,22,23,24,25,26,27,28,29,30,31,32,33,34,35,36,37,38,39,40,41,42,43,44,45,46,47,48,49",580.672300874414,,99.21745602979225,"3,4,6,10,17,26,27,28,29,36,37,38,40,43,47"
167,419.8358809485382,"4,8,10,13,19,20,23,25,27,30,31,39,46",707.783609348697,"20,39",256.6530419742659,"0,1,2,3,4,5,6,7,8,9,10,11,13,14,15,16,17,18,19,20,21,22,23,24,25,26,27,28,29,30,31,32,34,36,37,38,39,40,42,44,45,46,47,48",569.7586429193647,,189.0114524817958,"4,8,10,11,19,20,23,25,30,31,39,46,48"
168,488.10743043891176,"5,8,12,14,16,22,24,26,30,33,36,44,45,47",686.5919641223354,"14,33",294.3115841722872,"0,1,2,3,4,5,6,7,8,9,11,12,13,14,15,16,17,18,19,20,21,22,23,24,25,26,27,28,29,30,32,33,34,35,36,37,38,39,40,41,42,43,44,45,47,48,49",573.9957700121247,,303.13221884287844,"1,5,8,12,14,16,24,26,30,33,44,47"
169,400.88527127301097,"1,6,8,17,20,21,23,24,29,34,37,43,44",648.8509362962229,"24,29,37,43",294.81111084397475,"0,1,2,3,4,5,6,7,8,9,10,11,12,14,15,16,17,19,20,21,23,24,25,27,28,29,30,31,33,34,35,36,37,38,40,41,42,43,44,45,46,48,49",542.017631928106,,188.73698141362615,"1,6,16,17,20,23,24,28,29,34,41,43,44"
170,412.9614867339889,"0,1,16,19,21,22,28,32,33,37,38,42,43,44,46",684.1066827580187,"19,37,43,46",523.3749947096004,"0,1,2,3,5,7,8,10,11,13,14,15,16,17,18,19,21,22,23,25,26,27,28,29,30,31,32,33,34,36,37,38,40,41,42,43,44,45,46,47,48,49",549.4446866748588,,240.1040269911841,"0,1,5,16,21,28,33,37,38,42,43,44,46"
171,440.66077510028487,"9,11,13,20,21,30,32,39,42,43,44,48",691.5537312433191,"42,43,48",233.96047117244183,"0,1,2,3,4,5,6,7,8,9,11,12,13,14,15,16,17,18,20,21,22,25,26,27,28,29,30,31,32,36,37,38,39,40,41,42,43,44,45,46,47,48,49",567.8641764404604,,272.6187495864061,"9,11,20,21,23,30,32,39,42,43,48"
172,528.57784118236,"8,13,16,17,24,25,27,35,39,40,49",719.7820531254171,"27,39",283.2845729286016,"0,1,2,3,6,7,8,9,10,11,12,13,14,15,16,17,18,19,20,21,22,23,24,25,26,27,28,29,30,31,32,33,34,35,36,37,38,39,40,41,43,46,47,48,49",626.9357664997235,,277.54262904369995,"13,15,16,21,24,25,27,34,35,37,39,40,48"
173,434.06547763078567,"0,1,7,19,26,27,28,32,35,41,42,43,44,46,48",567.2742662878383,"28,35,41,42,44,48",240.154886222475,"0,1,2,4,5,6,7,8,9,12,14,16,17,18,19,21,22,24,25,26,27,28,30,31,32,33,35,37,38,39,40,41,42,43,44,45,46,47,48,49",570.4025884320621,,198.9868923428736,"0,7,21,26,27,28,32,33,35,41,42,43,44,45,48"
174,465.15827201356007,"7,10,12,13,19,24,30,31,36,39,43",699.7586116252037,"30,39,43",180.48582410061093,"0,1,2,3,4,5,6,7,8,9,10,11,12,13,14,15,16,18,19,20,21,22,23,24,25,26,28,29,30,31,32,34,35,36,37,38,39,40,41,43,44,45,46,48,49",563.2147704293727,,200.44448550760805,"2,9,11,19,21,22,23,24,30,31,36,39,43"
175,414.48615375392,"6,7,8,9,14,18,19,20,25,26,27,33,37,48",573.9724852417065,"14,33,37,48",202.75456568791108,"0,1,2,4,5,6,7,8,9,10,12,13,14,15,16,17,18,19,20,21,22,23,24,25,26,27,28,30,31,32,33,35,37,38,39,40,41,42,43,44,45,46,47,48,49",560.2375525059527,,104.3134422031961,"2,6,7,8,9,13,14,18,20,25,26,27,33,37,46,48"
176,419.5068682722348,"2,3,13,14,15,16,18,20,26,33,36,43,48",579.0757449487675,"14,15,26,48",377.79915795396875,"0,1,2,3,4,5,6,7,8,9,10,11,12,13,14,15,16,17,18,19,20,22,23,24,25,26,27,28,29,31,32,33,34,35,36,38,39,40,41,42,43,44,46,47,48,49",591.5909301908329,,237.5803980052173,"2,14,15,16,18,19,20,26,33,35,43,48"
177,440.0567891688544,"2,4,5,8,11,14,16,19,23,24,26,29,33,42,47",635.0821355146978,"24,29,47",227.76022434648704,"0,1,2,4,5,8,9,10,11,12,14,15,16,17,19,20,21,22,23,24,25,26,27,29,30,31,32,33,34,36,39,40,41,42,44,45,47,48,49",583.1969277482495,,264.11903281694964,"2,4,5,11,14,16,19,22,23,24,32,47"
178,475.8597434167339,"7,9,10,17,21,28,30,34,36,41,44,46,49",602.7625820104743,"30,46,49",310.09874786172213,"0,1,2,3,4,5,6,7,8,9,10,11,12,13,14,15,16,17,18,19,20,21,22,23,24,25,26,27,28,29,30,31,32,33,34,35,36,37,38,39,40,41,42,43,44,45,46,47,48,49",583.1389432573772,,207.87665003292545,"4,9,10,11,21,28,30,34,36,38,44,46,47,49"
179,418.21129524439937,"3,4,5,8,14,19,22,25,30,33,34,35,44,45",728.704365574336,"35,44",226.368946041465,"0,2,3,4,5,6,7,8,11,12,13,14,15,16,18,19,20,21,22,23,24,25,26,27,28,29,30,31,32,33,34,35,40,41,42,44,45,46,47,48,49",593.2973638251093,,175.57104304945818,"3,4,5,8,14,19,22,25,27,33,34,35,44,45"
180,427.56531272769206,"4,7,14,15,16,17,24,36,38,39,42,43,46",564.7622205596915,"24,42,43,46",201.623442511995,"0,1,2,3,4,6,7,8,9,10,11,12,13,14,15,16,17,18,19,22,23,24,25,26,27,28,29,30,31,32,33,34,35,36,37,38,39,40,41,42,43,44,46,47,48,49",572.8638514480429,,213.97734044375807,"3,4,7,14,15,16,17,24,36,38,39,42,46,48"
181,415.38506354144295,"6,9,17,25,32,35,36,37,38,39,41,42,44",551.2992372949992,"36,39,41,42,44",278.05902001294356,"0,1,2,5,6,7,8,9,10,11,13,14,16,17,18,19,20,22,23,24,25,26,28,29,30,31,32,33,34,35,36,37,38,39,41,42,43,44,45,46,47,48,49",587.5263008538017,,214.86887772432792,"6,8,9,13,17,32,35,36,38,39,41,42,44"
182,506.44445008476583,"1,4,13,20,26,27,35,36,39,48",659.5392883763413,"36,39,48",373.189127186104,"0,1,2,3,4,5,6,7,8,9,10,11,12,13,14,15,16,17,18,20,21,22,23,24,25,26,27,28,29,31,32,33,35,36,37,38,39,40,41,42,44,45,46,47,48,49",630.8384292083128,,207.03367298502968,"1,4,5,6,8,20,23,24,25,26,27,28,35,39,48"
183,442.12777998666866,"0,1,6,8,10,15,17,23,29,34,44,49",668.1557023615329,"17,29,39",221.5165722694628,"0,1,2,5,6,7,8,9,10,11,13,14,15,16,17,18,19,22,23,24,25,26,27,28,29,32,33,34,35,36,37,38,39,40,41,42,43,44,45,46,49",600.9846850489597,,351.12146008573745,"0,6,8,10,15,17,23,34,43,44"
184,407.7021386129812,"6,11,15,23,32,34,35,38,39,40,43,47",591.9585359933637,"34,38,39,43,47",140.79098721706157,"0,1,3,4,5,6,7,8,9,10,11,12,13,14,15,17,18,19,20,21,22,23,24,25,26,27,28,29,31,32,33,34,35,36,37,38,39,40,41,42,43,44,45,46,47",562.9420317035679,,175.31273206321512,"1,6,11,15,23,27,30,34,35,38,39,40,43,47"
185,417.37939648051594,"5,11,19,21,22,33,34,37,39,40,42",596.209321358276,"34,37,39",253.93281994151133,"0,1,2,3,4,5,6,7,8,9,10,11,12,13,14,15,16,17,18,19,20,21,22,23,24,25,26,27,28,29,31,32,33,34,35,36,37,38,39,40,41,42,43,44,45,46,47,49",573.3114149436984,,27.371281477843706,"5,11,19,20,21,22,26,33,34,36,37,38,39,40,42,45"
186,513.8317045574524,"0,3,10,19,21,29,31,38,40",636.2132533826064,"19,21,29,31,38,40",261.91347655734734,"0,1,2,3,5,6,7,8,9,10,11,12,13,14,15,16,17,18,19,20,21,22,23,24,25,26,27,28,29,30,31,32,33,34,35,36,37,38,39,40,41,42,43,44,45,46,47,48,49",606.7498992190909,,260.39869571510684,"0,3,6,10,17,19,29,31,32,38,40,41,45,47"
187,462.44257106485975,"2,4,7,9,18,22,23,27,28,29,34,39,46",551.6441530061334,"18,23,27,28,34,39",191.2918065904965,"0,2,3,4,5,6,7,8,9,10,11,12,13,14,15,16,17,18,19,20,21,22,23,24,25,26,27,28,29,30,31,32,33,34,35,36,37,38,39,40,41,42,43,44,45,46,47,48,49",597.9760341962499,,310.842462479254,"4,7,9,18,22,23,27,28,34,39,46"
188,413.2751139990271,"0,3,4,6,17,21,27,31,32,34,43,45,46",681.6185998715993,"43,45",253.9643904328206,"0,1,2,3,4,5,6,7,9,10,11,12,14,15,16,17,18,19,20,21,22,23,24,25,26,27,28,29,30,31,32,33,34,35,36,37,38,39,40,41,43,44,45,46,47,48,49",558.5880303582966,,258.29377230017656,"4,10,17,21,22,27,31,32,34,43,45,46"
189,390.5738585593075,"4,6,12,14,16,17,21,22,23,24,28,30,40,44,47",545.3644376909596,,178.67014695757717,"1,3,4,6,7,8,9,10,11,12,13,14,15,16,17,18,19,20,21,22,23,24,25,26,27,28,29,30,33,34,35,36,37,38,39,40,41,42,43,44,46,47,48",546.0564798684367,,187.162693634657,"4,7,12,16,17,21,22,23,27,28,30,44,47"
190,458.4972239197267,"0,7,14,15,21,23,26,31,32,38,39,42,47,48",658.9248965307837,"39,41,42,47,48",314.9951830184541,"0,1,2,3,4,5,6,7,8,9,10,11,12,13,14,15,16,17,18,21,22,23,24,25,26,27,28,29,30,31,32,33,34,35,36,37,38,39,40,41,42,43,45,46,47,48,49",629.836080154524,,188.73736808607975,"0,7,14,15,21,23,26,31,32,38,39,42,47"
191,477.4770298335758,"6,8,13,18,24,35,37,38,43,49",639.2080960008833,"37,38,43",242.60019900863657,"0,1,2,3,4,5,6,7,8,9,10,11,12,13,14,15,16,17,18,20,21,22,23,24,25,26,27,28,29,30,31,32,33,34,35,36,37,38,39,40,42,43,44,45,46,47,48,49",583.4669796439204,,301.56376053161745,"6,7,8,17,22,23,24,25,34,35,36,37,40,43"
192,512.8470018411588,"0,6,7,17,19,21,22,28,29,43,48,49",630.9648789352398,,454.5562389636671,"0,1,2,3,4,5,6,7,8,10,11,12,13,14,15,16,17,18,19,20,22,23,24,26,27,28,29,31,32,33,34,35,36,38,39,40,41,42,43,44,45,46,47,48,49",631.6051217230287,,121.14837512383002,"3,6,7,12,13,17,19,20,22,24,29,31,43,48,49"
193,503.32940514504713,"1,3,16,28,32,33,35,36,39,41,42,46,48",689.7494428111547,"32,35,48",315.13831838275513,"0,1,2,3,4,5,6,7,8,9,10,11,12,13,14,15,16,17,18,19,20,21,22,23,25,26,27,28,29,30,31,32,33,34,35,36,37,38,39,40,41,42,43,44,45,46,47,48,49",657.3841783645483,,306.7258276739816,"1,3,7,8,16,32,33,35,36,37,39,41,46,48"
194,412.17887356590853,"0,1,3,16,20,25,27,32,33,37,39",651.2384232463825,37,456.8706996554942,"0,1,2,3,4,5,6,8,9,11,13,14,15,16,17,19,20,21,22,23,24,25,26,27,28,30,32,33,34,35,37,38,39,40,41,42,43,44,45,46,47,48,49",573.3220782530261,,216.30551322321045,"0,1,2,3,5,15,16,20,25,27,32,33,37,39,41,45"
195,510.674185151651,"1,3,5,16,19,21,33,34,38,39,48,49",718.5543502123019,49,191.5666381587435,"0,1,2,3,4,5,6,7,8,9,10,12,13,14,15,16,17,18,19,20,21,22,23,24,25,26,27,28,29,31,32,33,34,36,37,38,39,40,41,42,43,44,45,46,47,48,49",611.1567821063071,,107.77118002958808,"1,3,5,7,16,20,21,24,32,33,34,38,41,45,48,49"
196,446.1992034486889,"3,11,13,15,23,30,35,36,38,46,47,49",710.3946108404167,"30,46,47",213.18535150964615,"0,1,2,3,5,7,8,9,10,11,12,13,15,16,17,18,19,20,21,22,23,24,25,26,27,28,29,30,31,32,33,35,36,37,38,39,40,41,42,43,44,45,46,47,48,49",566.786730608972,,245.70652349051815,"3,11,20,22,23,30,35,36,38,46,49"
197,444.2611859117055,"5,8,10,16,17,25,26,29,33",613.49657074121,"16,29,33",189.60861297282463,"0,1,2,3,4,5,6,8,10,11,12,13,14,15,16,17,18,19,20,23,24,25,26,27,29,30,31,32,33,35,36,37,38,39,40,41,42,43,44,45,46,47,48,49",596.3096703135373,,252.46707155964984,"3,5,10,16,17,18,23,26,29,32,33,42,45"
198,450.9914834655973,"4,5,13,15,22,25,31,45,47",635.9761373496452,"13,15,31,45",174.9445473680466,"0,1,2,3,4,5,6,7,9,10,11,12,13,14,15,16,17,18,21,22,23,24,25,27,28,30,31,32,34,35,36,37,38,39,41,42,43,44,45,46,47,48,49",589.0417138167041,,180.2589061104399,"1,4,5,7,9,11,13,15,22,25,27,31,32,45,47"
199,470.6456867830703,"4,10,13,18,23,26,27,30,33,37,39,42,48",654.7158433863117,48,287.2001443561078,"1,2,3,4,5,6,7,9,10,11,12,13,14,15,16,17,18,19,20,21,23,24,25,26,27,28,29,30,31,32,33,34,35,36,37,38,39,40,42,43,44,45,46,48,49",551.1517004586644,,198.009966694974,"4,5,9,10,13,15,23,26,27,30,37,38,42,48"
