simulation,LassoNet_c_index,LassoNet_features,GBoost_c_index,GBoost_features,LASSO_QUT_c_index,LASSO_QUT_features,HarderLASSO_QUT_c_index,HarderLASSO_QUT_features
0,0.7026308313869074,"0,1,2,3,6,7,8,9,10,11,12,13,14,15,16,17,18,19,20,21,22,23,25,26,27,28,29,30,31,32,33,35,36,38,39,40,41,42,43,44,45,46,47,48,49",0.8119173873703259,"3,6,10,16,17,18,21,23,40,41,48",0.5,"40,48",0.5,
1,0.6925890030367642,"0,1,2,3,4,5,6,7,8,9,10,11,12,13,15,16,17,18,19,20,21,22,23,24,25,26,27,28,29,30,31,33,34,37,38,39,40,41,43,44,45,46,47,48,49",0.8030858693545261,"0,3,6,12,13,20,24,38,40,47,49",0.5501208244491826,40,0.5,
2,0.7370665997585033,"0,1,2,3,5,6,10,12,13,14,15,16,17,18,19,20,21,22,23,24,25,26,29,30,31,32,34,36,37,38,39,40,41,43,44,45,46,47,48,49",0.7890694015378423,"1,12,15,18,22,25,30,31,43,45,46",0.5,,0.5,
3,0.6503080518376886,"0,1,4,6,7,8,9,10,11,13,14,15,16,18,19,20,21,22,24,25,26,27,28,29,30,32,33,34,35,37,38,39,40,41,42,43,44,45,46,48,49",0.8168192676190624,"9,13,24,26,32,35,39,42,44,45",0.5459344411799758,"13,26",0.5066571841626638,26
4,0.6980185193821346,"2,3,4,6,7,8,9,12,14,16,17,18,19,20,21,22,23,25,26,27,29,30,31,32,34,35,36,37,38,39,40,41,42,43,44,45,46,47,48,49",0.800043526247882,"2,14,21,25,30,34,38,39,42,48",0.5,,0.5,
5,0.704776226515357,"0,1,2,3,4,5,6,7,8,9,10,11,12,13,14,15,16,17,19,21,22,23,24,25,26,28,29,30,31,32,33,34,35,36,37,38,39,41,42,43,44,45,46,47,48,49",0.8236874758613889,"6,15,17,23,31,35,39,43,45,46,47,49",0.5,,0.5,
6,0.7225324530141772,"1,2,3,4,5,7,8,10,12,13,14,16,17,19,20,21,22,23,24,25,26,27,28,29,32,33,34,35,36,38,40,42,43,44,46,47,49",0.7831931233820634,"4,7,8,10,23,26,27,28,29,38,46,49",0.5622715358983269,"7,28",0.5,"7,28"
7,0.6965763979772792,"0,1,2,3,4,5,8,9,10,11,12,13,14,15,16,17,18,19,20,21,22,23,24,25,26,27,28,29,30,32,33,34,36,37,38,39,40,41,42,43,45,47,48",0.7869689906272345,"2,9,15,17,18,27,28,30,33,38,43",0.5,,0.5,
8,0.7336809807872108,"0,1,2,3,4,5,6,7,8,9,10,11,12,13,14,15,16,17,18,19,20,22,23,24,25,26,28,31,33,34,35,36,37,38,39,40,42,43,44,45,46,47,48,49",0.7842979233332017,"1,2,3,9,14,15,18,20,33,38,42,44",0.5,,0.5,
9,0.747036307869099,"0,1,2,3,5,6,7,9,10,11,13,14,15,17,19,22,24,27,28,31,33,34,35,37,38,39,40,43,44,45,46,47,48,49",0.7837525736029315,"0,1,3,14,19,22,30,31,35,37,46",0.5,,0.5,
10,0.7390249213582784,"0,1,2,3,5,6,10,11,12,14,15,16,17,18,19,20,22,23,24,25,26,28,29,30,32,33,34,35,37,39,40,43,44,45,47,48,49",0.8420737802334459,"1,11,12,19,20,24,35,40,44,45",0.5,,0.5,
11,0.6788383014897501,"0,1,2,3,4,5,6,8,9,10,11,12,14,15,16,17,18,19,20,21,23,26,28,29,30,31,32,33,34,35,36,37,38,39,40,41,42,44,45,46,47,48,49",0.7892317125855317,"1,3,5,16,20,21,32,37,38,42,47",0.5,,0.5,
12,0.71753600161811,"0,1,2,3,4,5,6,7,8,9,10,11,12,13,14,15,16,17,18,19,20,21,22,24,25,26,28,29,30,31,32,33,34,35,36,37,39,40,41,42,43,44,45,47,48,49",0.7876975731010494,"11,13,14,15,24,26,31,33,39,40,45,49",0.5,,0.5,
13,0.721103524031327,"0,1,2,3,4,5,6,7,8,9,10,11,12,13,14,15,17,18,21,23,24,25,26,27,28,29,30,31,32,33,34,35,36,37,38,39,41,42,43,44,45,47,48,49",0.7987689919041809,"0,1,4,14,18,21,27,35,39,42",0.5,,0.5,
14,0.7020518129213782,"0,1,2,3,4,6,7,9,10,11,12,13,15,16,17,19,20,21,22,23,24,25,26,27,28,29,30,31,32,33,35,37,38,39,40,41,42,43,44,45,46,47,48,49",0.8293544619631577,"1,6,15,19,22,25,26,34,38,41",0.5,,0.5,
15,0.7179724087904291,"0,1,2,4,5,6,8,9,11,12,13,14,15,17,19,20,21,22,23,24,25,26,27,28,29,30,31,32,33,34,35,36,37,39,40,41,42,43,44,45,46,47,49",0.7697767447032131,"5,11,12,26,28,31,33,40,41,44,49",0.5,,0.563916193885034,"33,44"
16,0.7541832563571694,"0,2,3,4,5,6,8,9,10,11,12,13,14,15,16,17,18,19,21,23,24,25,26,27,28,29,30,31,32,33,34,35,36,38,39,41,42,43,44,45,47,48,49",0.8155040611562351,"6,13,17,29,30,31,35,41,47,48",0.5,,0.5,
17,0.706832997403352,"0,1,2,3,4,5,6,8,9,10,11,13,14,15,16,18,19,20,22,23,25,26,27,28,29,30,31,32,33,34,35,36,37,38,39,40,41,42,43,44,45,46,47,48,49",0.8271063069232705,"2,4,14,19,25,26,30,32,45,46",0.5,,0.5,
18,0.8013569543912552,"1,2,3,4,5,7,8,10,12,13,14,15,16,18,19,20,21,22,23,24,25,26,28,29,31,32,33,34,37,38,44,45,46,47,48,49",0.7949463828206514,"4,5,12,13,14,28,29,31,32,34,35,45",0.5,,0.5,
19,0.7125969125388986,"0,1,2,3,4,5,6,7,9,10,11,12,13,16,17,18,19,20,21,22,23,24,25,26,27,28,29,30,31,32,33,34,35,36,37,38,40,41,42,43,45,46,47,48,49",0.8233450124551855,"12,13,16,22,23,26,29,34,35,49",0.5,,0.5,
20,0.6953476095263363,"0,2,4,5,6,7,8,9,10,11,13,14,16,17,19,21,22,23,25,26,27,29,31,32,33,34,35,37,38,39,40,42,43,44,45,46,47,48,49",0.7928456743354021,"4,11,16,21,23,33,39,42,44,45,46",0.5,,0.5,
21,0.7351208158121472,"0,1,3,4,5,6,7,8,9,10,12,13,14,15,16,17,18,19,20,21,22,23,24,25,26,27,28,29,33,34,35,36,38,39,40,41,42,44,45,46,48,49",0.8161889330401347,"13,14,16,21,24,27,29,32,33,42,44",0.5,,0.5,
22,0.8020179138676249,"0,1,3,4,5,6,7,8,9,10,11,13,14,16,17,18,20,21,22,24,25,26,28,29,31,32,33,34,38,39,41,42,43,44,45,46,48,49",0.8027391553403114,"3,9,17,18,25,28,43,44,45,46",0.5,,0.978789772431391,"3,9,17,18,25,28,43,44,45,46"
23,0.7191543269568412,"0,1,3,5,6,7,8,9,10,11,12,13,15,16,18,19,20,21,22,24,25,26,27,28,29,30,31,32,33,34,35,37,39,40,41,43,44,45,46,47,48,49",0.7780689006898712,"0,12,13,22,28,30,35,41,44,47",0.5,,0.5,
24,0.7397561220340415,"0,1,3,4,5,6,7,9,10,11,12,13,14,15,16,17,18,19,20,21,22,23,24,25,26,27,28,29,30,31,32,33,34,35,37,38,39,42,43,44,45,46,47,48,49",0.7878399002941534,"9,10,13,15,17,26,39,43,46,48",0.5,,0.5,
25,0.7424036782189677,"0,1,2,3,4,5,6,7,8,9,10,11,12,13,14,15,16,17,18,19,20,21,22,23,24,25,26,28,29,30,31,32,33,35,36,37,38,39,41,42,43,44,45,46,47,48,49",0.8262604423121436,"8,12,26,35,36,37,41,43,44,45",0.5,,0.5,
26,0.7430480916092224,"0,1,2,3,4,5,7,8,9,10,11,12,13,14,15,16,17,18,19,20,22,23,24,25,26,28,29,30,31,32,33,34,35,38,39,40,41,42,43,45,46,47,48,49",0.8400003771257095,"7,17,22,23,29,32,34,39,40,49",0.5,,0.5,
27,0.6810510552524264,"2,3,5,6,7,8,9,10,11,12,13,14,15,16,17,18,19,21,22,23,24,26,27,28,29,30,32,33,34,35,36,37,38,40,41,42,43,44,45,47,48,49",0.7962893873680611,"10,15,16,19,22,27,28,30,33,35,43,48,49",0.5,,0.5,
28,0.6784154976619906,"0,1,2,3,4,5,6,7,8,9,10,11,13,14,15,16,18,19,20,21,22,23,24,25,26,27,28,29,30,32,34,35,36,37,38,39,40,41,42,43,44,45,46,47,48,49",0.8348216432865732,"1,14,16,20,22,23,36,38,42,44",0.5,,0.5,
29,0.6925397461589846,"0,3,5,6,7,8,9,10,11,12,13,14,15,16,17,18,19,20,21,23,24,25,26,27,28,30,31,32,33,35,36,37,38,39,41,43,45,46,47,48,49",0.7914094856379426,"0,5,9,10,16,18,23,25,28,43",0.5,,0.5,
30,0.7267331957058035,"0,1,2,4,6,7,8,9,10,11,12,13,14,15,16,17,18,19,20,21,22,23,24,25,26,27,28,30,31,32,33,34,35,36,37,38,39,40,41,42,43,44,45,46,47,48,49",0.7817502087532197,"6,11,13,22,26,27,36,40,41,42,45",0.5,"6,26",0.5,
31,0.7650211947615758,"0,1,2,3,4,5,6,7,8,9,10,11,12,13,14,15,16,17,18,19,21,22,24,25,26,27,28,29,30,32,34,35,36,37,38,39,40,41,42,43,44,46,47,48,49",0.7899605899321497,"1,12,15,17,18,24,30,34,35,36,49",0.5,,0.5,
32,0.7803045429803855,"0,1,2,3,4,5,6,7,8,9,10,11,12,13,15,16,17,18,19,20,21,22,26,27,28,29,30,31,32,33,34,36,37,38,39,41,42,43,44,45,46,47,49",0.800214443772788,"0,10,11,16,18,20,27,31,34,43,44",0.5,,0.5,
33,0.7484598992126318,"0,1,2,3,4,5,7,8,9,10,11,12,13,14,15,16,17,18,19,20,21,24,25,26,27,28,29,30,31,32,33,34,35,36,38,39,40,41,42,44,45,47,48,49",0.7844070413672394,"10,11,13,20,24,26,30,31,32,44,49",0.5,,0.5,
34,0.7227883426033824,"0,1,2,3,4,5,7,8,9,10,11,12,13,14,15,16,17,18,19,20,21,22,23,24,25,26,27,28,29,30,31,32,33,34,35,36,37,38,39,40,41,42,43,45,46,47,48,49",0.8084887753893283,"0,2,10,12,13,17,26,37,39,41",0.5,,0.5,
35,0.8159263395021876,"1,2,4,5,7,8,9,10,11,12,13,14,15,16,19,20,21,23,24,25,27,28,30,31,32,33,35,38,39,40,41,42,44,45,46,47,48,49",0.8057184974189454,"1,2,5,8,9,10,12,21,28,33,38",0.5,,0.5,
36,0.7656415319630419,"0,1,2,3,4,5,7,10,11,12,13,14,15,16,17,18,19,22,23,24,25,26,27,28,29,31,32,33,34,36,38,39,40,41,42,43,45,46,47,48",0.799498992272731,"4,10,12,14,15,19,24,29,38,43",0.5,,0.5,
37,0.7684611113368274,"0,1,2,3,4,5,7,8,9,10,11,13,14,15,16,17,18,19,20,21,23,24,25,26,27,29,30,31,32,33,34,35,38,39,40,41,42,43,44,45,46,47,48,49",0.801099689865789,"7,10,14,16,18,20,23,28,32,45,47",0.5,,0.5,
38,0.731027192925976,"0,2,3,4,5,6,8,9,11,12,13,14,15,16,17,18,19,20,21,25,27,28,29,30,31,32,34,35,37,38,39,40,42,43,45,46,47,49",0.8017982851501299,"0,2,3,17,18,21,34,37,38,39",0.5,,0.5,
39,0.681982984158375,"0,1,2,4,5,6,7,8,10,11,12,13,14,15,16,17,18,19,20,21,22,25,26,27,28,29,30,31,32,33,34,36,37,38,39,40,41,42,44,45,46,47,48,49",0.784551840636137,"6,7,10,12,13,32,34,40,42,47",0.5,,0.5,
40,0.7516997620472288,"0,1,3,4,5,7,8,9,10,11,12,13,14,15,16,17,18,19,20,21,23,24,25,26,27,28,30,31,32,33,34,35,36,37,38,39,40,41,42,43,44,45,46,47,48,49",0.8058792424474347,"0,10,18,25,26,28,30,33,40,44,46",0.5,,0.5,
41,0.7028459094933084,"0,1,2,4,5,6,7,8,9,10,11,12,13,14,15,16,17,18,20,22,23,24,25,26,29,30,31,32,33,34,36,37,38,39,40,41,42,43,44,45,46,49",0.7966372441805968,"7,12,14,16,29,35,36,38,39,44,45",0.5,,0.5,
42,0.7241433333153258,"1,2,3,4,5,6,8,10,12,13,14,15,16,17,18,19,20,23,24,25,26,27,30,31,32,34,36,37,38,39,40,41,43,44,45,46,47,48,49",0.7875309955863365,"5,12,16,18,25,27,34,41,48,49",0.5,,0.5,
43,0.7523201776819831,"0,2,3,5,6,8,9,10,11,12,13,14,16,17,21,23,24,25,26,27,28,29,30,31,32,34,35,36,37,38,39,41,42,43,44,45,46,47,48",0.8211350202545425,"2,3,6,11,12,16,21,34,37,41",0.5,,0.5,
44,0.7364434911393698,"0,1,2,3,5,6,7,10,11,12,13,15,16,17,18,19,21,22,23,24,25,26,27,28,29,30,31,32,33,34,35,36,37,38,40,41,43,45,46,47,49",0.7854884837342322,"1,6,11,17,18,23,29,36,41,45,46",0.5,,0.5,
45,0.7053951002603548,"0,1,2,3,4,5,7,8,10,11,12,13,14,15,16,17,18,19,21,22,25,26,27,28,29,30,31,32,35,37,38,39,40,41,42,43,44,45,46,48,49",0.8000258770470593,"4,5,7,10,25,35,38,42,43,46,49",0.5,,0.5,
46,0.680121591994297,"1,2,3,5,8,9,10,12,13,14,15,16,17,18,19,20,21,22,24,25,26,27,28,29,31,32,33,34,35,36,37,39,42,43,46,47,48,49",0.7751193726713923,"8,10,15,19,21,24,25,33,34,39,43,46",0.5,,0.5,
47,0.6441708208795195,"0,1,2,4,5,6,7,8,9,12,13,15,16,18,19,20,23,24,27,28,29,31,33,34,35,36,37,38,39,40,41,42,43,45,46,47,48,49",0.7803862028067742,"4,5,7,9,19,20,34,36,40,41,48",0.5653338769329334,"5,40",0.5,"5,40"
48,0.7166075406319611,"0,1,2,3,4,5,6,7,8,9,10,11,12,13,14,15,16,17,18,19,20,21,22,23,24,25,26,27,28,29,30,31,32,33,34,35,36,37,38,40,43,45,46,47,48,49",0.8273115873277782,"0,1,3,19,22,31,32,35,40,45",0.5,,0.5,
49,0.7200728846901531,"0,3,4,5,6,7,8,9,10,11,12,13,14,15,17,18,19,20,21,22,23,24,26,27,28,29,31,32,34,36,37,38,40,41,43,44,45,47,48,49",0.7993407881527561,"3,4,5,6,8,20,24,40,41,47,49",0.5,8,0.5,
50,0.7424386427436039,"0,1,2,3,5,7,8,9,10,11,12,14,15,16,17,18,20,21,22,24,25,27,29,31,32,33,34,37,38,39,40,42,43,44,45,46,49",0.7682653024680645,"1,2,5,8,9,22,24,33,38,45",0.5,,0.5,
51,0.745357833655706,"0,1,2,4,5,6,7,8,9,10,11,12,13,14,15,17,18,19,20,21,23,24,25,26,27,28,29,30,32,33,34,36,37,38,39,40,41,42,43,45,46,47,48,49",0.8041478615946701,"2,5,6,27,29,33,40,41,43,45",0.5,,0.5,
52,0.7037449199465401,"0,2,3,4,5,6,7,8,9,10,11,12,14,15,16,18,19,20,21,22,23,24,25,26,27,29,30,32,34,35,36,37,38,39,40,41,42,43,44,45,47,48,49",0.8091931920464773,"5,7,21,23,34,35,37,39,40,43",0.5,,0.5,
53,0.6689820544142734,"1,2,5,7,8,9,10,11,12,14,15,16,18,19,22,24,25,26,27,28,29,30,31,32,34,35,36,37,39,40,41,43,44,47,48,49",0.7683135194692173,"12,14,15,16,24,25,26,27,30,41,44",0.5,,0.5,
54,0.736394945840531,"2,3,4,5,7,8,9,10,12,13,14,15,16,17,19,20,21,22,23,24,29,30,31,32,33,34,35,36,37,38,39,40,41,42,43,44,45,47,48,49",0.7878966895907348,"8,13,16,17,19,22,33,35,42,48",0.5,,0.5,
55,0.6860095325615477,"0,1,2,3,4,5,6,7,8,10,11,12,13,14,15,17,18,19,20,21,22,23,24,25,26,27,28,29,31,32,33,34,35,36,37,38,39,40,42,43,44,45,46,47,48,49",0.7878375445750401,"2,4,13,21,29,32,33,39,41,42,46,48",0.5,,0.5,
56,0.6788911716045182,"0,3,4,5,6,7,8,9,10,12,13,14,16,18,19,20,21,22,23,24,25,27,29,30,31,32,34,35,36,37,38,39,40,41,42,43,45,46,48",0.7879065708445557,"3,5,8,9,14,15,22,23,25,29,35,38",0.5571439331565455,"3,9",0.5,
57,0.767451592874121,"0,1,2,3,4,5,6,7,8,9,10,11,12,14,15,16,17,18,19,20,21,22,23,24,25,26,27,28,29,30,31,32,33,34,35,36,37,38,40,41,42,43,44,45,46,48,49",0.8573620680694863,"4,5,6,7,18,23,26,46,48,49",0.5,,0.5,
58,0.7287710329470433,"0,1,3,4,5,7,9,10,12,13,14,15,16,17,18,19,20,21,22,24,25,28,30,33,34,36,37,38,39,40,42,44,45,46,47,48,49",0.7958843638758645,"0,3,7,10,14,18,19,30,36,39,40,42,48",0.5041360222051467,14,0.5,
59,0.7990413358090046,"0,1,2,3,4,6,7,9,10,11,12,13,14,15,17,18,19,20,21,22,23,24,26,27,28,30,31,33,35,37,39,40,41,42,43,44,46,48,49",0.7842307641659754,"1,7,10,13,27,30,31,33,43,44,48",0.5,,0.5,
60,0.6766148498856943,"0,1,2,3,4,5,6,7,8,9,10,11,12,13,14,15,16,17,18,19,20,21,22,23,24,25,26,27,28,29,30,31,32,33,34,35,36,37,38,39,40,41,42,43,44,45,46,47,48,49",0.7990749094470482,"2,6,7,14,22,25,26,38,39,44",0.5,,0.5,
61,0.6409872714350326,"0,1,2,3,4,5,6,7,8,9,10,11,12,13,14,15,16,17,18,19,20,21,22,23,24,25,26,27,28,29,30,31,32,33,34,35,36,37,38,39,40,41,42,43,44,45,46,47,48,49",0.8295431931252827,"0,1,13,18,21,24,25,26,33,46",0.5725179298313626,"1,26",0.5,
62,0.7008717110782423,"0,1,2,3,5,7,10,11,12,13,14,15,16,17,18,19,20,22,24,25,26,28,29,30,31,33,35,36,37,38,39,40,41,42,43,44,46,47,48,49",0.7939359678264528,"0,1,5,11,12,26,31,36,40,47,48,49",0.5,,0.5,
63,0.7289338846453296,"0,4,5,7,9,10,11,12,13,14,18,20,22,25,26,27,28,29,30,34,35,36,37,38,39,40,43,45,47,48",0.8043394777265745,"9,14,18,26,29,34,36,37,43,48,49",0.5,,0.5,
64,0.698640972554016,"2,3,4,5,6,8,9,10,11,12,13,14,15,16,17,19,20,21,22,23,25,26,27,28,29,30,31,32,33,34,35,36,37,38,39,40,41,42,43,44,45,48",0.773325104846844,"9,11,12,14,15,18,27,32,35,38,44,46",0.5,,0.5,
65,0.6760987534923705,"1,2,3,4,5,7,9,10,11,12,13,14,15,16,17,18,19,20,21,23,24,25,26,28,33,34,36,37,40,41,42,44,45,46,47,48,49",0.8323098001289491,"4,9,14,18,21,33,37,46,47,49",0.5,,0.5,
66,0.747263509006004,"0,1,2,3,4,5,6,7,8,9,10,11,12,13,14,15,16,17,18,20,21,22,23,24,25,26,27,28,30,31,32,33,35,36,37,38,40,41,42,43,46,48,49",0.8107418278852568,"6,14,21,24,27,28,36,37,38,41,46",0.5,,0.5665083388925951,"6,36"
67,0.7487761082140677,"0,1,2,3,4,5,6,9,11,12,15,16,17,18,19,20,22,23,24,25,26,27,28,29,30,33,34,36,37,38,39,40,42,43,44,45,46,48,49",0.7820662180540817,"0,9,15,17,20,22,26,38,40,44",0.5,,0.5,
68,0.7282184075412098,"0,1,2,3,4,5,6,7,8,9,10,12,13,14,15,17,18,19,20,21,22,23,24,25,26,27,28,29,30,31,33,34,35,37,38,39,40,41,42,45,46,47,48",0.8067866690803576,"2,5,6,9,19,20,23,25,27,29,40",0.5,,0.5,
69,0.6959792477302205,"0,1,3,4,5,6,7,8,9,10,11,12,13,14,15,16,17,18,19,20,21,22,23,24,25,26,28,29,30,31,32,33,34,35,36,37,38,39,40,41,42,44,45,46,47,48,49",0.8300672090555359,"1,7,13,23,25,29,37,38,47,48",0.522654561175962,13,0.5,
70,0.7798395501057175,"0,1,2,3,4,5,6,7,8,9,11,12,13,14,15,18,19,20,21,22,23,24,25,26,27,28,31,32,33,34,36,37,38,39,40,41,42,43,44,45,46,48,49",0.8553434519429864,"6,8,12,15,18,19,22,26,27,48",0.5,,0.5,
71,0.7189739413680781,"0,1,2,3,4,5,6,7,8,10,11,12,13,14,15,16,17,18,19,20,21,22,23,24,25,26,27,28,29,30,31,32,33,34,35,36,37,38,39,40,41,42,43,45,46,47,48,49",0.8022436257441312,"5,7,9,10,15,16,22,23,26,37,39,40,42",0.5558688082668763,"5,15",0.5,
72,0.7302916577896502,"0,1,2,3,4,5,6,7,8,9,10,11,12,13,14,15,16,17,18,19,20,21,22,23,24,25,26,27,28,29,30,31,32,34,36,37,38,39,40,41,42,44,45,47,48,49",0.8273884637025626,"15,17,18,26,27,34,39,41,48,49",0.5,,0.5,
73,0.7464522463681635,"0,1,2,3,4,5,6,7,8,9,10,11,13,15,16,17,19,20,21,22,24,25,26,27,28,29,32,33,34,35,36,37,38,41,42,43,46,47,48,49",0.7828696119169803,"0,1,7,17,21,25,27,33,43,46,47",0.5,,0.5,
74,0.7785111755856436,"1,2,3,4,5,6,7,9,10,11,12,13,14,15,16,17,18,20,21,22,23,24,25,26,28,29,30,31,32,33,34,35,36,37,38,39,40,41,42,43,44,45,46,48",0.7967467225445949,"11,17,20,21,24,31,34,35,41,42,46",0.5,,0.5,
75,0.7506059295942564,"0,1,3,4,5,7,8,10,11,12,13,14,16,17,20,21,22,23,24,25,26,27,28,29,30,31,33,35,37,38,39,40,41,42,43,44,45,46,47,48,49",0.8007834505888981,"0,1,3,17,22,26,31,41,42,46,48",0.5,,0.5,
76,0.7129466284709297,"1,2,3,4,5,6,7,8,9,10,11,12,13,14,15,16,17,18,19,20,22,23,24,25,26,27,28,29,31,32,33,34,35,36,37,38,39,40,41,42,43,44,45,46,47,48,49",0.7813833546431018,"4,5,10,18,25,26,29,34,47,48",0.5,,0.5,
77,0.7728791998846384,"0,1,3,4,6,7,8,9,10,11,14,15,18,19,21,22,24,25,26,28,30,31,32,34,35,36,38,39,40,41,42,43,44,47,48,49",0.7971218816307192,"9,15,18,19,28,32,35,39,41,47",0.5,,0.5,"28,35"
78,0.6918110289931498,"0,1,2,3,5,8,9,11,12,13,14,15,17,18,19,20,21,22,23,25,26,29,30,31,32,34,35,36,37,38,40,41,43,44,45,46,47,48,49",0.8029759234335277,"2,5,13,17,19,20,33,44,45,46,49",0.5,,0.5,
79,0.7571967236489805,"3,4,5,7,8,9,11,12,13,14,16,17,18,19,20,21,23,24,25,26,27,28,29,30,31,32,33,34,35,36,37,38,39,40,41,43,45,46,47,48,49",0.7724575801264278,"3,19,20,21,28,34,38,46,47,48",0.5,,0.5,
80,0.7903187538968313,"0,3,4,5,6,7,8,9,10,11,12,13,14,15,16,18,19,20,21,22,23,24,26,27,28,31,34,35,36,37,38,39,41,43,45,46,47,48",0.8000408305147404,"0,1,4,6,7,9,10,12,16,23,41,43,47",0.5,,0.5,
81,0.7352010688042753,"0,2,3,4,5,6,7,9,10,11,12,13,14,15,16,17,18,19,20,21,22,23,24,25,26,27,28,29,30,31,32,33,34,35,36,38,39,40,42,44,45,46,47,48,49",0.7987388109552438,"0,4,19,21,27,30,32,38,45,46,47",0.5,,0.5,21
82,0.7207264434781684,"0,1,2,3,4,7,9,10,11,12,13,14,15,18,19,20,21,22,23,24,25,26,27,30,32,33,34,35,36,37,39,40,41,42,43,44,45,46,47,48",0.7883859941952562,"0,2,3,11,18,24,25,32,37,46",0.5,,0.5,
83,0.7218008996873968,"0,1,2,3,4,5,6,7,8,9,10,12,13,14,15,16,17,18,19,22,24,25,27,29,31,32,34,35,36,37,38,39,40,41,42,43,44,45,46,47,48,49",0.8,"0,3,7,13,14,15,19,25,32,38,44,46",0.5,,0.5,
84,0.7228403473613895,"0,2,3,4,5,6,7,8,9,10,11,14,15,16,18,20,21,22,23,24,25,26,27,28,30,31,33,34,35,36,37,38,39,40,41,45,46,47,48",0.8082805611222444,"3,4,8,11,20,23,26,28,35,39,47",0.5,,0.5,
85,0.6958178904947643,"0,1,2,3,4,6,7,8,9,10,11,12,13,15,16,18,19,20,21,22,23,25,26,27,28,30,31,32,33,34,35,36,37,38,39,40,41,42,43,45,47,48,49",0.8043129352992269,"18,21,25,26,30,31,34,36,38,45,47",0.5,,0.5,
86,0.7972521015999277,"0,4,7,8,9,10,12,13,15,16,17,18,19,20,21,23,24,25,27,28,30,31,32,33,34,35,36,37,39,40,41,43,45,48,49",0.814086814086814,"8,9,10,15,17,27,37,39,41,45,49",0.5,"9,27",0.5,
87,0.7355988023159461,"0,1,3,4,5,6,7,8,9,10,11,12,13,14,15,16,17,18,19,20,22,23,24,25,26,27,28,29,30,31,32,33,34,35,36,37,38,39,40,42,43,44,46,47,48,49",0.7905760479073621,"1,7,14,18,25,27,32,33,36,38,39",0.5,,0.5,
88,0.7034762518805072,"0,1,2,3,4,5,7,8,9,10,11,13,14,15,16,17,18,19,20,21,22,23,25,27,28,31,32,34,35,36,37,38,39,41,42,43,44,45,46,47,48,49",0.8380346013324736,"0,1,10,21,23,28,32,36,39,44",0.5,,0.5,
89,0.7349951070288252,"0,1,3,4,5,6,7,8,9,10,11,12,13,14,16,17,18,19,21,22,23,25,26,27,28,29,30,31,32,33,34,35,37,39,40,41,43,44,45,47,48,49",0.8151558798296774,"1,7,14,17,21,29,33,37,45,47",0.5,,0.5,
90,0.6915694957949051,"0,1,2,3,5,7,8,9,10,11,12,13,14,15,16,17,18,19,20,21,22,23,24,25,26,27,28,29,30,31,32,33,35,36,37,38,39,40,41,42,43,44,45,46,47,49",0.8026043147929955,"5,8,9,11,15,16,19,32,47,49",0.5,,0.5,
91,0.7705334202553975,"0,1,2,3,5,6,7,8,9,11,12,13,16,17,18,19,20,21,22,23,24,25,27,28,29,30,31,32,33,34,35,37,38,39,40,41,42,43,44,45,46,48,49",0.793900116322174,"3,7,8,16,20,23,28,37,39,43,44",0.489427464815738,39,0.5,
92,0.7129585954925929,"0,2,4,5,6,7,8,9,11,12,13,14,15,16,17,18,19,20,21,22,23,24,25,26,27,28,29,30,31,32,33,34,35,36,37,38,39,40,41,42,43,44,45,46,47,48,49",0.7952799341237419,"0,1,5,12,13,21,30,31,32,36,49",0.5,,0.5,
93,0.7596389290707353,"0,1,2,3,4,5,6,7,10,11,12,13,14,15,16,17,19,20,21,22,23,24,25,26,27,28,29,30,32,33,34,36,37,38,39,40,41,43,44,45,46,48,49",0.8104566184215134,"0,2,21,24,27,29,30,34,37,40,43,46",0.5,,0.5,
94,0.7006149827350074,"1,2,3,4,5,6,7,8,9,10,12,13,14,15,16,19,21,22,23,25,26,27,28,29,30,32,33,34,35,36,37,38,39,40,41,42,43,44,45,46,47,48,49",0.7789234893792535,"1,4,9,11,15,16,21,22,25,33,36,44,46",0.5,,0.5,
95,0.7450419700438295,"0,1,2,3,4,7,8,9,10,11,12,13,14,15,16,17,18,20,21,22,23,24,25,26,27,29,30,32,34,36,37,38,39,40,41,42,43,44,45,46,47,48,49",0.7944831499984848,"2,4,8,13,17,27,36,43,46,48,49",0.5,"46,49",0.5,
96,0.7292605814486004,"0,2,3,4,7,8,9,10,12,13,15,17,18,20,21,22,23,24,25,26,27,28,29,30,32,33,34,35,38,39,40,43,49",0.8063005898354089,"0,8,17,20,26,27,29,30,46,49",0.5,,0.5,
97,0.6884540159304774,"1,3,4,8,10,11,12,13,14,16,17,18,19,20,21,22,23,24,26,27,30,31,33,35,36,38,39,40,42,43,45,47,48,49",0.7890883988987262,"15,16,17,19,21,23,30,36,39,42,48",0.5,,0.5,
98,0.6685097546841801,"0,1,2,3,4,6,7,8,10,11,12,13,14,17,18,19,20,21,22,23,24,25,27,29,30,31,32,33,35,36,37,38,39,40,41,42,43,44,45,48,49",0.7961603674371687,"1,7,13,17,19,20,27,32,41,48",0.5,,0.5,
99,0.6945701357466063,"0,1,2,5,6,7,8,9,10,11,12,13,16,17,18,19,20,21,22,23,24,25,26,28,29,30,31,32,34,35,36,37,38,39,40,41,42,44,45,46,47,48,49",0.7837845217662662,"5,8,13,19,23,31,36,44,48,49",0.5,,0.5,
100,0.7281383245284709,"0,1,2,3,4,5,6,8,9,10,11,12,14,15,16,17,18,19,20,21,22,23,24,25,26,27,28,29,30,31,32,33,34,35,36,37,39,40,41,42,43,44,45,47,48,49",0.8149439092469253,"10,11,16,26,28,37,40,41,44,48,49",0.5,28,0.5,
101,0.6951841167946479,"0,2,4,7,8,10,11,13,14,15,17,18,20,21,22,23,24,25,26,32,33,34,35,36,37,39,41,42,43,45,47,49",0.7966386327008762,"0,2,10,13,14,15,24,36,37,42,47",0.5,,0.5,
102,0.7214482297929192,"0,1,2,3,4,5,6,7,8,9,10,11,12,13,14,15,16,17,18,19,20,21,22,23,24,25,26,27,28,29,30,31,32,33,34,35,36,37,38,39,40,41,42,43,44,45,46,47,48,49",0.8032358049432198,"2,3,7,8,12,16,19,20,27,30,33,38",0.5,,0.5,
103,0.7411166692257339,"0,1,2,4,6,7,8,9,10,11,12,13,14,15,17,18,19,20,21,23,24,25,26,27,28,29,30,31,32,33,34,35,36,37,38,40,41,42,44,45,46,47,48",0.8000910489212858,"0,1,2,6,11,18,23,25,41,42,47",0.5,,0.5,
104,0.7357915831663326,"0,2,3,4,5,7,9,10,11,13,14,15,16,17,19,20,21,22,23,24,26,27,28,29,30,31,32,33,34,36,37,38,39,41,42,43,44,45,47,48,49",0.8152251169004676,"3,13,28,29,30,31,32,36,37,42,48,49",0.5,,0.5,
105,0.6695126260343651,"0,1,3,4,5,6,7,8,9,10,11,12,13,14,15,16,17,18,19,20,21,23,24,25,26,27,28,29,30,31,32,33,34,35,36,37,38,39,40,41,42,43,44,45,46,47,48,49",0.780687193730672,"4,9,17,20,23,26,30,33,40,41",0.5,,0.5,
106,0.70849041056383,"0,1,3,4,5,11,12,14,15,17,18,19,20,21,22,24,25,26,28,30,31,32,33,34,35,36,37,38,40,41,43,45,46,47,48,49",0.7773790762828832,"0,6,12,21,28,31,33,35,41,45,46,47",0.4918525843066971,45,0.5,"12,33"
107,0.721988635746336,"0,1,2,4,5,6,8,9,10,11,12,13,15,16,18,19,20,22,23,24,25,26,27,28,29,30,31,32,33,34,35,36,37,38,39,42,43,45,46,47,48,49",0.8098361635322621,"5,8,16,20,23,28,32,35,36,38,46",0.5,,0.5724539074128396,"36,46"
108,0.6655424177812238,"0,1,2,3,4,5,6,7,8,9,10,11,12,13,14,15,16,17,18,19,20,21,22,23,25,26,27,28,29,30,31,32,33,34,36,37,38,39,40,42,43,44,45,46,47,48,49",0.8211694772888802,"0,4,5,8,9,11,13,15,28,30",0.5,,0.5,
109,0.6846661660553085,"0,1,2,3,4,5,7,8,9,10,11,12,13,14,15,16,17,18,19,20,21,22,23,24,25,26,27,28,29,30,31,32,33,34,35,36,37,38,39,41,42,43,44,45,46,47,48,49",0.803019334763137,"3,7,9,20,21,24,29,33,41,46",0.5,,0.5,
110,0.7328399534221762,"0,1,2,3,4,5,6,7,8,9,10,11,12,13,15,17,18,20,21,22,23,24,25,27,28,29,30,31,32,33,34,35,36,37,38,39,40,41,43,44,45,46,47,48,49",0.7909160305343511,"5,9,15,24,36,38,40,43,44,47,49",0.5,,0.5,
111,0.7815821840734829,"0,2,3,4,5,7,8,11,12,13,14,15,16,17,18,19,20,21,22,23,24,25,26,27,28,29,30,32,34,35,36,37,38,39,40,41,44,47,48,49",0.7711511789181692,"3,7,8,13,16,20,26,27,32,38,44",0.5,,0.5,
112,0.6890647626865325,"0,1,2,3,5,7,8,9,10,13,14,15,16,17,18,20,23,24,25,26,27,28,29,31,32,34,36,37,38,39,40,41,42,44,45,46,47,49",0.810425427014525,"0,3,8,15,27,29,39,42,44,48,49",0.5,,0.9811279843262372,"0,3,15,27,29,39,42,44,48,49"
113,0.6849726118904476,"0,2,3,4,5,6,8,12,14,15,16,17,18,19,20,21,22,23,24,25,26,27,28,29,31,32,33,34,35,38,39,41,43,44,45,46,48,49",0.806438209752839,"14,15,16,19,26,29,31,34,43,48",0.5,,0.5,
114,0.6979590788239979,"0,2,5,6,8,9,10,12,13,16,19,21,26,27,28,29,30,31,33,36,37,39,40,41,43,44,46,48",0.804048447795317,"2,9,11,12,19,21,29,31,33,36,41,44",0.5,,0.5,
115,0.7108075435203095,"0,1,3,4,5,6,7,8,9,11,12,13,14,15,16,18,19,20,21,22,23,24,25,26,27,28,29,30,32,33,34,36,37,38,39,41,43,44,45,46,47,48,49",0.8205297657425317,"1,3,4,8,9,18,26,29,34,39,47",0.5,,0.5,
116,0.7537373254764559,"0,1,2,4,7,8,9,10,11,12,13,14,15,16,19,20,21,23,24,25,26,28,29,30,31,33,34,35,37,38,39,40,42,43,44,45,46,48,49",0.8211419015766842,"0,8,10,11,23,24,29,44,45,46",0.5,,0.5,
117,0.7456318359108638,"0,1,2,3,4,5,6,7,8,9,10,11,13,14,15,16,17,19,20,21,22,23,24,25,26,27,28,29,31,32,33,34,35,36,37,38,40,41,42,43,44,46,47,48,49",0.7984180236205439,"0,2,7,13,22,23,27,38,40,47",0.5201524697924338,13,0.5,
118,0.6534198084810929,"0,1,2,3,4,5,6,9,10,11,12,13,14,16,17,18,19,20,21,22,23,24,25,27,30,31,32,33,34,35,36,37,38,39,40,41,42,43,44,45,46,47,49",0.8305172722870161,"0,1,19,22,25,30,40,42,45,49",0.5,,0.5,
119,0.6650680151173969,"0,1,2,3,4,5,6,7,8,9,10,11,12,13,14,15,16,17,18,19,20,21,22,23,24,25,26,27,28,29,30,31,32,33,34,35,36,37,38,39,40,42,43,44,45,46,47,48,49",0.7783892334637011,"1,2,8,11,19,23,24,33,34,46,48",0.5083224693503997,8,0.5,
120,0.7422862140521278,"0,1,2,3,4,5,7,8,9,10,11,12,13,14,15,16,17,18,19,20,21,22,23,24,26,27,29,31,33,34,35,36,37,38,40,42,44,45,46,47,48,49",0.791543083124192,"3,4,7,14,15,19,27,29,34,38,40",0.5,38,0.5,
121,0.7051791569549244,"0,1,2,3,4,5,6,7,8,9,10,11,13,14,15,16,17,19,20,21,22,23,24,25,26,27,28,29,30,31,32,33,34,35,36,37,38,39,40,41,42,43,44,45,46,47,48,49",0.7998051067304021,"0,11,14,24,30,31,41,42,46,49",0.5,,0.5,
122,0.7217731686238625,"2,3,4,5,6,7,8,9,11,12,15,17,18,19,20,22,23,24,26,27,28,30,32,33,34,36,37,38,39,40,42,43,45,46,47,48,49",0.7747298320530623,"5,12,23,27,32,37,38,40,46,47,48",0.5,,0.5,
123,0.6919449557846481,"0,1,2,3,4,5,6,7,8,9,10,11,12,13,14,15,16,17,18,19,20,21,22,23,24,25,26,27,28,29,30,31,32,33,34,35,36,37,39,40,41,42,43,44,45,46,47,48,49",0.8184804579906291,"0,2,4,17,24,25,27,39,43,48",0.5,,0.5,
124,0.7072584479388614,"1,3,4,5,6,7,8,9,10,11,12,13,14,15,16,17,18,19,20,21,22,23,24,26,27,28,29,30,31,32,33,34,35,36,37,39,40,41,42,43,44,45,46,47,49",0.8136346827730723,"5,6,12,23,25,26,32,34,36,46,47,49",0.5,,0.5,
125,0.7020608658141185,"0,3,4,5,6,7,8,10,11,12,13,14,15,16,17,20,21,22,23,24,26,29,30,31,32,35,37,38,40,41,42,43,45,46,47,49",0.794156937506088,"0,3,4,5,15,16,23,30,31,38,47",0.5,"3,31",0.5,
126,0.731193089658832,"0,1,2,3,4,5,6,8,10,11,13,14,16,17,19,20,21,22,23,25,26,27,28,29,30,32,33,34,35,36,38,39,40,41,43,44,45,46,48,49",0.76477788384478,"10,14,21,27,29,30,32,36,40,45,48",0.5554271506604267,"10,45",0.5,
127,0.6974590864346955,"0,1,2,3,4,6,7,8,9,10,11,12,13,14,15,16,18,19,20,21,22,23,24,25,26,27,28,30,32,33,34,35,36,37,38,39,40,41,42,43,44,45,46,48,49",0.7900869827203333,"1,11,15,18,25,26,30,37,39,40,45",0.5,,0.5,
128,0.7890447561790247,"0,1,3,4,5,6,7,9,10,11,12,13,14,16,17,19,20,21,22,24,25,26,27,28,29,31,32,33,35,36,37,39,40,42,43,44,45,46,47,49",0.8020908483633935,"9,10,11,13,24,32,45,46,47,49",0.5,,0.5,
129,0.7949525204809444,"0,1,2,3,4,5,7,8,9,10,11,13,15,16,17,18,19,21,22,24,25,26,28,29,30,31,32,33,34,36,37,38,39,40,41,42,43,47,48,49",0.7926798511713314,"10,13,19,22,28,29,34,41,42,47",0.5,,0.5,
130,0.8026095956624075,"1,2,3,4,5,6,8,9,10,11,12,14,15,16,17,19,20,21,22,23,24,25,26,27,28,29,30,31,32,33,34,35,37,38,39,40,41,43,44,45,46,47,49",0.800739219065232,"4,6,14,17,25,27,28,29,30,37,38",0.5,,0.5,
131,0.7439877072848775,"1,2,3,4,7,8,9,11,13,14,15,16,17,18,19,21,22,24,25,26,27,28,30,31,32,33,34,35,37,38,41,42,43,44,45,46,48,49",0.7891443569012457,"1,5,8,9,11,17,21,24,25,30,48",0.5,,0.5,
132,0.7909121676540111,"0,2,4,6,8,9,11,12,13,14,15,16,19,20,21,22,23,24,25,26,27,28,29,30,31,32,33,34,35,36,37,38,39,40,41,42,43,44,45,46,47,48,49",0.7822405922467481,"2,4,9,13,16,23,25,33,40,41",0.5,,0.5,
133,0.7771871445126035,"0,1,2,3,4,5,8,10,11,12,13,14,15,16,17,19,20,21,22,23,24,25,26,27,29,30,31,32,33,36,37,39,40,41,43,44,45,46,47,49",0.7903714079161396,"1,11,15,20,21,24,26,29,39,44,45",0.5,,0.5,
134,0.7530087245276792,"0,1,2,3,4,5,6,7,8,9,10,12,14,15,17,18,19,20,21,22,23,25,26,27,28,29,30,31,32,33,34,35,37,39,40,41,43,45,46,47,48,49",0.8148358221268872,"1,5,8,17,20,21,29,31,33,36,48,49",0.5,,0.5,
135,0.7939738038901977,"0,3,4,5,7,8,11,13,14,15,16,17,18,19,21,22,23,24,25,27,28,29,30,31,33,34,36,37,40,41,42,43,44,45,46,47,48",0.8013162986761693,"0,13,16,19,28,33,36,37,40,43,48",0.5215028349250297,28,0.5,
136,0.7574562497965738,"0,2,3,4,5,6,7,8,10,11,12,14,15,16,17,18,20,21,22,23,24,25,26,27,28,29,30,31,33,34,35,36,37,38,39,40,41,42,43,44,45,46,47,48,49",0.8012417137711427,"3,4,5,8,12,14,21,38,39,41",0.5,,0.5,
137,0.7488374998641939,"0,1,2,3,4,5,6,7,8,9,10,11,12,13,14,16,17,18,21,22,25,27,28,29,30,31,32,33,35,36,37,39,40,41,42,43,44,46,47,48,49",0.77979314016275,"0,2,4,13,14,16,27,30,41,44,46",0.5,,0.5,
138,0.7977753306354494,"3,4,5,6,8,9,10,11,12,13,14,15,16,17,18,19,20,21,22,23,24,25,27,28,29,30,31,32,33,34,35,36,37,38,39,40,41,42,43,45,46,47,48,49",0.8492747176443783,"4,10,30,31,32,34,36,37,45,46",0.5,,0.5,
139,0.8011676069413697,"2,3,5,7,8,10,12,14,15,17,18,19,20,22,24,25,26,27,29,30,31,32,33,34,35,36,39,40,41,43,45,46,47,48,49",0.7828092959671907,"3,12,14,15,18,22,26,31,40,47",0.5,,0.5,
140,0.7126963535712909,"0,1,2,3,4,6,7,8,9,10,12,13,14,15,17,18,19,20,21,24,25,26,27,28,29,30,31,32,33,34,35,36,38,39,40,41,42,43,44,45,46,47,48,49",0.7687760894974119,"7,9,10,11,17,19,31,35,36,38,42,47",0.5,,0.5,
141,0.7168669059135591,"1,2,3,4,5,7,8,9,11,12,13,14,15,16,17,18,19,20,21,22,23,24,25,29,30,31,32,33,34,35,36,37,38,39,40,41,42,43,45,46,47,48,49",0.7752171425599418,"3,11,12,17,24,31,36,40,45,46,48",0.5,,0.5,
142,0.838290255641385,"0,2,4,5,6,7,8,9,11,12,14,15,16,18,19,20,21,22,24,25,27,29,30,31,32,34,35,37,40,42,44,45,46,47",0.8159202763925556,"2,5,7,11,16,22,25,27,32,42",0.5,,0.5,
143,0.7382805158724755,"0,1,2,3,4,5,6,7,8,9,10,11,13,14,15,17,19,20,21,23,24,25,26,27,28,29,30,32,33,34,35,36,37,38,39,40,41,42,43,44,45,46,47,48,49",0.8019569924689155,"2,5,11,14,21,28,37,44,46,48",0.5680780073268055,"14,44",0.5,
144,0.7503892851882247,"0,2,3,4,5,7,8,9,10,11,12,13,14,15,16,17,18,19,21,22,23,24,25,26,27,28,29,30,31,32,33,34,35,36,37,38,39,40,41,42,43,44,45,46,47,48,49",0.7965695557940365,"0,3,4,10,12,23,32,35,37,42,47,49",0.5,,0.5,
145,0.7169215053234784,"0,1,2,3,5,6,7,8,9,11,14,15,16,17,18,19,20,21,22,23,25,26,27,28,29,30,31,32,33,34,35,37,38,39,40,41,43,44,45,46,48,49",0.7885603937571357,"3,7,15,20,21,22,28,31,34,48",0.5,,0.5,
146,0.7209072368827637,"0,1,2,4,5,6,7,8,10,11,12,14,15,16,17,19,21,22,23,24,25,26,27,28,30,31,32,34,35,37,38,39,40,41,42,43,46,49",0.7750525307459366,"0,2,10,15,16,17,21,22,25,27,30,42",0.5,,0.5,
147,0.6955792715643981,"0,1,2,3,4,5,6,7,8,9,10,11,12,13,14,15,16,17,18,19,21,22,23,24,25,27,28,29,31,32,33,34,35,37,38,39,40,42,43,44,45,46,47,49",0.7921160367437169,"7,10,11,16,18,34,35,38,41,42,45",0.5,,0.5,
148,0.6800387756785744,"0,1,2,3,4,5,7,8,9,10,12,13,14,15,16,17,18,19,20,21,22,23,24,25,26,27,28,29,30,31,32,34,37,38,39,40,41,43,44,46,47,48,49",0.7798616553914693,"0,1,8,14,15,17,19,20,23,39,44",0.5,,0.5630504393201881,"17,39"
149,0.7677278100150441,"0,1,2,4,7,9,10,12,14,15,20,21,22,23,24,25,27,28,29,30,31,32,33,35,38,39,40,41,42,45,46,48",0.7742854072641306,"1,2,4,15,25,27,39,41,42,46",0.5,,0.5,
150,0.809742037757602,"0,1,2,3,5,6,7,10,13,14,15,18,19,21,23,24,26,28,29,30,31,32,35,36,37,38,39,40,41,42,43,49",0.8135675824391778,"0,2,6,15,18,19,24,26,39,41,49",0.5,,0.5,
151,0.7488001465469867,"0,2,3,6,8,11,12,17,18,19,20,21,23,24,25,26,27,28,30,31,33,34,36,37,38,39,40,41,43,45,48,49",0.8013372412529768,"6,8,17,19,21,25,27,34,40,49",0.5,,0.5,
152,0.8027112079399661,"0,1,4,5,6,7,8,9,10,11,12,13,14,16,17,18,20,23,24,25,26,27,28,30,32,33,34,35,36,37,38,39,40,41,42,43,44,46,47,48,49",0.794182924938598,"0,5,10,18,23,41,42,43,46,49",0.5692448709265923,"5,18",0.5,"5,18"
153,0.7859624757275311,"0,1,3,4,6,7,8,9,10,12,14,15,16,17,18,19,20,21,22,23,24,25,26,27,28,30,31,32,33,35,36,37,38,39,40,41,43,45,46,48",0.8044288414798811,"1,6,10,15,18,23,25,36,38,40,41,43",0.5,,0.5,
154,0.8132705197231074,"0,1,3,4,5,6,7,8,9,10,11,12,13,14,15,16,17,18,20,21,22,23,24,25,28,29,30,31,33,34,35,36,37,39,40,41,42,43,44,45,46,48,49",0.8014600043951214,"6,11,13,15,17,18,20,25,30,36,44,45",0.5,,0.5,
155,0.8254599220160679,"1,2,3,4,5,6,7,10,12,13,14,15,16,17,18,20,21,23,24,26,27,28,29,30,32,33,34,35,36,37,38,39,40,41,43,44,46,47,48,49",0.8134090492764242,"3,6,7,10,17,20,29,35,37,39,49",0.5,,0.5,
156,0.7204998604940657,"0,1,2,4,5,7,8,9,10,11,12,13,16,17,18,19,20,21,23,24,26,27,29,30,31,32,34,35,36,38,39,40,41,42,43,44,45,46,47,48,49",0.7654972313437641,"5,11,19,21,24,31,34,35,38,45,48,49",0.5,,0.5,
157,0.7784836592479851,"1,3,4,5,6,7,9,11,12,16,17,18,19,20,22,23,24,25,26,27,28,29,30,31,32,33,34,35,36,37,38,39,40,41,42,44,45,47,48,49",0.7959399406263068,"4,9,16,17,24,25,26,38,39,45,47",0.4830956394359759,38,0.5,
158,0.7904780839529736,"0,3,4,5,7,8,9,11,12,13,15,16,19,20,21,22,23,24,26,27,29,31,32,33,36,37,38,44,45,48,49",0.8223256060545814,"7,11,19,20,24,29,31,32,37,45",0.5,,0.5,
159,0.7005083115812611,"0,1,2,3,4,5,6,7,8,9,10,11,12,13,14,15,16,17,18,19,21,22,23,24,25,26,27,28,29,30,31,32,33,34,35,36,37,38,39,40,41,42,43,45,46,47,48,49",0.8093764226393951,"5,12,19,21,26,32,35,37,39,40,42,48",0.5117245689318453,22,0.5,
160,0.8090295893768278,"0,1,3,6,7,8,9,11,12,13,14,15,16,17,18,19,20,21,22,23,24,25,26,29,30,31,32,34,36,37,40,42,43,44,45,46,47,48",0.8248610698623943,"6,7,11,13,18,20,32,37,44,45",0.5,,0.5,
161,0.7563891048114599,"1,2,3,4,7,8,9,11,12,13,14,15,16,18,19,22,24,25,26,27,28,30,31,32,37,38,39,44,45,46,48,49",0.7912099243301554,"2,4,8,11,13,14,19,22,26,45,46",0.5705630555599621,"2,22",0.5699073559972715,"2,22"
162,0.7924988764657016,"0,1,2,3,4,5,6,7,9,10,11,12,13,14,15,16,17,19,20,21,22,23,25,26,28,29,31,32,33,34,35,36,38,39,41,42,43,44,45,46,47,49",0.80439063585232,"5,9,16,23,26,36,38,44,46,47",0.5,,0.5,
163,0.7494023493033365,"0,1,2,3,4,5,6,7,8,9,10,11,12,13,14,15,16,17,18,19,20,21,22,24,25,26,27,29,30,31,32,33,34,35,36,37,38,39,40,42,43,45",0.7822724757696655,"3,4,8,10,11,13,14,22,29,36,45",0.5,,0.5,
164,0.7217078481492001,"0,1,2,3,4,5,6,7,8,10,12,13,14,15,16,17,18,19,20,21,22,24,25,26,27,28,29,30,31,32,33,34,35,36,37,38,39,40,42,43,44,46,47,48,49",0.7779202336998418,"0,4,6,10,13,14,28,30,31,32,47",0.5,,0.5,
165,0.8290206733291189,"0,1,2,3,4,7,8,9,12,14,17,18,19,21,23,24,25,26,27,28,29,30,31,32,33,36,37,38,39,42,43,44,48,49",0.7770589263857318,"3,8,23,27,28,30,33,36,38,48",0.5,,0.5,
166,0.7959106315279795,"0,1,2,4,5,6,9,10,11,12,13,15,16,17,18,19,20,21,22,23,25,27,28,29,30,31,32,33,34,36,37,38,39,40,41,42,47,48",0.826542159507505,"2,4,12,16,20,22,37,38,47,48",0.5,,0.5,
167,0.7213850003597612,"0,1,3,4,5,6,7,8,9,10,11,13,14,15,16,17,19,20,21,22,23,24,26,27,28,29,30,32,33,34,35,36,37,38,39,40,42,44,45,46,47,48,49",0.7944085127475357,"0,4,5,6,8,9,16,32,38,45",0.5,,0.5,"0,16"
168,0.7832992625177901,"0,1,3,4,6,7,8,9,10,12,13,15,16,17,19,21,23,26,27,28,29,30,31,32,35,36,37,39,40,41,43,45,46,47,48,49",0.7604735412084358,"1,7,8,10,12,19,23,28,31,35",0.5,,0.5,
169,0.7878291920845112,"0,1,2,3,6,7,8,10,11,13,14,16,17,19,20,21,22,26,28,29,30,31,33,34,37,38,40,41,43,44,45,47,48,49",0.8008272056424353,"0,3,6,11,13,17,19,24,31,38,40",0.5,"17,19",0.5,
170,0.7772195350288656,"0,2,3,4,6,7,8,9,10,12,13,14,16,17,18,21,23,25,26,27,28,30,31,32,33,34,35,37,39,40,41,42,45,47,48,49",0.8265173974098924,"7,8,9,12,14,16,23,25,31,45",0.5,,0.5610664690279294,"12,31"
171,0.726766294014754,"0,1,2,3,4,6,7,9,10,11,12,13,14,15,16,18,20,21,22,24,25,26,27,28,30,31,33,35,36,37,38,39,40,41,42,43,44,45,46,47,48,49",0.8568413676216551,"0,11,18,21,26,33,39,40,46,49",0.5,,0.5,
172,0.7544381674858014,"1,2,3,5,6,7,8,9,11,13,16,17,18,19,20,21,22,23,24,25,28,30,31,32,33,35,36,39,40,41,42,43,44,45,46,47,48",0.765673811667765,"3,5,6,8,9,11,14,19,24,41,44,46",0.5,24,0.5,
173,0.8006862618848325,"0,3,4,5,7,10,11,12,13,14,15,17,20,21,23,24,27,29,30,31,32,33,34,35,37,39,40,41,42,43,45,47,49",0.8010631961882686,"3,4,5,10,20,29,30,34,47,49",0.5,,0.5,
174,0.7894142761841227,"0,1,2,3,4,6,7,8,9,10,11,12,13,14,16,18,19,20,24,25,27,28,29,30,31,32,33,34,35,36,37,38,39,40,42,43,44,45,46,47,48,49",0.8186977985323549,"1,11,14,18,20,27,31,33,37,48",0.5,,0.5,
175,0.790239457954523,"2,3,6,8,9,10,13,15,16,19,20,21,22,23,24,26,27,28,30,31,32,33,34,36,40,41,42,43,45,47,49",0.8130202618269212,"6,8,9,10,16,20,22,31,32,45,49",0.5,"8,9",0.5,
176,0.7654302646577384,"0,1,2,3,4,5,6,7,8,9,10,11,12,13,14,16,17,18,19,21,22,23,24,25,26,27,29,30,31,32,33,34,35,36,37,38,40,41,42,43,44,45,47,48,49",0.8089199760138731,"0,6,7,8,9,21,26,27,42,48",0.5,,0.5,
177,0.7800873482364,"0,1,2,3,4,5,6,7,13,14,15,16,17,18,19,20,21,22,23,24,25,26,27,28,29,30,31,32,33,34,35,36,37,38,39,40,41,43,44,45,46,47,48,49",0.8306769752372503,"2,13,16,19,22,28,33,38,40,41",0.5364536299159788,40,0.5,
178,0.795048277928339,"0,3,4,6,7,8,9,10,11,12,14,17,18,19,20,21,22,23,24,26,27,28,29,30,32,33,34,35,37,40,43,44,45,46,47,48,49",0.793110351496003,"3,4,9,22,26,27,29,30,33,47,48",0.5,,0.5,
179,0.7596728953502153,"0,1,3,6,7,8,9,10,12,13,14,15,16,18,19,20,21,23,25,26,27,28,29,30,31,32,33,35,36,37,38,39,40,41,42,43,44,45,46,47,48,49",0.7902895745269229,"8,9,10,13,18,21,30,35,38,41,43",0.5,,0.5734694952527687,"8,10"
180,0.785963606152319,"0,1,2,3,4,5,7,8,9,10,11,12,13,15,17,18,19,22,23,24,25,26,27,28,29,30,31,33,34,36,37,38,39,40,41,42,43,44,45,46,48,49",0.7837597984473541,"2,3,9,13,17,25,30,31,41,42,49",0.5,,0.5,
181,0.7541721147431621,"0,1,2,3,4,5,6,7,10,12,13,14,15,16,17,18,19,20,21,22,23,26,27,28,29,30,31,32,33,34,35,36,37,38,39,40,41,42,43,44,45,47,48,49",0.7814489659773182,"5,18,20,21,26,39,41,43,44,47,48",0.5,,0.5634449633088726,"18,44"
182,0.7708644380394255,"0,1,2,3,4,6,7,8,9,10,11,12,13,14,15,16,17,18,19,20,21,22,23,24,25,26,27,28,29,30,31,32,33,34,35,36,37,38,39,40,41,42,43,44,45,46,47,48,49",0.8034235802281855,"1,9,13,26,27,28,30,34,37,39,41,45,49",0.5,,0.5,
183,0.7894003223015021,"1,2,3,4,6,8,9,10,13,14,18,19,20,22,25,26,27,28,29,30,31,33,34,36,39,41,42,43,44,45,46,47,48",0.7773658329317519,"2,10,14,22,27,31,34,44,45,46,47",0.5,,0.5,
184,0.7394594452960211,"0,1,2,5,6,7,8,9,11,13,14,15,16,19,20,21,23,24,25,26,27,28,30,31,32,33,34,35,37,39,40,41,42,43,44,45,47",0.8214937965910728,"6,11,23,27,28,35,39,40,43,47",0.5,,0.5,
185,0.7963286573146292,"0,1,2,3,4,5,6,9,10,11,12,13,14,16,18,19,20,21,23,25,26,27,28,29,30,31,32,33,34,35,36,38,39,40,41,44,45,46,47,48,49",0.8103620574482298,"5,9,10,11,12,18,21,31,38,46",0.5,,0.5,
186,0.8002406520895329,"0,1,2,3,5,6,8,10,11,13,14,15,17,18,19,20,21,22,23,25,26,27,28,29,30,32,33,34,35,36,37,39,40,41,42,43,44,46,47,48,49",0.7881110104800103,"8,13,15,22,25,27,29,37,44,48",0.5,,0.5,
187,0.7872999942500797,"0,1,3,4,5,7,9,10,11,12,14,16,18,19,20,21,22,23,24,27,28,29,30,31,32,33,34,35,36,39,40,41,42,44,45,46,47,48,49",0.8102839937900861,"0,1,5,24,27,28,29,34,35,36,39",0.5,,0.5,0
188,0.7769726839272261,"0,2,3,5,6,7,8,9,10,13,15,16,17,18,19,20,21,22,24,25,26,27,28,30,31,32,33,34,35,36,37,38,39,40,42,43,44,45,46,48",0.7995778697107918,"5,6,7,24,27,32,34,36,37,39,42",0.5771910928333047,"7,37",0.5,
189,0.8017666628427211,"0,2,3,5,6,7,8,9,10,11,12,13,14,16,17,18,20,21,22,23,24,26,28,30,31,32,33,34,35,36,37,39,40,41,43,44,45,46,48,49",0.8042740785656927,"3,11,12,13,17,23,31,36,37,45",0.5,,0.5,
190,0.7461001161008434,"1,3,4,7,9,13,14,15,16,17,20,21,22,23,25,26,27,29,30,31,32,39,40,41,42,43,44,45,46,48",0.7995469103976252,"1,13,15,16,21,22,26,29,39,40,43",0.5,4,0.5,
191,0.7937011301279361,"1,3,4,6,12,13,14,16,17,18,19,21,26,27,28,30,32,33,34,35,38,39,40,41,43,46,47,48,49",0.7758165057750004,"1,3,6,7,13,30,32,35,39,40,43,48",0.560032541051988,"6,39",0.5,
192,0.8034743162108072,"1,3,4,5,6,7,9,11,12,13,14,15,16,17,18,19,20,23,24,25,26,27,28,30,32,33,34,35,36,37,38,39,40,41,42,43,44,46,47,48,49",0.819460973982655,"15,17,20,24,25,30,39,42,44,49",0.5,,0.5,
193,0.7746448087431694,"0,1,2,3,4,5,6,7,11,12,13,14,15,16,17,18,19,20,21,23,24,25,26,27,28,29,30,31,32,33,34,35,37,38,39,40,41,42,43,44,45,46,47,48,49",0.7931189043369994,"2,5,12,13,14,23,27,29,31,46,47,48",0.5,,0.5,
194,0.7165208561162318,"0,1,2,3,6,7,9,10,12,13,14,15,16,17,18,19,20,21,22,23,24,25,26,27,28,30,31,32,35,36,37,38,39,41,42,43,44,45,46,47,48,49",0.7959876061032131,"0,2,7,19,21,23,28,35,37,38",0.5228714263396345,19,0.5,
195,0.831021294951918,"2,3,5,7,8,9,10,11,13,14,15,16,17,18,19,20,21,22,23,24,25,26,27,30,31,32,33,34,36,37,38,39,41,42,43,44,45,46,48,49",0.8080508385413379,"3,5,8,16,24,31,33,41,42,43",0.5,,0.5,
196,0.7919437716871883,"0,1,2,3,4,5,6,7,9,11,12,13,14,16,17,18,19,20,21,22,23,24,25,26,27,28,29,30,32,34,35,36,38,40,41,42,43,44,45,46,47,48,49",0.8173700854322056,"1,2,6,17,20,21,22,25,28,34,47",0.5,,0.5,
197,0.8010295679720882,"0,1,2,3,4,5,8,9,10,11,13,15,16,18,19,21,23,25,26,29,30,31,32,33,34,35,38,39,40,41,42,43,44,45,48,49",0.7757452193852024,"5,9,10,13,15,26,30,33,41,45",0.5,,0.5,
198,0.8047520717590696,"0,2,3,4,6,8,10,12,13,14,15,16,17,18,19,20,22,24,25,27,28,29,30,32,35,36,38,39,44,45,46,47,48,49",0.7847501051585025,"13,14,15,16,20,22,25,30,36,47",0.5237685529643772,22,0.5,
199,0.7916731760662397,"0,1,2,3,4,5,6,7,9,11,12,13,17,19,20,21,22,23,24,25,27,28,29,30,31,32,33,35,36,37,38,39,40,41,42,43,44,46,47",0.7937236369317294,"2,11,12,17,20,22,28,29,31,32,36,46",0.5,,0.5,
