simulation,HarderLASSO_QUT_c_index,HarderLASSO_QUT_features,LASSO_QUT_c_index,LASSO_QUT_features,HarderLASSO_QUT_ANN_c_index,HarderLASSO_QUT_ANN_features,LASSO_QUT_ANN_c_index,LASSO_QUT_ANN_features,AIC_c_index,AIC_features,BIC_c_index,BIC_features,LASSO_CV_c_index,LASSO_CV_features,LassoNet_c_index,LassoNet_features,CoxPH_c_index,CoxPH_features
0,0.5792930976992331,"10,16,20,55,91,93,94,108,138",0.58972990996999,"10,16,20,29,32,55,63,91,93,94,108,134,138",0.5807602534178059,"10,16,20,55,91,93,94,108,138",0.5967489163054351,"10,16,20,29,32,39,55,63,91,93,94,108,134,138",0.6240413471157052,"20,94,55,138,135,91,74,93,85,10,89,158,99,119,115,60,2,125,140,59,79,16,108,98,73,102,96,57,109,139,126,118,123,110,76,4,38,156,37,12",0.5877625875291764,"20,94,55,138,135,91,74,93,85,10",0.6377125708569523,"2,4,7,9,10,12,16,20,27,35,36,37,39,43,44,51,55,56,57,59,60,61,67,73,74,76,77,79,82,85,87,89,90,91,92,93,94,95,96,98,99,102,104,105,108,109,110,115,117,118,119,125,126,129,132,134,135,138,140,147,156,157,158,159",0.641947315771924,"2,4,9,10,12,16,20,27,35,36,37,39,41,43,51,55,57,59,60,61,67,73,74,76,77,79,85,87,89,90,91,93,94,95,96,98,99,102,104,105,106,108,109,115,125,126,132,134,135,138,140,142,156,158,159",0.5873624541513838,
1,0.5691970402850096,"9,32,41,67,93,121,138,146,158",0.5897163606467525,"9,32,39,41,43,67,93,121,138,146,154,158",0.5720745409701288,"32,41,93,121,138,146",0.5845094546451083,"9,32,39,41,43,67,93,121,138,146,154",0.6181830638531104,"41,32,121,93,158,29,99,117,67,119,96,102,139,100,9,85,140,2,60,55,109,84,27,104,81,57,89,77,66,59,142",0.5965332967936421,"41,32,121,93,158,29,99,117,67,119,96",0.6511372978898329,"2,6,7,9,27,32,34,35,39,41,42,43,55,57,58,59,61,67,68,76,77,81,85,86,89,93,96,99,102,104,106,108,109,117,119,121,135,136,137,140,146,154,155,158",0.631919704028501,"0,2,4,5,6,7,9,11,12,16,18,21,22,27,28,34,35,39,41,42,43,46,47,55,56,57,58,59,60,61,62,63,66,67,69,76,77,78,81,84,85,86,89,93,95,96,98,99,100,102,104,105,106,108,109,113,115,117,119,121,122,123,133,134,135,136,137,139,140,142,143,148,150,153,154,155,158,159",0.5636818306385311,
2,0.5790616412796418,"29,32,58,61,72,94,109,138,154",0.5806900295145367,"8,9,29,32,58,61,72,86,94,109,138,146,154",0.5797570987549615,"29,32,58,61,72,94,109,138,154",0.5798249482647488,"8,29,32,58,61,72,86,94,109,138,146,154",0.6082030057332836,"138,58,94,29,89,57,151,61,99,154,109,102,69,128,59,12,133,93,104,2,118,158,116,96,55,119,76,34,75,45,135,86,20,114,108,37,123,67,54,3,40,6,157",0.5958543949519964,"138,58,94,29,89,57,151,61,99",0.6417206635682057,"0,2,7,8,9,12,14,16,20,28,29,30,34,35,36,37,38,40,44,45,47,54,55,57,58,59,61,67,69,70,72,75,76,79,85,86,89,91,93,94,96,99,102,104,108,109,114,116,118,119,128,133,134,135,138,146,147,151,152,154,155,156,158,159",0.6487091630762968,"0,2,7,8,9,12,20,29,34,35,36,37,40,44,47,55,57,58,59,61,67,69,72,76,79,86,88,89,91,93,94,96,99,102,104,109,118,119,128,129,133,134,135,136,138,144,146,147,151,152,154,155,158,159",0.5756013162804898,
3,0.5947344176322596,"29,32,35,39,57,70,73,74,86,105,138,158",0.600687431345452,"29,32,35,39,53,57,58,70,73,74,86,105,106,114,129,138,146,158",0.5854859856135501,"29,32,35,39,53,57,70,73,74,86,105,138",0.5991283087062825,"29,32,35,39,53,57,58,70,73,74,86,105,106,114,129,138,146,158",0.6161723539208391,"70,57,10,39,29,158,93,34,22,89,116,109,55,58,118,2,129,128,104,102,99,77,60,126,96,85,75,69,18,74,11,148,59,81,140,133,83",0.6128415010098862,"70,57,10,39,29,158,93,34,22,89,116",0.6332872683462669,"2,4,5,10,11,18,22,27,34,35,39,43,55,56,57,58,59,60,67,69,70,71,73,74,75,76,77,79,81,85,86,89,90,91,93,96,99,102,103,104,105,106,108,109,115,116,118,120,126,128,129,133,135,138,140,144,148,154,156,157,158,159",0.6289996810885511,"2,5,10,11,18,22,27,32,34,35,39,42,43,47,55,56,57,58,59,60,67,69,70,73,74,75,77,79,85,86,89,90,91,93,96,99,102,103,104,105,106,108,109,115,116,118,121,126,128,129,135,138,140,143,148,156,158,159",0.5778675454448815,
4,0.5853591160220994,"3,9,10,16,32,55,57,70,93,102,108,146,154",0.5930593922651933,"3,9,10,16,32,35,39,53,55,57,63,66,70,93,102,108,129,134,146,154",0.5949585635359116,"3,9,10,16,18,32,35,39,53,55,57,63,66,70,93,102,108,134,146,154",0.5863259668508287,"3,9,10,16,32,35,53,55,57,63,66,70,93,102,108,129,134,146,154",0.5662638121546961,"57,10,72,7,93,99,102,158,55,71,2,89,76,42,63,35,109,39,100,60,142,108,95,119,118,156,59,86,130,146,106,46,22,27,139,40,154,85,49,69,45,1,133,65,29,98,81,123",0.606457182320442,"57,10,72,7,93,99,102,158,55,71,2,89,76,42,63",0.6171270718232044,"2,7,10,15,16,18,22,27,35,36,37,39,42,55,56,57,58,59,61,62,63,67,71,72,73,74,76,86,89,91,93,96,98,99,100,102,106,108,109,119,121,129,134,135,136,140,142,146,154,156,158",0.6181629834254143,"2,7,10,15,16,18,35,36,37,39,42,55,56,57,58,59,61,62,63,67,71,72,73,74,76,86,89,91,93,96,98,99,100,102,106,108,109,119,121,129,134,135,136,140,142,146,154,156,158",0.562603591160221,
5,0.6014719864774448,"10,16,29,39,53,56,66,70,89,91,93,135,138",0.6049934852273128,"10,16,24,29,35,39,53,56,61,66,70,89,91,93,135,138",0.5946754938901997,"16,29,39,53,56,66,70,89,91,93,135,138",0.6051871676585555,"10,16,24,29,35,39,53,56,66,70,89,91,93,135,138",0.6219318942141776,"53,70,135,138,104,89,59,16,99,151,57,61,102,109,39,56,158,81,140,50,55,96,8,79,157,4,73,123,126,130,119,112,75,71,94",0.6164383561643836,"53,70,135,138,104,89,59,16,99,151,57,61",0.6432721766383773,"2,4,6,7,9,10,16,22,27,29,35,39,42,47,48,53,55,56,57,59,61,70,71,73,76,79,85,87,89,91,93,96,99,102,104,109,111,119,120,122,135,138,140,146,154,157,158,159",0.6429200267633906,"2,4,6,7,8,9,10,16,27,29,35,36,39,42,48,53,55,56,57,59,61,70,71,73,76,79,85,87,89,91,93,96,99,102,104,109,111,119,135,138,140,143,146,154,157,158,159",0.604077895552347,
6,0.5891718659438819,"10,39,61,86,89,94,108,138",0.5842623845078586,"10,39,40,61,86,89,94,108,134,138",0.5115065971156797,"39,89",0.584296478128942,"10,39,40,61,86,89,94,108,134,138",0.6274249087995636,"39,89,108,94,109,34,58,99,120,96,56,10,2,28,57,86,59,104,69,121,93,61,158,77,60,27,55,20,18,75,38,64,118,128,76,130,91",0.6052299614742082,"39,89,108,94,109,34,58,99",0.6504381030309229,"0,2,4,10,16,18,27,28,34,35,39,40,45,48,51,54,55,56,57,58,59,60,61,67,69,71,75,76,77,79,82,84,85,86,88,89,91,92,93,94,96,99,102,104,105,106,108,109,117,118,119,120,121,128,130,133,135,136,143,146,147,155,158",0.6525178139170161,"2,4,10,16,18,27,28,34,35,38,39,40,45,48,51,55,56,57,58,59,60,61,62,67,69,71,76,77,79,82,84,86,88,89,91,92,93,94,96,99,102,104,105,106,108,109,117,118,119,120,121,128,135,143,146,155,158",0.6087756980668917,
7,0.5595169637722829,"9,32,76,89,105,106,107",0.5720600920069006,"9,10,32,70,72,76,89,105,106,107,134",0.5588341000575043,"9,32,76,89,105,106,107",0.5722218228867165,"9,10,32,70,72,76,89,105,106,107,134",0.6234545715928694,"32,9,89,76,30,106,99,158,93,87,109,102,85,55,155,96,34,2,134,60,128,40,115,108,54,71,0,129,7,82,41,57,143,139,113",0.6014591719378953,"32,9,89,76,30,106,99,158",0.6499424956871765,"2,3,6,7,8,9,10,15,19,29,32,34,41,42,43,44,51,55,57,58,70,71,72,74,76,85,86,89,90,93,94,96,99,102,104,105,106,108,109,117,129,134,135,136,143,155,158",0.6538959171937896,"2,3,6,7,9,10,11,29,32,34,39,40,41,42,44,55,57,58,69,70,71,74,76,85,86,89,90,93,94,96,99,102,104,106,108,109,117,123,129,134,135,143,155,158,159",0.5857533064979874,
8,0.585750016899885,"2,3,35,39,41,72,76,77,89,112,125,153,158",0.5846684242547151,"2,3,5,20,29,34,35,38,39,41,53,72,76,77,89,112,125,153,154",0.5875921043736902,"2,3,5,34,35,38,39,41,72,76,77,89,99,112,125,153,154,158",0.5852261204623809,"2,3,5,20,29,34,35,38,39,41,53,72,76,77,89,112,125,153,154",0.60748326911377,"72,35,2,158,99,77,89,16,157,4,96,76,57,139,140,51,118,102,22,129,25,27,59,7,98,112,43,91,23,21,34",0.5877442033394172,"72,35,2,158,99,77,89,16,157,4,96,76",0.6343540863922126,"2,4,5,6,7,10,15,16,19,29,34,35,36,39,41,43,51,57,58,59,63,72,73,74,76,77,85,86,89,90,91,96,97,99,102,106,112,117,119,125,129,134,135,139,140,154,155,157,158,159",0.6321909011018725,"2,4,5,6,10,15,16,19,29,34,35,36,39,41,43,51,57,58,59,63,72,73,76,77,85,86,89,90,91,96,97,99,102,106,112,119,125,129,134,135,140,154,155,157,158,159",0.5674981410126411,
9,0.5801895162721369,"32,51,61,86,94,105,134,135,138,154",0.5826028320971005,"2,32,51,61,86,94,105,116,134,135,138,154",0.5806863754125705,"32,51,61,86,94,105,134,135,138,154",0.5812187244916066,"2,32,51,61,86,94,105,107,116,134,135,138,154",0.632714625403698,"32,61,73,135,86,66,102,99,2,96,119,93,57,158,89,109,34,55,69,122,154,134,130,123,22,46,76,26,136",0.5948468609149307,"32,61,73,135,86,66,102,99,2,96,119,93",0.626503886148277,"2,4,6,10,12,24,34,36,39,41,43,44,45,51,53,55,57,58,59,61,66,70,71,73,74,76,86,89,91,93,94,96,99,102,104,105,106,108,109,117,119,134,135,136,138,154,156,157,158,159",0.626326436455265,"0,2,3,4,5,6,7,8,9,10,11,12,14,15,16,17,18,19,20,21,22,24,28,29,30,33,34,35,36,37,38,39,40,43,44,45,46,47,48,50,51,53,55,56,57,58,59,60,61,62,63,66,67,68,69,70,71,72,73,74,75,76,79,81,82,83,84,85,86,87,89,90,91,92,93,94,95,96,98,99,102,103,104,105,106,108,109,110,114,115,116,117,118,119,120,121,123,124,125,127,130,132,133,134,135,136,137,138,141,142,143,144,146,147,148,149,151,152,153,154,155,156,157,158,159",0.5879973027646662,
10,0.6140148168286549,"3,39,76,94,108,134,138,141,146,158",0.6155780602188541,"3,39,61,76,94,99,108,134,138,141,146,153,158",0.6045673893835384,"39,57,76,94,134,138",0.6100387412492354,"3,39,76,94,108,134,138,141,146,153,158",0.6302249711139808,"138,3,76,39,99,122,89,57,34,109,102,158,141,55,74,59,81,94,119,96,2,151,139,156,65,26,24,43,111,79,104,116,90,48,103,1,28,108,35,69,16,27,40,134",0.6159858628423843,"138,3,76,39,99,122,89,57",0.6750152925983823,"2,6,10,16,27,29,34,35,36,37,39,41,42,43,55,57,59,61,70,74,76,89,93,94,96,99,102,104,108,109,111,112,119,122,133,134,135,136,141,146,156,157,158",0.6720587235777884,"2,3,6,10,16,27,29,34,35,36,37,39,41,42,43,44,55,57,59,61,70,74,76,89,93,94,99,102,104,108,109,112,119,122,133,134,135,136,141,146,156,158",0.5996057907972542,
11,0.5701876675603217,"3,16,29,32,57,71,95,112,138,143,152",0.5784092940125112,"3,16,18,29,32,57,71,93,95,105,112,135,138,143,146,152",0.5690437890974084,"3,16,29,57,71,95,112,138,143,152",0.5784807864164433,"3,16,18,29,32,57,71,93,95,105,112,135,138,143,146,152",0.6115817694369973,"57,29,62,152,16,109,143,89,71,128,55,159,76,158,14,102,99,140,36,112,69,96,94,2,104,37,60,119,118,105,49,139,43,45,59,141,91",0.5885612153708668,"57,29,62,152,16,109,143,89,71,128,55,159,76",0.6363181411974977,"2,7,8,10,16,18,29,34,36,37,39,43,44,53,55,57,59,62,67,69,71,74,76,86,87,89,90,93,94,95,96,99,102,104,105,109,112,117,119,128,135,136,140,141,143,147,152,155,158,159",0.6369615728328865,"2,7,8,10,16,18,29,34,36,37,39,43,44,53,55,57,59,62,67,69,71,74,76,81,86,87,89,90,93,94,95,96,99,102,104,105,109,112,117,119,128,135,136,140,141,143,147,152,155,158,159",0.5884182305630027,
12,0.5804096049994906,"9,32,39,53,55,74,119,140,146",0.5831946472845838,"9,32,39,53,55,66,71,74,105,108,119,134,140,146,147",0.5775226709234793,"9,32,39,53,55,119,140,146",0.5830587915633597,"9,32,39,53,55,66,71,74,105,108,119,134,140,146,147",0.622355058927419,"32,140,39,55,74,59,2,104,147,96,102,85,60,119,158,135,128,118,154,23,48,109,34,56,50,87,129,92,44,9,115,108",0.6134565091872431,"32,140,39,55,74,59,2,104,147,96",0.651767822572428,"2,4,9,12,32,34,39,42,44,53,55,56,57,58,59,61,71,74,82,85,86,89,91,96,99,102,104,105,108,109,118,119,121,122,124,128,129,134,135,140,146,147,149,152,154,156,158,159",0.6521074618754882,"2,4,6,9,32,34,39,42,44,53,55,56,57,59,61,71,74,82,85,86,89,91,96,99,102,104,105,108,109,119,121,124,128,134,135,140,147,149,152,154,156,158,159",0.5774207791325612,
13,0.586813260708762,"29,32,35,55,72,86,93,112,138",0.5984130186268577,"10,29,32,35,55,72,86,91,93,105,112,137,138",0.5893349472126959,"29,32,35,55,72,93,112,138",0.5970008741846548,"10,29,32,35,55,72,86,91,93,105,112,137,138",0.6295810638154798,"32,35,55,2,96,93,86,158,99,119,89,59,102,118,103,156,71,74,91,144,34,57,45,139,108,10,65,26,135,112,109,88,52,60,138,69,61,43,3",0.60251496200659,"32,35,55,2,96,93,86,158,99,119",0.6507296079618049,"2,6,7,10,19,30,32,34,35,36,37,39,43,44,55,57,58,59,61,71,72,74,76,85,86,89,90,91,93,96,99,102,103,104,105,106,108,109,112,117,118,119,133,135,137,138,144,151,154,155,156,158",0.6514020576961872,"2,6,7,10,12,19,22,32,34,35,36,37,39,43,44,45,55,57,58,59,61,67,69,71,72,74,76,86,89,90,91,93,96,99,102,103,104,105,106,108,109,112,117,118,119,129,133,135,137,138,144,154,155,156,158",0.5757178400914532,
14,0.6129960564180907,"32,34,39,70,89,102,104,112,138,153,154",0.6125697232387111,"32,34,39,70,89,102,104,112,138,153,154",0.5821579564429602,"32,70,102,112,138,153",0.6122499733541763,"32,34,39,70,89,102,104,112,138,153,154",0.6291611894695704,"32,89,16,119,104,151,102,109,34,96,39,99,112,57,79,59,94,128,118,76,55,2,158,58,154,75,101,85,10,103,45,50,135,56,80,138,123,126,147,144,127,4,13,46,148,61",0.6423064625004441,"32,89,16,119,104,151,102,109,34,96,39,99",0.6843713361992397,"2,4,5,6,10,16,34,37,39,43,47,55,57,58,59,61,63,70,76,79,83,85,86,89,90,91,93,94,96,99,102,104,106,109,112,118,119,128,133,135,138,151,154,155,158,159",0.6823107258322378,"2,4,5,6,10,16,34,37,39,43,47,55,57,58,59,61,63,67,70,76,79,83,85,86,89,90,91,93,94,96,99,102,104,106,109,112,118,119,128,133,135,138,146,151,154,155,158,159",0.5951255906490923,
15,0.5815685601510211,"29,32,39,73,76,94,121,134",0.582255019735713,"29,32,39,73,76,94,121,134,156",0.563240089239746,"29,32,73,94,134",0.5835249699673931,"29,32,39,73,76,94,121,134,156",0.6032950060065214,"29,94,39,85,76,43,41,140,159,73,102,96,2,67,88,49,60,158,156,38,57,151,87,51,118,77,157,125,89,131,147,115,108,134,10,83,26,145,24,13,92,128",0.6070362107430926,"29,94,39,85,76,43,41,140",0.654161661232195,"2,4,16,29,30,35,38,39,41,42,43,44,51,56,57,60,67,71,73,74,76,85,87,88,89,93,94,96,99,102,106,108,109,117,123,125,134,135,136,140,147,151,154,156,157,158,159",0.6095417882272182,"0,2,3,4,5,6,7,8,9,10,11,12,13,14,15,16,17,18,20,24,26,27,29,30,32,34,35,36,37,38,39,40,41,42,43,44,45,46,48,49,50,51,53,55,56,57,58,60,61,62,63,64,66,67,68,69,70,71,72,73,74,75,76,77,78,79,81,82,83,84,85,86,87,88,89,90,91,92,93,94,95,96,97,98,99,102,103,104,105,106,107,108,109,110,111,112,115,117,118,119,120,121,122,123,124,125,126,128,129,130,131,132,133,134,136,137,138,140,141,142,143,144,145,146,147,148,149,151,152,153,154,156,157,158,159",0.5709970825467651,
16,0.5925073940190602,"29,35,39,57,66,70,120,138,146",0.6010515938218863,"19,29,35,39,57,58,66,67,70,93,94,120,138,146",0.5924745317121262,"29,35,39,57,66,70,120,138,146",0.604337824515281,"19,29,35,39,57,58,66,67,70,93,94,112,120,138,146",0.6445941505093657,"138,35,39,57,29,140,2,93,99,58,109,102,89,96,19,34,69,133,59,104,86,119,60,75,116,61,76,43,128,97,73,135,158",0.6172198488333881,"138,35,39,57,29,140,2,93,99,58,109",0.6495892211633256,"2,7,19,34,35,39,42,43,55,56,57,58,59,67,70,71,73,74,76,86,89,90,91,93,94,96,99,102,104,109,119,120,121,128,133,135,138,140,146,158,159",0.6537298718370029,"2,19,34,35,39,42,55,56,57,58,59,67,69,70,71,73,74,76,86,89,90,91,93,94,96,99,102,104,109,119,120,121,128,133,135,138,140,146,158,159",0.580808412750575,
17,0.5756322624743677,"10,16,29,32,39,76,93,105,106,138,155",0.5712235133287765,"8,10,16,29,32,34,39,76,93,94,105,106,119,124,138,146,154,155",0.5786397812713602,"10,16,29,32,34,39,76,93,105,106,138,154,155",0.5713602187286397,"8,10,16,29,32,34,39,76,93,94,105,106,119,124,138,146,154,155",0.5952153110047846,"32,10,93,106,39,99,158,74,76,155,117,34,6,135,89,57,151,60,140,44,119,73,139,49,40,94,7,43,69,59,112,38,108,8,54,95,21,157,134,2,16,153,24,26,72,27,63,100",0.6019138755980862,"32,10,93,106,39,99,158,74,76,155,117,34,6",0.6216678058783321,"2,6,7,8,10,16,32,34,37,39,43,44,55,57,58,59,69,73,74,76,85,89,90,91,93,94,99,102,104,105,106,108,109,117,119,124,128,134,135,136,137,138,140,141,147,151,154,155,157,158,159",0.6197197539302802,"2,6,7,8,10,16,32,34,37,39,43,44,55,57,58,59,73,74,76,85,89,91,93,94,99,102,105,106,108,109,117,119,124,134,135,136,137,138,140,141,147,151,154,155,157,158",0.5906015037593985,
18,0.6231122783978988,"9,32,39,53,55,57,61,76,89,112,120",0.6283650689428759,"9,32,34,39,53,55,57,61,70,76,89,107,112,120,146",0.6089435670594741,"9,32,112,120",0.6280194906175485,"9,32,34,39,53,55,57,61,70,76,89,107,112,120,146",0.6297473822441857,"120,89,57,3,99,76,87,96,151,55,158,35,39,154,58,27,26,37,104,22,40,43,70,4,139,2,94,118,146,53,48,47,69,59,61,9,119,116,108,81,123,16,150",0.6155095552406953,"120,89,57,3,99,76,87,96,151,55",0.646957182845492,"2,4,6,7,9,10,12,16,27,29,34,35,36,37,39,43,53,54,55,57,58,61,70,71,72,74,76,85,86,89,93,94,96,99,102,104,106,109,117,119,120,121,135,151,154,155,156,158,159",0.6441579984103397,"2,4,6,7,9,10,12,16,27,29,34,35,36,37,39,40,43,53,54,55,57,58,61,70,71,72,74,76,80,85,86,89,93,94,96,99,102,104,106,108,109,117,118,119,120,121,128,135,136,146,151,152,154,155,156,158,159",0.6130905069634033,
19,0.58122617423845,"7,39,67,70,77,85,96,105,124,134,138,159",0.5864022662889519,"7,29,39,43,67,70,77,85,96,105,124,134,138,146,159",0.5755779386563145,"7,39,67,70,77,96,105,124,134,138,159",0.5819081593396985,"7,29,39,67,70,77,85,96,105,124,134,138,146,159",0.6025950407442381,"134,105,29,85,96,67,2,43,76,147,159,10,57,39,60,77,91,89,34,151,135,55,35,102,7,109,71,157,79,8,62,80,65,40,56,108,33,133,27,139,28,103,9,21",0.5979785262127094,"134,105,29,85,96,67,2,43,76,147",0.6458573776798517,"2,6,7,9,10,16,19,27,29,34,35,39,41,43,55,56,57,59,60,67,70,71,76,77,85,89,91,93,94,96,99,102,105,106,109,117,124,129,134,135,147,148,151,154,158,159",0.6436540411988948,"2,7,9,10,16,19,27,29,34,35,39,41,43,55,56,57,59,60,67,70,71,76,77,85,89,91,93,96,99,102,105,106,109,117,121,124,134,135,146,147,148,151,158,159",0.5789528905676214,
20,0.6052765277979387,"2,35,39,53,63,66,93,134,154",0.5993250108869211,"2,9,35,39,53,63,66,89,93,138,154",0.5913594135578458,"2,35,39,53,63,66,93,154",0.5989258237770358,"2,35,39,53,63,66,89,93,138,154",0.6462113514298157,"2,96,93,10,55,102,109,39,99,154,104,76,159,57,89,7,34,158,60,78,91,50,25,22,122,28,35,119,139,42,123,59",0.6303890259834519,"2,96,93,10,55,102,109,39,99,154",0.6647191174335898,"2,6,7,10,12,16,18,34,35,36,37,39,42,51,53,55,57,58,59,63,74,76,86,87,89,90,91,93,96,99,102,104,106,109,119,121,122,134,135,140,154,158,159",0.6636304253157207,"2,6,7,10,11,18,27,34,35,36,37,39,42,53,55,57,59,62,63,74,76,86,87,89,90,91,93,96,99,102,104,106,109,119,121,122,134,135,140,154,158,159",0.6208085353462041,
21,0.5843413163275916,"5,9,32,53,57,89,121,134,146",0.5697501126399335,"5,9,29,32,53,56,57,107,121,123,134,138,146",0.5825044189512356,"5,9,32,53,57,89,121,134,146",0.5707898658718331,"5,9,29,32,53,56,57,107,121,123,134,138,146",0.6107163899767788,"32,89,57,53,3,93,146,104,5,119,96,2,60,55,102,12,34,109,79,56,28,27,148,17,158,69,121,138,33,59,14,156",0.6018438290645687,"32,89,57,53,3,93,146,104,5,119",0.63567046754237,"0,2,5,6,7,8,9,12,17,27,28,32,34,36,39,44,53,55,56,57,59,60,61,62,67,69,71,72,76,79,85,86,89,91,93,95,96,99,102,104,105,106,109,118,119,121,123,124,128,129,130,134,135,138,140,142,143,146,147,148,154,155,156,158",0.6371607805080928,"0,2,5,7,8,9,11,12,17,27,29,34,36,39,43,44,46,53,55,56,57,59,60,61,67,71,77,79,82,86,89,93,94,95,96,99,102,104,106,108,109,119,121,123,124,129,134,135,138,140,141,142,143,146,149,154,155,156,158",0.5799396943125498,
22,0.5726950963884403,"9,32,39,70,93,95,96,134,135,154",0.578571183120855,"9,32,39,70,72,93,95,96,108,134,135,138,154",0.5681248067076733,"9,32,39,93,95,96,134,135,154",0.5782619153980962,"9,32,39,70,72,93,95,96,108,134,135,138,154",0.6343424624583348,"32,96,93,70,39,158,2,10,99,71,143,154,135,55,94,85,74,155,76,102,118,108,141,9,128,88,115,151,60,147,134,34",0.6121439125803237,"32,96,93,70,39,158,2,10,99,71",0.634823545582626,"0,2,4,6,9,10,22,29,32,34,37,39,42,43,55,57,62,70,71,73,74,76,85,86,89,91,93,94,95,96,99,102,104,108,109,119,124,134,135,138,143,147,151,154,155,158",0.6353046287069173,"0,2,4,6,9,10,16,22,29,32,34,37,39,42,43,46,55,57,62,70,71,73,74,76,85,86,89,91,93,94,95,96,99,102,104,108,109,119,124,134,135,138,143,147,151,154,155,158",0.6125219064636954,
23,0.6213041854781222,"35,39,57,63,99,102,135,138,154",0.6159747445602363,"19,35,39,57,63,99,102,135,138,154",0.6026002240401914,"39,57,63,138,154",0.6167215451984114,"19,30,35,39,57,63,99,102,135,138,154",0.6459486065379001,"138,135,35,102,39,57,74,99,158,154,55,109,145,103,34,71,96,2,118,19,126,76,155,60,58,23,157,108,17",0.6366135985607115,"138,135,35,102,39,57,74,99,158,154,55",0.6721884653246886,"2,10,13,16,17,18,19,23,34,35,36,37,39,42,48,55,57,58,59,60,61,63,69,71,73,74,75,76,81,86,89,93,94,95,96,99,102,103,104,106,108,109,117,118,119,121,126,128,135,138,141,142,143,145,154,155,156,158",0.6733426117655046,"2,10,13,16,17,18,19,23,34,35,36,37,39,42,55,57,58,59,60,61,63,69,71,73,74,75,76,81,86,89,91,93,94,95,96,99,102,103,104,106,108,109,117,118,119,121,135,138,141,142,143,145,154,155,156,158",0.6157371261753624,
24,0.5526353634860143,"3,32,41,156",0.546415474221615,"3,32,41,49,63,128,138,146,156",0.5530668008916373,"3,32,41,156",0.5466671460415619,"3,32,41,63,128,138,146,156",0.6362982670597541,"32,3,89,128,41,96,19,57,93,90,7,2,104,80,100,55,159,43,88,146,34,78,158,111,102,118,122,156,39,60,71,38,151,116,119,61,139,76,83,129,123",0.5803192636801611,"32,3,89,128,41,96,19,57",0.6583375278636657,"2,3,5,6,7,9,12,16,19,32,34,39,41,43,55,57,61,63,71,74,76,85,89,93,96,99,100,102,104,105,109,112,122,128,129,135,136,138,146,154,156,157,158,159",0.659775652549076,"2,3,5,6,7,8,9,12,14,16,17,19,32,34,35,37,39,41,42,43,45,53,54,55,57,61,66,67,71,73,76,80,84,85,89,93,96,99,100,101,102,104,105,107,108,109,110,112,117,122,128,133,135,136,138,140,141,146,154,156,158,159",0.6214496296828935,
25,0.6047697773400401,"3,16,29,35,39,43,57,58,66,72,96,107,134,154",0.6010411903338141,"3,16,29,32,35,39,43,57,58,66,71,72,96,107,134,135,139,146,154",0.6076365682929403,"3,16,29,32,35,39,43,57,58,66,72,134,139,154",0.6023075029019663,"3,16,29,32,35,39,43,57,58,66,71,72,107,134,135,139,146,154",0.6309050617327377,"29,57,3,96,32,10,39,43,154,109,102,158,55,104,2,99,69,59,58,4,76,89,159,81,147,110,26,22,144,61,151,119,16,140,77,137,19",0.620282106299905,"29,57,3,96,32,10,39,43,154,109,102,158,55,104",0.6366034682894228,"2,4,16,19,29,34,35,37,39,43,55,57,58,59,61,69,70,71,72,73,74,76,77,86,87,89,96,98,99,102,104,106,107,109,117,119,124,128,135,136,140,142,154,155,158,159",0.6376235534137676,"2,4,10,16,19,29,34,35,37,39,43,55,57,58,59,61,69,70,71,72,73,74,76,77,86,87,89,96,98,99,102,104,106,107,109,117,119,124,128,135,136,140,142,144,147,154,155,158,159",0.6039255689612719,
26,0.5988110313775151,"3,7,29,39,76,93,108,134,138,158",0.6042985788659069,"3,7,29,32,39,67,91,93,108,134,138,149,154,158",0.5831222738145491,"3,32,39,108,138",0.6046503447305474,"3,7,29,32,39,67,91,93,108,134,138,149,154,158",0.6237512311805262,"108,3,93,7,158,106,76,96,39,85,73,118,138,55,110,99,102,89,14,71,109,57,129,2,52,139,112,27,60,13,32,119,156,4,88,59,69,67,137,144,134,128,34,79",0.5890671169269734,"108,3,93,7,158,106,76,96,39,85,73,118",0.637083157450401,"2,3,4,7,13,15,27,29,34,39,41,44,51,55,57,59,60,67,71,73,76,79,85,86,87,89,90,91,93,96,99,102,103,104,106,108,109,110,112,117,118,128,134,135,136,138,141,154,155,156,158,159",0.638455044322499,"2,3,4,7,9,13,14,15,27,29,34,39,41,44,51,55,57,59,60,67,71,73,76,79,85,86,87,89,90,91,93,96,99,102,103,104,106,108,109,110,112,117,118,128,129,134,135,136,138,141,144,154,155,156,158,159",0.5912480652877444,
27,0.6033990387964059,"16,29,39,72,99,105,138",0.5999164170787769,"15,16,29,39,64,72,99,105,107,120,126,138",0.5977049522880825,"16,29,39,72,105,138",0.5977920178310232,"15,16,29,32,39,64,72,99,105,107,120,126,138",0.6423347495994985,"29,105,63,89,128,34,55,93,57,15,58,99,2,69,45,61,136,140,79,16,27,158,117,109,102,28,96,59,4,76,106,125,73,139,44,9,42,43,94,152,67,123,142",0.6177126140558612,"29,105,63,89,128,34,55,93,57,15,58",0.6642056139862088,"2,4,5,6,9,10,15,16,18,27,28,29,34,35,38,39,42,43,44,45,47,48,54,55,57,58,59,60,61,67,69,71,74,76,79,84,85,86,89,90,93,94,96,99,102,104,106,109,117,118,119,125,126,128,131,135,136,138,140,142,144,151,152,155,156,158,159",0.6599568154907014,"2,4,5,6,9,15,16,27,29,34,35,39,42,43,45,54,55,57,58,59,61,67,69,71,74,76,79,85,86,89,90,91,93,94,96,99,102,104,106,109,117,119,126,128,131,135,136,140,142,151,155,158,159",0.6299366162847392,
28,0.6033479416624757,"3,32,39,57,72,74,90,105,121,156",0.604102306200158,"3,29,32,39,41,57,70,72,74,90,99,105,121,156",0.5752927652848624,"57,72,74,105,121,156",0.6009770816869028,"3,32,39,41,57,70,72,74,90,99,105,121,156",0.6429341188303758,"57,72,3,74,39,109,34,55,102,89,71,76,99,140,69,159,158,58,16,119,61,44,73,144,96,79,45,156,121,103,88,130,116,2,104,77,60,38,43,11",0.6259788777929449,"57,72,3,74,39,109,34,55,102,89,71,76,99",0.656117537179395,"2,6,11,12,16,27,34,38,39,42,43,44,45,47,49,55,57,58,59,61,67,69,70,71,72,73,74,75,76,77,79,81,85,87,88,89,90,93,94,96,99,102,103,104,106,108,109,117,119,121,124,128,135,138,140,144,151,152,154,155,156,158,159",0.6576262662547597,"2,6,12,16,27,34,39,42,43,44,45,49,55,57,58,59,61,67,69,70,71,72,73,74,76,79,85,87,88,89,90,93,96,99,102,103,104,106,108,109,117,119,121,124,135,140,144,151,152,154,155,156,158,159",0.6374380343415476,
29,0.6058725646536781,"32,39,53,57,63,76,93,94,154,157",0.607848575192401,"11,24,32,39,53,57,63,67,76,78,93,94,105,154,157",0.6048498925327602,"32,39,53,57,63,76,93,94,154,157",0.6117659294182902,"11,24,32,39,53,57,63,67,76,78,93,94,105,120,154,157",0.6488247937322332,"32,39,67,57,89,76,43,74,158,157,93,128,156,55,2,96,21,30,113,99,12,69,61,58,119,59,118,10,47,135,4,154,123,62,14",0.6277126811342993,"32,39,67,57,89,76,43,74,158,157,93,128",0.656936836996464,"2,4,6,10,11,12,16,17,30,35,39,43,44,47,53,55,57,58,59,61,63,67,74,76,89,91,93,94,96,99,102,103,104,105,109,112,113,119,120,128,135,140,147,154,156,157,158,159",0.6587048464258476,"2,4,6,10,11,12,16,17,21,30,35,39,43,44,47,53,55,57,58,59,61,63,67,69,74,76,89,91,93,94,96,99,102,103,104,105,109,112,113,119,120,128,135,140,147,154,156,157,158,159",0.5944325036400194,
30,0.5598092785299134,"3,4,18,51,58,94,105,129,134,135,156",0.572442835763756,"3,4,18,32,34,41,51,53,58,67,70,94,105,129,134,135,156",0.5384749243030662,"3,18,58,129,134,156",0.5733129154630564,"3,18,32,34,41,51,53,58,67,70,94,105,129,134,135,156",0.6128841401872411,"94,3,31,58,89,59,158,41,135,104,2,86,96,19,57,119,118,61,67,69,130,18,128,34,60,55,51,50,43,156,102,48,116,139,129,27,134,76,5,45",0.6040789336303205,"94,3,31,58,89,59,158,41,135,104,2",0.6407266905648558,"2,4,9,16,18,19,27,34,39,41,43,51,55,57,58,59,61,67,70,76,86,89,93,94,96,99,100,102,104,106,109,119,128,129,134,135,136,141,156,157,158",0.6384644833466746,"2,4,18,19,27,34,39,41,43,51,53,55,57,58,59,61,67,70,74,75,76,86,89,90,93,94,96,99,100,102,104,106,109,119,126,128,129,134,135,136,141,156,158",0.5923850624717224,
31,0.5734890593118975,"32,59,70,76,105,129,138",0.5915359178217126,"3,32,59,70,76,105,129,138",0.5772180398226975,"32,70,76,105,129,138",0.5902518820797861,"3,32,59,70,76,105,129,138",0.6196088088369802,"105,129,70,32,76,96,2,59,143,93,104,55,79,89,57,19,34,38,73,111,40,102,69,133,67,44,99,48,29,27,92,141",0.6098993878843313,"105,129,70,32,76,96,2,59,143,93,104",0.6571800464363611,"2,3,6,8,12,13,16,18,19,27,29,32,34,35,38,40,43,44,48,53,55,56,57,58,59,60,67,69,70,71,73,74,76,77,79,85,87,89,92,93,96,99,102,104,105,106,109,111,119,120,129,133,135,141,143,152,154,155,156,158,159",0.6564412861464856,"2,3,5,6,11,13,19,27,29,32,34,35,38,39,40,43,44,53,55,57,58,59,60,63,67,69,70,73,74,76,77,79,85,87,89,93,96,99,100,102,104,105,106,109,111,119,120,122,129,133,135,138,141,143,146,152,154,158,159",0.6084922254274256,
32,0.575769732223448,"16,53,72,112,117,120,138,154,159",0.5820546250793969,"5,16,32,53,63,72,112,117,120,138,146,154,159",0.5596897669909404,"53,138,154",0.5863671313475747,"5,16,32,53,63,72,112,117,120,138,146,154,159",0.6473439641627386,"53,159,120,30,6,76,55,89,99,2,57,158,43,154,58,109,34,102,75,71,85,123,143,60,93,119,67,96,128,114,5",0.6185939223748872,"53,159,120,30,6,76,55,89,99",0.6644936983920035,"2,5,6,9,10,16,34,36,39,43,45,47,53,55,56,57,58,61,67,71,72,73,75,76,82,85,86,89,93,96,99,102,104,109,112,117,119,120,135,143,146,149,154,155,158,159",0.6653963159830174,"2,5,6,9,10,16,34,36,37,39,43,45,47,53,55,56,57,58,61,67,71,72,73,75,76,82,85,86,89,93,96,99,102,104,109,117,119,120,123,128,135,143,145,146,149,154,155,158,159",0.5955270283823086,
33,0.606384729307224,"3,5,16,39,55,57,89,96,107,135,138,158",0.5967418133947672,"3,5,16,39,55,57,66,89,91,96,107,119,121,135,138,158",0.5982392627941419,"3,5,39,55,57,96,107,135,138,158",0.5955076518018759,"3,5,16,39,43,55,57,66,89,91,96,107,119,121,135,138,158",0.6016126378147112,"107,3,57,89,16,119,96,151,158,93,99,74,71,2,55,118,102,126,59,39,50,140,22,28,4,27,21,135,11,76,98,88,109,5,100,1,73,43,91,47,123,150",0.6188250781635676,"107,3,57,89,16,119,96,151,158,93,99",0.6471614283363502,"2,3,4,5,10,11,16,35,37,39,41,43,47,55,57,59,63,66,70,71,72,73,74,76,83,85,86,89,90,91,93,96,98,99,102,105,106,109,119,121,126,135,138,140,141,151,152,154,158,159",0.6437715978278756,"2,3,4,5,10,11,16,35,36,37,39,41,43,53,55,57,59,63,66,70,71,73,74,76,83,85,86,88,89,90,91,93,96,98,99,102,106,109,119,121,126,135,138,140,141,152,154,158,159",0.5655092973506665,
34,0.5945804378950309,"7,9,32,39,43,67,72,73,89,105",0.5932884031148514,"3,7,9,27,29,32,36,39,43,56,67,72,73,89,105,138,151",0.5745713587317107,32,0.5947201173307259,"3,7,9,27,29,32,36,39,43,56,67,72,89,105,138,151",0.6196528966022977,"32,89,73,43,151,96,57,119,93,99,156,16,117,27,158,55,118,56,2,79,59,69,61,74,20,77,139,108,60,102,103,67,153,30,94,37,41,75,25,18,58,91",0.6085483814645389,"32,89,73,43,151,96,57,119,93,99",0.6512553689283095,"2,6,7,9,10,16,18,27,29,32,36,39,43,55,56,57,58,59,61,67,68,70,73,74,76,79,83,85,89,91,93,96,99,102,104,105,108,109,117,119,133,135,151,154,156,158,159",0.6527220030031079,"2,4,6,7,9,10,12,16,18,27,29,32,36,39,41,43,48,55,56,57,58,59,61,67,68,69,70,73,74,76,79,85,89,91,93,96,99,102,104,105,108,109,117,118,119,133,135,144,151,156,158,159",0.5931836435380801,
35,0.5723889046136428,"29,32,36,43,53,66,89,108,134,138",0.5840645343900368,"29,32,36,43,53,66,89,93,108,134,135,138,146",0.5582720067930936,"29,32,53,134,138,146",0.579305830738749,"29,32,36,43,53,66,89,93,108,134,138,146",0.6320053778658364,"29,53,43,108,89,93,83,109,58,57,73,102,34,55,159,59,69,61,16,2,99,158,123,143,37,117,148,54,134,79,20,135,111,104,136,75",0.5822954995754317,"29,53,43,108,89,93,83,109,58",0.6489173506934617,"2,5,16,29,30,34,35,36,37,39,42,43,53,55,57,58,59,61,71,73,74,76,82,85,86,89,93,96,98,99,102,104,106,108,109,113,116,117,119,128,134,135,136,138,140,143,154,155,158,159",0.6506156241154826,"2,5,16,29,34,35,36,37,39,42,43,53,55,57,58,59,61,69,71,73,74,76,82,85,86,89,93,96,98,99,102,104,106,108,109,113,116,117,119,124,128,134,135,136,138,140,143,148,154,155,158,159",0.5942541749221625,
36,0.5632076451646412,"0,5,29,32,53,67,94,125,136,138,141",0.5678127488660365,"0,5,20,29,32,38,53,66,67,70,94,98,125,136,138,141",0.5645580139191856,"29,53,138",0.5654409473356186,"0,5,20,29,32,38,53,66,67,70,94,98,125,136,138,141",0.632041826806551,"29,125,136,39,94,59,99,2,121,70,158,55,76,7,6,154,57,89,58,10,109,102,153,67,159,124,27,45,36,16,77,118,32,110",0.6045497039576192,"29,125,136,39,94,59,99,2,121,70",0.6584952044596794,"0,2,5,6,7,9,10,27,29,32,34,35,36,39,42,47,53,55,56,57,58,59,61,67,70,74,76,89,91,93,94,96,99,102,109,119,121,125,135,136,141,154,155,156,158,159",0.6480385028219244,"0,2,4,5,6,7,9,10,11,12,13,15,16,18,19,20,23,24,26,27,28,29,31,32,34,35,36,38,39,40,41,42,43,44,45,46,47,48,51,53,54,55,57,58,59,60,61,62,64,67,68,69,70,71,72,74,75,76,77,78,79,81,82,83,84,85,86,88,89,90,91,93,94,96,99,101,102,104,105,106,107,108,109,113,114,115,117,119,120,121,124,125,126,129,130,131,132,133,134,135,136,137,139,141,142,143,145,147,148,149,151,153,154,155,156,157,158,159",0.6168415221079603,
37,0.6073371890079052,"3,9,29,32,39,53,58,70,146,155",0.6055918688614352,"3,6,9,29,32,39,53,58,70,146,155",0.5989870298757742,"32,39,146",0.6055234249341227,"3,6,9,29,32,39,53,58,70,146,155",0.629239245747921,"32,3,89,58,128,93,6,73,158,102,55,159,99,2,60,39,96,76,71,146,85,28,100,7,15,139,43,156,44,101,75,16,106,88,129,103,138,124",0.6235926217446357,"32,3,89,58,128,93,6,73,158,102",0.660518120529756,"2,3,5,6,7,9,10,13,16,18,29,34,36,37,39,43,44,55,57,58,59,60,61,62,70,71,73,74,76,85,89,93,95,96,99,100,102,104,106,108,109,117,121,128,129,134,135,136,146,151,154,155,156,158,159",0.6578830293282228,"2,3,6,7,9,16,18,29,32,36,37,39,43,44,49,55,57,58,60,61,62,70,71,72,73,74,76,85,89,93,96,99,100,102,104,108,109,117,121,128,129,135,146,154,155,156,158,159",0.6202388693063208,
38,0.6030939226519337,"16,32,39,72,73,89,138,154",0.6010313075506446,"9,16,32,39,72,73,89,137,138,154",0.575377532228361,"16,39,138",0.6042357274401473,"9,16,32,39,72,73,89,137,138,154",0.6753222836095765,"138,39,89,16,109,102,27,158,55,2,96,104,154,58,99,4,57,76,69,35,40,135,85,9,140,139,22,26,49,42,59,43,56",0.6486187845303868,"138,39,89,16,109,102,27,158,55,2,96",0.6705340699815838,"0,2,4,6,9,10,11,16,27,34,35,39,41,42,43,55,57,58,59,62,67,70,71,72,73,76,85,86,89,90,93,94,96,98,99,102,104,109,119,120,121,126,128,135,136,138,140,154,155,158,159",0.6742909760589318,"0,2,4,6,9,10,11,16,18,22,27,32,34,35,37,39,41,42,43,55,57,58,59,62,67,69,70,71,72,73,76,85,86,89,90,93,94,96,98,99,102,104,108,109,117,120,121,126,128,130,131,135,136,137,138,140,149,154,158,159",0.6441620626151013,
39,0.5489149643033858,"3,9,20,55,105,108",0.5543578143776066,"3,9,20,32,51,55,64,99,105,108,111,151",0.5418993426168092,"2,3,9,20,55,105,108",0.5409980914681558,"3,9,20,32,51,55,64,99,105,108,111,151",0.583409910228317,"108,3,55,2,6,99,111,57,74,39,102,158,109,67,34,12,44,79,71,115,96,93,127,128,153,121,11,45,58,76,89,113,1,9,69,61,59,122,130,116,133",0.6069131264579063,"108,3,55,2,6,99,111,57,74,39,102,158,109,67,34",0.6171626493249452,"0,2,3,6,7,9,12,27,34,36,39,44,45,51,55,56,57,58,59,61,62,67,69,71,74,76,79,86,89,91,93,94,96,99,102,105,108,109,111,119,121,126,128,133,134,156,157,158,159",0.6097052378596168,"2,3,6,9,12,27,34,36,39,42,44,45,55,57,58,59,61,62,67,70,71,74,76,89,90,91,93,94,99,100,102,108,109,111,113,121,126,128,133,134,135,144,158,159",0.5751749487523856,
40,0.6108181250433696,"3,18,29,32,43,57,63,89,91,94,120,121,124,138",0.6135590868086878,"3,18,29,32,43,57,63,70,89,91,94,120,121,124,138",0.6117028658663521,"3,18,29,43,57,63,89,91,94,120,121,124,138",0.6134549996530428,"3,18,29,32,43,57,63,70,89,91,94,120,121,124,138",0.6130039553119145,"120,99,94,89,57,18,77,43,91,159,4,96,29,130,110,76,88,128,93,34,158,118,119,1,2,156,55,75,124,20,59,69,27,139,58,142,63,102,61,36,86,140,39,137,104,81,22",0.6029768926514468,"120,99,94,89,57,18,77,43,91",0.6515162029005621,"1,2,3,4,16,18,27,29,34,35,37,39,43,55,57,58,59,63,70,71,73,76,86,89,90,91,93,94,96,99,102,104,106,109,119,120,121,124,128,135,136,138,140,142,143,147,151,156,158,159",0.6330580806328499,"0,1,2,3,4,6,11,14,16,17,18,20,27,29,34,35,36,37,39,40,42,43,47,48,51,54,55,57,58,59,61,63,66,67,69,70,71,72,73,75,76,77,79,81,82,84,85,86,88,89,90,91,93,94,96,99,101,102,103,104,106,107,109,110,115,117,118,119,120,121,123,124,128,130,133,135,136,139,140,141,142,143,145,146,147,151,156,157,158,159",0.5790368468530983,
41,0.596229379418696,"24,29,43,57,72,76,91,105,109,140,158",0.5924041121623006,"24,29,32,43,57,72,76,91,105,109,121,140,158",0.5967075378257454,"24,29,43,57,72,76,91,105,109,140,158",0.5943850541343625,"24,29,32,43,57,72,76,91,105,109,121,140,158",0.6076368728440179,"57,43,29,91,96,76,39,104,158,140,86,102,34,112,5,55,69,141,2,81,24,109,117,20,131,147,154,129,79,106,156,17,52,27,139,93,100,88,142",0.617439120188531,"57,43,29,91,96,76,39,104,158,140,86,102",0.6499197376959596,"2,5,6,24,27,29,30,34,35,39,42,43,55,57,58,67,72,74,76,86,87,89,90,91,93,96,99,102,104,105,106,109,112,117,136,140,141,143,154,155,158",0.6496806584924348,"2,5,6,24,27,29,30,34,35,39,42,43,44,55,57,58,67,69,72,74,76,79,81,86,87,89,90,91,93,96,99,101,102,104,105,106,109,112,117,136,140,141,143,147,154,155,158,159",0.5821920147546022,
42,0.5944972274220323,"3,29,50,72,94,99,105,106,108,114,138,154",0.590364850068873,"3,20,24,29,32,38,50,53,62,72,94,99,105,106,108,114,137,138,146,154",0.5947797831384877,"3,29,72,94,99,105,106,108,114,138,154",0.5904708084625437,"3,20,29,32,38,50,53,62,72,94,99,105,106,108,114,137,138,146,154",0.5874333345106488,"138,3,106,99,102,109,18,89,119,19,96,57,155,48,2,55,30,133,39,113,118,76,74,34,100,144,108,152,62,154,139,17,126,20,124,1,114",0.5941440327764631,"138,3,106,99,102,109,18,89,119,19,96,57,155,48,2",0.6281919966093314,"2,3,6,15,16,17,18,19,22,29,30,34,35,36,39,44,48,50,53,55,57,59,62,72,74,75,76,77,87,89,90,91,93,94,96,99,100,102,104,106,108,109,113,114,119,135,138,140,144,152,154,155,158,159",0.6260375092713595,"2,3,6,15,16,17,18,19,22,30,34,35,36,39,44,48,50,53,55,57,59,62,72,74,75,76,77,87,89,90,91,93,94,96,99,100,102,104,106,108,109,113,114,119,138,140,144,152,154,155,158,159",0.583512873944831,
43,0.5930548942248827,"30,32,39,71,99,129,140",0.5956737636895449,"24,30,32,39,66,71,99,114,129,140",0.596745119379634,"30,32,39,71,99,129,140",0.5841269301408067,"24,30,32,66,71,99,114,129,140",0.6397523977960683,"32,30,99,74,57,89,158,2,93,104,37,61,136,59,19,39,140,48,114,69,27,118,128,58,81,18,139,121,60,33",0.6416570301340044,"32,30,99,74,57,89,158,2,93,104,37",0.665941092442691,"2,7,9,16,18,19,27,30,32,34,35,36,37,39,42,43,47,53,55,57,58,59,61,70,71,74,76,86,89,93,96,99,102,104,105,114,128,129,135,136,137,140,151,154,156,157,158",0.6628120536017958,"2,9,16,18,19,27,30,32,34,35,36,37,39,43,47,53,55,57,58,59,61,70,71,74,76,87,89,93,96,99,102,104,114,128,129,135,136,137,140,154,156,157,158",0.5831576083259642,
44,0.5689390056381343,"16,32,39,66,72,73,76,91,93,102,108",0.5819237997608064,"16,32,39,64,66,72,73,76,91,93,94,102,105,108,146",0.5750896975909789,"16,32,39,64,66,72,73,76,91,93,94,102,108,146",0.5778745942251836,"16,32,39,64,66,72,73,76,91,93,94,102,105,108,146",0.5879378096702546,"108,16,39,70,99,85,76,43,102,73,55,2,35,91,158,48,57,7,60,64,109,34,118,78,139,9,140,93,149,44,146,18,96,40,115,106,27,69,58,89,61,103,131,25,6,130,119,51,94,123,88,135,56,41,1,22",0.5984281565009397,"108,16,39,70,99,85,76,43,102,73,55,2,35,91",0.6265846574406287,"2,7,9,16,19,27,34,35,36,39,42,43,44,47,48,51,55,57,58,59,60,61,62,64,67,70,71,72,73,76,85,89,90,91,93,94,96,99,102,104,106,109,117,133,135,140,146,151,158",0.6170852554245686,"2,7,9,16,19,27,34,35,36,37,39,40,42,43,44,46,47,48,51,55,57,58,59,60,61,62,64,67,69,70,73,76,78,79,85,88,89,90,91,93,94,96,99,102,103,104,106,108,109,111,113,115,118,119,123,130,133,135,139,140,146,151,153,158",0.5770032461985307,
45,0.5449381775361064,"58,61,76,89,94,120,134,138,158",0.5552938731687044,"16,32,58,61,76,86,89,94,96,120,134,138,158",0.5048661379143145,"58,89,134,138",0.5537353236587815,"16,32,58,61,76,86,89,94,96,120,134,138,158",0.5565753472101964,"138,58,89,158,109,16,102,61,2,96,69,99,76,86,57,10,155,55,27,14,103,28,35,22,26,140,43,116,139,150,59,111,157,73,125,123,154,119,3,4,60,36,137,156,130,49,88,54,66,62,48,12,120,15",0.5759013611332386,"138,58,89,158,109,16,102,61,2,96,69,99,76,86",0.6036089079763101,"2,10,12,13,15,16,27,29,35,42,43,55,57,58,59,61,67,69,74,76,85,86,89,90,91,93,94,96,99,102,103,104,106,109,111,113,117,119,120,135,138,140,143,151,154,155,156,157,158",0.6043362310809407,"2,10,12,13,15,16,27,29,35,42,43,55,57,58,59,61,67,69,74,76,85,86,89,90,91,93,94,96,99,102,103,104,106,109,111,113,117,119,120,135,138,140,143,151,154,155,156,157,158",0.543725972361722,
46,0.5680194148577592,"2,3,7,9,32,53,63,70,93,112,138",0.5741202642577862,"2,3,7,8,9,20,32,51,53,63,70,72,93,105,112,134,137,138",0.577895375488742,"3,9,32,53,63,93,112,138",0.5740528515572334,"2,3,7,8,9,20,32,51,53,63,70,72,93,105,112,134,137,138",0.621814749898881,"32,93,3,2,96,58,19,57,7,89,109,82,39,91,44,60,45,99,55,34,68,102,118,76,128,63,139,51,35,69,61,59,43,67",0.5937373601186463,"32,93,3,2,96,58,19,57,7,89,109,82",0.638667925037077,"0,2,4,6,7,8,9,10,12,16,19,30,32,34,35,36,37,39,43,44,45,51,53,55,56,57,58,59,60,61,63,67,68,69,70,72,73,76,79,81,82,85,86,89,91,92,93,96,99,102,107,109,118,119,123,128,130,133,134,135,137,138,141,144,151,152,154,158,159",0.6284211945530538,"0,2,3,4,5,6,7,8,9,10,11,12,13,15,16,18,19,20,21,22,25,27,28,29,30,32,34,35,36,37,38,39,40,41,42,43,44,45,46,47,48,50,51,53,54,55,56,57,58,59,60,61,62,63,64,66,67,68,69,70,71,72,73,74,75,76,77,79,81,82,83,84,85,86,87,89,90,91,92,93,94,95,96,98,99,101,102,103,104,105,106,107,108,109,110,112,114,115,116,117,118,119,120,121,123,124,125,128,129,130,131,132,133,134,135,136,137,138,139,140,141,142,143,144,145,146,147,148,149,151,152,153,154,155,156,157,158,159",0.6073210192800323,
47,0.5838694058241682,"16,39,53,57,63,72,76,89,94,107,108",0.5824168223006156,"6,16,32,39,53,55,57,63,72,76,89,94,102,107,108,115,147",0.5469495746005395,"57,63,72,94,107",0.5822957736736529,"6,16,32,39,53,55,57,63,72,76,89,94,102,107,108,115,147",0.6083903991146158,"94,57,63,29,89,151,96,105,99,102,76,39,12,37,43,79,16,75,34,51,60,2,44,69,155,128,93,50,104,85,5,55,48,72,130,22,61,26,24,116,35,141,152,149",0.6076986926748288,"94,57,63,29,89,151,96,105,99,102,76,39",0.6257868160752577,"2,4,5,6,12,16,22,30,34,35,37,39,43,49,50,53,55,57,63,70,72,73,74,76,79,85,89,93,94,96,99,102,104,105,106,107,108,109,128,135,143,147,154,155,158,159",0.6230199903161099,"2,4,5,6,12,16,27,30,34,35,37,39,43,53,55,57,63,70,72,73,74,76,79,85,89,93,94,96,99,102,104,105,106,107,108,109,128,135,143,147,154,155,158,159",0.6030296742062669,
48,0.5793928371572468,"37,39,53,61,90,99,107,108,119,138",0.5933477895914941,"3,37,39,43,48,53,61,64,70,90,99,107,108,109,119,138",0.5791130386121992,"37,39,53,61,90,99,107,108,119,138",0.5962506994963627,"3,37,39,43,48,53,61,64,70,90,99,107,108,109,119,138",0.6489577504196978,"108,61,90,99,2,37,158,102,93,109,39,89,57,58,35,91,143,34,55,69,14,67,76,113,25,43,88,86,78,20,59,104,111,140,68,18,119,135,53,153,139,40",0.6334639059876889,"108,61,90,99,2,37,158,102,93,109,39,89,57,58",0.6509513150531617,"2,7,12,16,34,35,37,39,43,51,53,55,57,58,59,61,67,70,71,76,86,88,89,90,91,93,99,102,104,107,108,109,115,119,128,129,134,135,136,140,143,158",0.6517207610520426,"2,5,7,12,16,34,36,37,39,40,43,51,53,55,57,58,59,61,67,69,70,71,76,78,79,86,88,89,90,91,93,99,102,104,107,108,109,115,119,128,129,134,135,136,140,143,155,158",0.6344082260772244,
49,0.5615786970993818,"3,10,18,39,55,70,73,89,94,96,105,106,108,136,138",0.5746212893145846,"3,9,10,18,20,29,39,55,70,73,75,89,93,94,96,105,106,108,136,138,146",0.5615107669315943,"3,10,18,39,55,70,73,89,94,96,105,106,108,136,138",0.5787480470076761,"3,9,10,18,20,29,39,55,70,73,75,89,93,94,96,105,106,108,136,138,146",0.5764214387609538,"138,94,73,136,55,85,90,89,108,99,2,96,59,19,57,58,60,5,10,93,126,139,117,7,13,118,104,45,115,4,76,128,26,140,77,22,18,64,39,15,81,106,62,109,11,6,102,56,41,84,67,33,68",0.5602880239114191,"138,94,73,136,55,85,90,89,108,99",0.6039331567148971,"2,3,5,7,9,10,13,16,18,19,29,30,35,36,39,41,53,55,56,57,58,59,70,73,74,75,76,79,82,85,87,89,90,91,93,94,96,99,102,104,105,106,108,109,117,126,135,136,138,140,154,156,158",0.5969023843488893,"2,3,5,9,10,13,16,18,19,29,30,36,39,41,53,55,56,57,58,59,70,73,74,75,76,82,85,87,89,90,91,93,94,96,99,102,104,105,106,108,109,117,126,136,138,140,154,156,158",0.5517967529379798,
50,0.5870147482624174,"29,39,53,57,66,70,73,79,96,136,158",0.6054585522969995,"29,32,39,53,55,57,66,70,73,79,96,105,136,138,158",0.5868282759789795,"29,39,53,57,66,70,73,79,96,136,158",0.6048482793693847,"29,32,39,53,55,57,66,70,73,79,96,105,136,138,158",0.6009832174944906,"53,39,57,96,29,10,158,55,102,73,99,76,2,140,60,66,135,86,115,136,69,98,92,128,118,156,119,79,38,82,155,4,32,62",0.6110527208001356,"53,39,57,96,29,10,158,55,102,73,99,76",0.641532463129344,"2,4,7,10,16,29,34,39,53,55,57,58,66,69,70,71,73,74,76,79,86,89,91,96,98,99,102,104,105,106,109,117,119,121,128,134,135,136,138,140,144,154,155,157,158,159",0.6377352093575183,"2,4,7,10,16,29,34,39,53,55,57,58,66,70,71,73,74,76,79,86,89,91,96,98,99,102,104,105,106,109,117,119,121,128,135,136,138,140,155,158",0.5540939142227497,
51,0.5883120002745273,"29,32,39,71,89,96,117,134,138",0.5868364160461206,"3,7,9,29,32,39,66,71,89,96,117,134,138",0.5707250952266566,"39,138",0.5870079956075632,"3,7,9,29,32,39,66,71,89,96,117,134,138",0.6138087231049038,"32,89,39,29,57,3,96,151,41,71,117,99,158,16,74,59,139,69,12,135,27,104,128,118,5,2,134,127,26,150,25,95,38,68,111,93,22,61,7",0.6073573315946604,"32,89,39,29,57,3,96,151,41",0.6399574482687622,"2,3,4,5,7,12,16,29,34,39,41,44,47,55,57,58,59,71,73,74,76,89,90,91,93,95,96,99,104,105,109,117,128,134,135,136,138,141,143,151,154,156,157,158",0.6420164030060739,"2,3,4,5,7,12,16,29,34,39,41,43,44,47,55,57,58,59,71,73,74,76,87,89,90,91,93,95,96,99,104,105,109,117,128,134,135,136,138,141,143,151,154,156,157,158",0.5993617240314334,
52,0.5671833281320434,"3,39,55,59,73,89,129,134,138,151,156,159",0.5782447380283644,"3,24,29,32,35,36,39,55,59,66,73,89,91,117,129,134,138,151,154,156,159",0.5639238531155727,"3,39,55,59,73,89,129,134,138,151,156",0.575834807032144,"3,24,29,32,35,36,39,55,59,66,73,85,89,91,117,129,134,138,151,154,156,159",0.5961371753528208,"138,3,135,73,47,55,35,151,89,57,59,58,159,104,102,99,44,156,81,39,140,86,158,144,91,103,31,98,129,34,134,128,2,16,96,15,109,111,139,143,23,40",0.5758174693990776,"138,3,135,73,47,55,35,151,89,57,59,58,159",0.6186067478067894,"2,10,16,29,34,35,36,37,39,44,47,53,55,57,58,59,61,70,73,74,76,81,85,86,89,91,94,96,98,99,102,103,104,108,109,117,119,128,129,134,135,136,140,143,144,151,154,156,157,158,159",0.6197163563230348,"2,10,16,29,34,35,36,37,39,44,47,53,55,57,58,59,61,70,73,74,76,81,85,86,89,91,94,96,98,99,102,103,104,108,109,117,119,128,129,132,134,135,140,143,144,151,154,156,157,158,159",0.5773085058427824,
53,0.5679823794706849,"2,16,29,32,39,55,57,62,63,89,136,143,155",0.566898577072335,"2,16,29,32,39,47,55,57,62,63,72,89,108,120,134,136,138,143,155",0.5719854560710415,"2,16,29,32,39,55,57,62,63,89,134,136,143,155",0.5675278816907318,"2,16,29,32,39,47,55,57,62,63,72,89,108,120,134,136,138,143,155",0.5772821032758801,"32,55,57,89,39,143,2,93,133,91,69,104,16,58,47,61,76,99,158,155,34,29,118,128,94,81,11,102,96,86,67,115,88,114,12,63,119,123,108,23,9,8,116,139,22,43",0.5733664300947453,"32,55,57,89,39,143,2,93,133,91,69,104,16,58,47",0.6063699611928819,"0,2,6,7,8,9,10,11,12,16,23,29,34,39,47,55,57,58,61,63,67,69,71,76,85,86,89,90,91,93,96,99,102,104,109,117,120,128,133,134,135,136,137,143,152,155,158",0.6046568541761353,"0,2,6,7,8,9,10,11,12,16,23,29,34,39,47,55,57,58,59,61,63,69,71,72,76,81,86,89,90,91,93,96,99,102,104,108,109,117,118,128,133,134,135,136,137,143,152,155,156,158",0.5655001223647869,
54,0.6150899514330666,"16,29,32,39,41,61,121,156",0.6174840960394008,"3,16,29,32,39,41,61,63,109,121,124,138,156",0.6141664956563376,"16,29,32,39,41,61,156",0.6176209043026198,"3,16,29,32,39,41,61,63,109,121,124,138,156",0.6646829468499897,"32,156,39,55,158,102,109,99,16,89,71,128,135,35,85,104,2,60,96,34,76,118,77,46,108,88,4,119,106",0.6363978384294411,"32,156,39,55,158,102,109,99,16,89,71,128",0.6677953348382242,"0,2,4,6,10,12,16,19,29,30,34,35,39,41,44,55,57,58,59,61,63,71,74,76,85,87,89,90,93,96,99,100,102,104,106,108,109,117,118,121,124,128,129,135,140,143,155,156,158,159",0.6669402831931048,"0,2,4,6,8,10,12,16,19,29,30,34,35,39,41,44,46,55,57,58,59,61,63,71,74,76,85,87,89,90,93,96,99,100,102,104,106,108,109,117,118,121,124,128,129,131,135,140,143,155,156,158,159",0.6404336821944046,
55,0.5954610704764509,"29,30,39,43,55,57,93,94,107,120,134,138,158",0.59727254084353,"3,29,30,39,43,55,57,61,72,87,90,93,94,105,107,120,134,137,138,146,158",0.5976997744206712,"29,30,39,43,55,57,93,94,107,120,134,138,158",0.5929489370428601,"3,29,30,39,43,55,57,61,72,87,90,93,94,105,107,120,134,138,146,158",0.615284708455807,"29,69,30,57,55,158,120,43,93,138,89,58,109,39,74,46,17,104,102,101,34,76,22,25,147,155,40,47,143,141,81",0.5963838950030761,"29,69,30,57,55,158,120,43,93,138,89,58",0.6422858705311368,"2,7,10,17,22,29,30,34,39,43,44,46,47,55,56,57,58,59,61,70,71,72,73,74,76,85,86,87,89,90,91,93,94,96,99,102,104,107,109,112,117,119,120,134,135,136,138,141,143,146,147,154,155,158,159",0.6398933624991455,"2,7,11,17,20,22,29,30,34,39,43,44,46,47,55,57,58,59,61,70,71,72,73,74,76,79,81,85,86,87,89,90,91,93,94,96,99,101,102,104,107,109,112,117,119,120,134,138,140,141,143,145,146,147,154,155,158,159",0.6072527172055506,
56,0.5917683482061555,"32,35,36,41,43,89,93,105,134,146,147,159",0.589036605354216,"32,35,36,41,43,66,68,70,84,89,93,105,134,146,147,159",0.5892915680203971,"32,35,36,41,43,89,93,105,134,146,147",0.588490256783828,"32,35,36,41,43,66,68,70,84,89,93,105,134,146,147,156,159",0.6045164815152066,"146,93,61,36,89,151,44,117,57,104,73,158,159,43,6,69,16,102,99,26,108,84,59,27,103,34,55,81,116,134,145,53,123,5,114,88,35",0.6082680750318703,"146,93,61,36,89,151,44,117,57,104",0.6422509561099982,"2,3,4,5,6,10,12,16,18,21,26,27,34,35,36,37,39,43,44,53,55,56,57,58,59,60,61,64,67,68,69,70,71,72,73,76,81,82,83,84,85,89,91,93,94,96,99,102,103,104,108,109,114,117,119,120,128,129,133,134,135,140,145,146,147,151,154,156,158,159",0.6368238936441449,"0,2,3,4,5,6,11,13,15,16,18,21,26,27,32,34,35,36,37,39,41,43,44,47,48,50,51,52,53,55,56,57,58,59,61,62,64,65,67,68,69,70,71,72,73,74,75,76,78,81,82,83,84,85,86,89,91,93,96,97,98,99,101,102,103,104,106,108,109,110,114,117,118,119,120,122,124,126,128,133,134,135,136,137,140,141,143,145,146,147,151,154,155,156,157,158,159",0.5917683482061555,
57,0.5666632206485406,"2,9,16,18,32,39,43,58,66,91,96,99,137,154",0.5725903718253558,"2,3,9,16,18,32,39,43,53,57,58,66,72,91,99,104,114,137,146,153,154",0.5588924497742858,"2,3,9,16,18,32,43,58,66,72,137,154",0.5753816465074606,"2,3,9,16,18,32,39,43,53,58,66,72,91,99,104,114,137,146,153,154",0.5752438057824184,"32,3,154,99,58,2,104,96,91,43,57,55,128,39,158,35,159,147,28,22,76,40,47,26,102,122,145,146,139,118,125,116,103,27,69,110,77,61,100,1,31,108,138",0.5800682311588959,"32,3,154,99,58,2,104,96,91,43,57,55,128,39",0.6145284124194493,"2,5,9,12,16,18,19,22,34,35,36,37,39,43,53,55,57,58,74,75,76,84,89,90,91,93,96,99,102,104,109,114,117,128,133,135,137,146,147,154,158,159",0.6102208897618802,"2,5,6,9,12,16,18,19,22,27,28,34,35,36,37,39,43,47,53,55,57,58,69,74,75,76,79,84,89,90,91,93,95,96,99,102,104,108,109,114,118,119,122,128,133,135,137,145,146,147,154,158,159",0.5484337847617079,
58,0.5681660659828112,"3,29,41,53,57,93,98,119,121,129,138",0.5773495980038813,"3,29,32,41,53,57,76,93,98,119,121,129,138,139,154",0.5583760742999723,"57,138",0.572775159412254,"3,29,32,41,53,57,75,76,93,98,119,121,129,138,139,154",0.6269406709176601,"57,29,3,93,10,119,96,158,154,41,121,2,60,37,58,142,50,55,68,99,73,102,118,27,77,129,34,32,130,98,69,56",0.6060091488771833,"57,29,3,93,10,119,96,158,154",0.6397283060715275,"2,3,4,7,9,10,16,19,27,29,34,35,36,37,39,41,43,55,56,57,58,59,71,73,74,76,85,86,89,90,93,96,98,99,102,106,117,119,121,129,133,135,140,142,143,147,154,158,159",0.6293665095647353,"0,2,4,5,9,10,11,12,15,16,17,18,19,22,27,28,29,34,35,36,37,38,39,41,42,43,50,51,55,56,57,58,59,60,61,62,63,68,70,72,73,75,76,78,79,81,82,85,86,87,89,90,93,94,96,98,99,102,106,107,109,110,117,119,120,121,124,125,129,130,132,133,134,135,136,137,140,142,143,144,145,147,148,151,152,153,154,155,157,158,159",0.5990088716384807,
59,0.5988658610679808,"3,29,32,39,53,57,94",0.5988321069330993,"3,29,32,39,53,57,61,94,105,134",0.5982414095726727,"3,32,39,53,57,94",0.5943596840612975,"3,32,39,53,57,61,94,134",0.6132451225275096,"3,57,53,39,76,74,30,89,56,69,61,59,158,58,102,156,99,2,60,96,55,128,81,109,34,149,119,108,28,101,16",0.6119962195368933,"3,57,53,39,76,74,30,89,56",0.6484506852089381,"0,2,3,5,12,15,18,29,30,34,35,36,39,42,44,53,55,56,57,58,59,60,61,69,71,72,74,76,85,86,89,90,93,94,96,99,102,105,106,108,109,117,119,128,140,143,151,155,156,158,159",0.6426787281441977,"2,5,9,15,16,18,22,30,32,34,36,39,42,44,55,56,57,58,59,60,61,69,72,73,74,76,81,85,86,89,90,91,93,94,96,99,100,102,105,106,108,109,113,119,128,129,140,142,143,144,149,155,156,158,159",0.5941065280496861,
60,0.5975253173584367,"29,32,55,57,85,89,105,136,138",0.6097917558122949,"16,29,32,39,50,55,57,85,89,105,136,138",0.5987198687776352,"29,32,55,57,89,105,136,138",0.6058871772928256,"16,29,32,39,50,55,57,85,89,105,136,138",0.6349308229924404,"32,55,89,57,105,129,128,93,96,151,43,12,158,99,154,71,58,2,60,85,102,77,16,109,69,136,34,139,27,44,67,7,76,153,50",0.6087576665240336,"32,55,89,57,105,129,128,93,96,151,43,12",0.6434888033090858,"2,6,7,10,12,16,29,34,36,39,42,43,44,55,57,58,61,67,71,74,76,77,82,85,87,89,90,91,93,96,99,102,104,105,106,109,113,117,119,128,129,135,136,138,143,151,154,155,157,158,159",0.6522607331336471,"2,6,7,10,11,12,14,16,19,27,34,36,37,39,42,43,44,48,55,57,58,60,61,67,69,70,71,74,76,77,79,85,87,89,90,91,93,96,99,102,104,105,106,109,110,113,115,117,118,119,123,128,129,133,135,136,138,140,141,143,148,151,154,155,158,159",0.6008415347311368,
61,0.5657503714710252,"24,56,57,63,99,106,112,154",0.5848304741321086,"24,35,36,39,56,57,63,99,106,112,120,138,142,146,154,156",0.5619850060786168,"24,56,57,63,99,112,154",0.5872450357962988,"24,29,35,36,39,56,57,63,99,106,112,120,138,142,146,154,156",0.5855058759962177,"24,35,57,112,99,63,2,43,154,158,118,119,156,128,89,102,96,69,16,60,55,117,26,49,76,77,140,75,14,142,61,130,144,34,126,141,53,120,81,106,51,139,27,41,80,150,66,78,104,50,138,56,1,44,23,48,11",0.6036066459543429,"24,35,57,112,99,63,2,43,154,158,118,119,156",0.6294069971633122,"2,6,11,12,15,16,19,34,35,36,39,43,44,53,55,56,57,63,74,75,76,79,85,89,93,96,97,99,102,104,105,106,109,112,119,120,128,135,140,142,143,154,155,156,158",0.6283938943671484,"2,6,11,12,15,16,19,34,35,36,39,43,53,55,56,57,63,74,75,76,79,85,89,93,96,99,102,104,105,106,109,112,119,120,128,135,140,142,143,154,155,156,158",0.5685532892070783,
62,0.5677457409527775,"5,32,58,89,105,134,149",0.5761770930918427,"5,32,58,70,89,105,134,138,149",0.5524790951042643,32,0.5784323930467368,"5,32,58,70,89,105,108,134,138,149",0.6114638631553381,"32,149,89,105,99,58,5,57,151,3,158,69,96,16,140,79,76,111,123,2,60,143,59,102,118,27,155,74,139,55,134,22,26,127,11,100,124,17,93",0.6104576524062316,"32,149,89,105,99,58,5,57,151,3,158,69,96,16",0.6509142639047917,"2,3,5,6,7,9,10,15,16,22,23,27,30,32,34,35,37,39,43,44,51,55,57,58,59,60,67,68,69,70,74,76,79,85,86,89,93,96,99,102,104,105,111,118,119,123,134,135,139,140,141,143,144,147,149,151,155,156,157,158",0.6471669962874294,"0,2,3,5,6,7,9,10,15,16,20,22,27,32,34,35,37,39,43,44,46,51,55,56,57,58,59,60,62,67,68,69,70,73,74,76,79,85,89,92,93,96,99,102,104,105,106,108,109,111,118,123,126,134,135,139,140,143,145,149,151,153,155,158,159",0.5875229867110787,
63,0.6235726795096322,"3,39,53,57,91,93,117,146",0.6157968476357268,"3,39,53,57,66,86,91,93,109,117,146,157",0.618353765323993,"3,39,53,57,91,93,117,146",0.6209632224168126,"3,39,53,57,66,86,91,93,108,117,146,157",0.6152014010507881,"146,3,57,93,53,89,109,117,39,55,34,49,150,42,76,140,77,99,69,131,159,139,96,2,60,91,44,158,81,67,104,136,102,35,149,86,30,123,157,43,24,26,111",0.6264798598949212,"146,3,57,93,53,89,109,117,39",0.657968476357268,"2,3,6,7,16,34,35,36,37,39,42,43,44,49,53,55,57,60,67,69,71,73,74,76,77,86,87,89,90,91,93,94,96,99,102,104,108,109,117,119,121,128,131,134,135,136,140,146,154,155,156,157,158,159",0.6591243432574431,"0,2,4,5,6,7,8,9,16,18,28,29,30,34,35,36,37,39,42,43,44,45,49,53,55,57,59,60,61,62,67,68,69,73,75,76,77,79,81,84,85,86,87,89,90,91,92,93,95,96,99,100,101,102,104,105,107,108,109,110,112,113,115,117,118,119,123,125,128,131,133,134,135,136,138,139,140,141,146,147,149,153,154,155,156,157,158,159",0.5989492119089317,
64,0.6058032798157252,"3,29,35,72,93,99,106,108,137,158",0.6110289820194589,"3,13,29,35,72,89,93,94,99,106,108,137,138,158",0.5882181043077663,"3,29,35,72,93,108,158",0.608244232818785,"3,13,29,35,72,89,93,94,99,106,108,137,138,158",0.6384982982088218,"108,35,29,158,72,99,106,93,137,89,102,109,34,55,57,2,96,104,154,14,22,26,49,59,12,81,126,107,39,145",0.6044968542647918,"108,35,29,158,72,99,106,93,137,89",0.6445491112868291,"2,3,5,6,12,13,16,19,22,29,30,34,35,36,39,42,49,55,57,58,59,72,76,89,93,94,96,99,102,104,106,108,109,112,117,119,120,135,137,154,155,156,158",0.643173926496373,"2,3,5,6,12,13,16,19,22,29,30,34,35,36,39,42,49,55,57,59,72,76,89,93,94,96,99,102,104,106,108,109,112,117,119,120,135,137,154,155,156,158",0.596967717537044,
65,0.575418031373901,"32,39,50,53,61,63,93,96,99,105,108,154",0.5898293397690053,"32,39,50,53,55,61,63,66,93,96,99,105,108,109,154",0.5523185657645233,"50,53,61,63,93,108,154",0.589794862954663,"32,39,50,53,55,61,63,66,93,96,99,105,108,109,154",0.6065505947250474,"50,93,61,53,99,119,96,151,89,57,102,109,59,158,154,104,27,139,55,42,34,69,63,18,128,0,2,60,33,20",0.5899327702120324,"50,93,61,53,99,119,96,151,89,57",0.6286847095328392,"0,2,4,6,12,13,16,27,34,37,38,39,42,43,53,55,57,58,59,61,63,71,74,76,83,85,87,89,91,93,94,96,99,102,104,105,109,119,126,128,147,154,156,158,159",0.6320634373383899,"0,2,5,6,9,10,11,12,13,14,16,18,19,20,22,27,34,37,38,39,42,43,45,53,55,57,58,59,60,61,63,65,67,69,70,71,73,74,76,78,82,83,85,87,88,89,91,93,94,96,98,99,102,104,105,108,109,117,119,128,130,133,136,139,140,143,147,148,152,153,154,158,159",0.5909325978279607,
66,0.5934959349593496,"32,41,58,63,67,94,108,135,146",0.6062422488631666,"16,32,39,41,58,63,67,72,94,108,135,146",0.5919801570897065,"32,41,58,63,67,72,94,108,135",0.6017465894997933,"32,39,41,58,63,67,72,94,108,135,146",0.6614992421110651,"32,41,135,137,89,128,99,58,102,157,93,104,2,55,155,35,158,118,108,37,76,43,69,133,94,146,57,110,139,100,98,119,60,45,103,127",0.5989734049882872,"32,41,135,137,89,128,99,58,102,157",0.6636351109273805,"2,4,6,12,16,29,34,35,37,39,41,43,47,51,55,58,59,63,67,70,74,76,85,89,93,94,96,98,99,102,104,108,109,119,128,133,135,137,140,143,146,149,151,154,155,157,158",0.6649097423177621,"2,4,6,7,16,27,29,34,35,36,37,39,41,43,47,55,57,58,59,61,69,70,73,74,76,77,78,89,93,96,99,102,104,108,109,117,128,133,135,137,140,143,146,149,154,157,158",0.650440953562078,
67,0.5868651488616462,"9,32,36,55,73,76,96,145,158",0.5858143607705779,"0,9,32,36,53,55,73,76,93,145,158",0.5872329246935202,"9,32,36,55,73,76,96,145,158",0.5845008756567426,"0,9,32,36,53,55,73,76,93,145,158",0.6021015761821366,"32,73,96,158,102,76,36,29,35,55,57,152,0,99,53,90,89,104,2,60,22,135,26,24,81,122,112,93,25,77,61,69,145,58,18,86",0.6089667250437828,"32,73,96,158,102,76,36,29,35,55",0.6256742556917688,"0,2,6,9,10,12,16,22,27,29,32,35,36,43,47,53,55,56,57,58,61,70,73,76,85,86,89,90,93,96,99,102,104,109,135,145,155,158,159",0.634430823117338,"0,2,6,9,10,12,16,22,27,29,32,35,36,43,47,53,55,56,57,58,61,70,73,74,76,85,86,89,90,93,96,99,102,104,109,135,145,147,155,158,159",0.5771628721541155,
68,0.6195210899332554,"20,29,32,39,41,57,73,93,105,108,120",0.6164246886396477,"20,29,32,39,41,57,73,93,105,108,114,115,120",0.6160806440514691,"20,29,32,39,41,57,73,93,105,108,120",0.6132250739695865,"20,29,32,39,41,57,73,93,105,108,114,115,120",0.6424000550471342,"57,39,19,96,151,93,43,82,99,102,12,140,60,34,106,69,61,112,158,13,109,55,117,89,119,58,73,85,128,118,131,108,139",0.623374389320856,"57,39,19,96,151,93,43,82,99,102",0.6585357462327117,"0,4,7,12,13,19,29,34,39,43,55,57,58,60,61,67,68,69,72,73,74,82,85,87,89,91,93,96,99,102,104,106,108,109,112,117,119,120,128,135,140,141,151,154,158,159",0.66097846280878,"0,4,7,12,13,19,29,34,39,43,55,57,58,60,61,67,68,69,72,73,74,79,82,85,87,91,93,96,99,102,104,106,108,109,112,117,119,120,128,135,140,141,151,154,158,159",0.6242345007913026,
69,0.5878991003704357,"29,32,39,55,57,67,87,94,124,134,135,138,147",0.582959957664491,"16,29,32,39,57,67,87,94,105,124,134,135,138,147",0.5838419474334098,"29,32,39,55,57,87,94,124,135,138,147",0.5819721291233022,"16,29,32,39,57,67,87,94,105,124,134,135,138,147",0.5862056800141119,"32,94,39,57,89,55,87,124,135,2,0,128,60,58,93,96,81,10,126,50,18,118,119,140,59,4,158,102,116,99,16,69,98,130,43,27,156",0.5643323337449285,"32,94,39,57,89,55,87,124,135,2,0,128,60,58",0.6123831363556183,"0,2,4,5,6,10,12,16,18,27,29,34,36,39,43,50,54,55,56,57,58,59,60,61,67,69,71,73,74,76,79,81,85,86,87,89,91,93,94,96,98,99,102,104,106,118,119,120,124,126,128,130,134,135,138,140,141,147,155,156,157,158,159",0.6138648791674016,"0,2,4,6,10,16,18,27,29,30,34,36,39,50,54,55,57,58,59,60,61,67,69,71,73,74,76,79,81,85,86,87,89,91,93,94,96,98,99,102,104,106,111,118,119,120,124,126,128,134,135,138,140,141,144,147,155,156,158,159",0.5755512436055742,
70,0.5965751967666454,"32,39,53,93,106,138",0.6027795504502588,"9,32,39,53,74,93,106,138",0.5903531163582216,"32,39,53,138",0.6019818478337943,"9,32,39,53,74,93,106,120,138",0.6150464440190031,"138,39,74,93,109,34,106,158,89,57,119,53,141,102,50,96,85,104,19,108,25,22,55,62,135,18,59,123,8,2,60,1,37,35,95",0.6127065163440403,"138,39,74,93,109,34,106,158,89,57,119",0.6511380557328228,"2,7,8,9,16,18,19,22,26,34,35,36,37,39,43,44,45,47,50,51,53,54,55,57,59,60,61,62,67,69,72,73,74,76,79,83,85,86,89,93,94,95,96,99,102,104,105,106,108,109,112,119,123,129,134,135,138,140,141,146,154,156,158,159",0.6550024817414735,"2,7,8,9,18,19,22,26,32,34,35,36,37,39,43,45,47,50,53,55,57,59,60,61,62,67,70,73,74,76,79,85,89,93,94,96,99,102,104,106,108,109,119,123,129,134,135,138,140,141,146,148,158",0.6079557540948735,
71,0.5703004291845494,"20,53,55,57,90,105,108,138",0.5741802575107297,"5,20,39,53,55,57,90,105,108,138,146",0.560618025751073,"20,39,55,57,90,105,108,138",0.5677424892703863,"5,20,39,53,55,57,90,105,108,138,146",0.6113648068669528,"138,57,30,112,55,99,90,53,76,102,109,155,158,89,119,93,69,34,63,108,61,79,59,94,81,91,118,2,74,146,16,43,27,58,139,49,28,145,156,75,130,51,46,18,144",0.6063862660944206,"138,57,30,112,55,99,90,53,76,102",0.6487896995708154,"2,5,6,8,16,27,34,36,39,43,47,51,53,55,56,57,59,63,69,70,71,74,76,78,89,90,93,94,99,102,104,105,108,109,112,117,119,120,121,135,136,138,140,141,143,146,155,157,158",0.6499227467811158,"2,5,6,8,16,27,34,36,39,43,47,49,53,55,57,59,63,69,70,71,74,76,83,89,90,93,94,99,102,104,105,108,109,112,117,119,120,121,135,138,140,143,146,154,155,158",0.5867467811158799,
72,0.5480599046970729,"3,6,41,61,66,68,117,134,137,138,143",0.560074880871341,"3,6,15,29,41,61,66,68,94,96,108,117,134,137,138,143",0.5605173587474472,"3,68,134,137,138",0.577569775357386,"3,6,15,29,41,61,66,68,94,96,105,108,117,134,137,138",0.6216133424098026,"134,68,6,3,143,99,117,2,96,157,158,15,67,57,89,109,102,69,34,61,155,76,144,66,55,60,49,26,52",0.5647379169503063,"134,68,6,3,143,99,117,2,96,157",0.6505786249149081,"2,5,6,7,12,13,15,16,18,26,27,29,30,34,36,39,41,42,43,48,49,52,53,55,57,58,60,61,66,67,68,69,70,71,76,80,88,89,93,94,96,99,102,104,106,108,109,117,118,119,123,125,128,134,136,140,143,144,147,154,155,157,158,159",0.6531313818924438,"0,2,5,6,7,15,18,26,27,29,34,36,39,41,42,52,53,55,57,58,60,61,66,67,68,69,70,71,72,76,77,89,93,94,96,99,102,104,106,108,109,117,118,119,123,128,134,135,140,143,149,154,155,158",0.581926480599047,
73,0.5653839003532255,"3,9,32,39,53,56,61,70,89,137",0.5744934002602714,"3,9,27,29,32,39,51,53,56,61,63,64,70,72,89,105,124,137,138",0.5715188696783788,"3,9,32,39,53,56,61,70,137,138",0.5752370329057446,"3,9,27,29,32,39,51,53,56,61,63,64,70,72,89,105,124,137,138",0.6231269752742146,"137,89,139,61,151,155,57,16,135,129,99,39,110,109,102,96,159,2,69,59,50,34,60,13,119,140,149,27,158,79,14,127,103,55,9,76,4,130,144,152,114,58",0.5988473693995167,"137,89,139,61,151,155,57,16,135",0.6445807770961145,"0,2,6,9,12,13,16,18,19,27,34,39,43,44,50,51,55,56,57,58,59,60,61,63,67,69,70,71,72,73,74,76,79,86,87,89,91,93,94,96,99,102,103,105,109,114,119,125,126,128,129,134,135,137,140,144,149,154,155,158,159",0.6433537832310838,"2,6,9,12,13,16,18,19,27,34,37,39,42,43,44,45,51,55,56,57,59,60,61,67,69,70,71,72,73,74,76,79,89,90,91,93,94,96,99,100,102,103,105,108,109,119,126,128,129,134,135,137,138,140,149,154,155,158,159",0.6110429447852761,
74,0.5618429408029352,"10,29,32,70,72,89,99,105,119,134,137,138",0.5625132293798066,"10,18,29,32,56,70,72,87,89,99,105,108,119,134,137,138",0.549936498976928,"10,29,32,70,89,134,137,138",0.5609962604953079,"10,18,29,32,56,70,72,87,89,99,105,108,119,134,137,138",0.6037536160304805,"32,89,105,58,99,10,70,119,93,158,57,2,96,12,117,109,102,67,34,79,69,0,104,51,59,133,55,134,76,157,149",0.5987793692231708,"32,89,105,58,99,10,70,119,93,158,57,2,96",0.6168418824525507,"0,2,6,7,9,10,12,13,16,27,29,34,39,51,55,56,57,58,59,67,69,70,71,72,73,76,79,85,87,89,93,94,95,96,99,100,102,104,105,109,117,119,121,128,134,135,137,138,140,151,152,155,158",0.616947717491004,"0,2,6,7,9,10,12,16,18,27,29,34,35,36,38,39,55,56,57,58,59,67,69,70,71,73,76,77,79,81,85,87,89,91,93,94,95,96,99,100,102,104,105,108,109,117,119,121,134,135,137,138,140,141,149,151,152,153,154,157,158,159",0.5905947929161081,
75,0.5859169732002102,"32,43,48,67,89,105,158",0.5926782273603083,"32,43,48,67,85,89,98,105,107,134,138,154,158",0.5736906638640743,32,0.5927833245752321,"32,43,48,67,85,89,98,105,107,134,138,154,158",0.6265895953757226,"32,89,105,67,43,76,57,119,158,55,156,2,96,104,85,69,39,147,61,108,118,33,7,102,49,88,152,137,146,62,14,58,130",0.6196882115957261,"32,89,105,67,43,76,57,119,158,55",0.6716062357680854,"2,6,7,34,37,39,43,47,48,55,57,58,59,61,67,69,71,74,76,85,89,90,91,96,98,99,102,104,105,106,108,109,117,119,128,134,135,140,147,154,155,156,158,159",0.6739884393063584,"2,7,34,36,37,39,43,47,48,55,57,58,59,61,67,69,70,71,73,74,76,85,87,88,89,90,91,93,96,98,99,102,104,105,106,108,109,117,119,128,134,135,140,147,154,155,156,158,159",0.6031529164477142,
76,0.5801570840841862,"3,10,24,29,32,39,59,76,93,102",0.5840331848628064,"3,10,20,24,29,32,39,59,76,82,93,102,108,127,134,138",0.5856652272959096,"3,10,24,29,32,39,59,76,93,102,134",0.5838971813267145,"3,10,20,24,29,32,39,59,76,82,93,102,108,127,134,138",0.5945394580259087,"32,3,29,93,39,10,57,96,2,59,102,12,7,76,99,68,4,128,118,80,0,25,126,81,94,55,104,157,60,135,47,64,72,153,67,43,108",0.6050797320730339,"32,3,29,93,39,10,57,96,2,59,102",0.6301723844819965,"0,2,3,7,8,10,12,29,30,34,35,36,39,43,47,55,57,58,59,61,68,72,74,76,80,81,82,86,87,89,93,94,96,99,102,104,109,112,119,122,128,134,135,136,143,155,157,159",0.6338444799564789,"0,2,3,4,6,7,8,10,12,13,17,18,23,27,29,30,34,35,36,39,43,47,55,57,58,59,60,61,63,64,67,68,69,70,72,73,74,76,80,81,82,85,86,87,89,92,93,94,95,96,99,102,104,107,108,109,112,114,115,116,118,119,122,124,126,128,129,133,134,135,136,143,144,145,149,153,155,157,158,159",0.5981095508483221,
77,0.5794389100498095,"4,32,53,55,76,93,96,121,136,145",0.5902431878113097,"4,16,24,32,39,53,55,76,93,96,108,121,136,145",0.5812701435687079,"32,55",0.5719674772927044,"24,32,76,93,108,136,145",0.628332845004395,"32,96,93,73,55,34,76,102,99,151,89,128,39,109,57,129,74,106,118,22,139,2,4,26,12,68,145,67,44,56,121,69",0.6233518898329915,"32,96,93,73,55,34,76,102,99,151,89,128",0.6464620568414884,"0,2,4,9,10,12,16,22,30,33,34,36,37,39,44,50,51,53,55,56,57,58,59,60,62,64,67,68,69,73,74,76,79,83,85,86,89,93,96,99,102,104,106,109,117,118,119,120,121,123,128,129,135,136,139,140,141,143,145,147,151,154,156,157,158",0.6575959566363903,"0,2,4,12,16,22,30,33,34,36,37,39,44,53,55,57,58,67,73,74,76,79,85,89,90,93,96,97,99,102,104,106,109,119,121,128,129,135,136,141,143,145,151,154,158",0.587789334895986,
78,0.6133951788600744,"3,29,32,53,57,76,102,135,146",0.6236207744746645,"3,29,32,39,53,57,76,102,135,146",0.611603064164734,"3,29,32,53,57,76,146",0.5768149553728301,"3,29,32,53,146",0.6349356947079907,"3,32,29,57,96,76,102,39,89,19,109,7,2,55,99,140,60,113,26,78,93,139,27,20,77,135,9,61,119,156,158,59,69,22,37,144,12,16,123,53,130,131,84,43,35,85,138",0.637184622953124,"3,32,29,57,96,76,102,39,89,19",0.6757326586548598,"2,3,7,9,11,12,15,29,30,35,37,39,44,53,55,57,59,61,71,73,74,76,77,85,86,89,91,93,94,96,99,102,104,106,109,113,119,120,128,129,135,140,144,146,147,152,154,155,156,158",0.6723944057909902,"0,2,4,7,9,11,12,16,20,22,26,27,34,35,37,39,41,44,53,54,55,57,58,59,60,61,70,73,74,76,77,78,79,84,85,87,89,90,91,93,96,99,100,102,104,106,108,109,118,119,123,129,135,136,139,140,144,149,153,154,155,156,157,158,159",0.6103731815306768,
79,0.5787040231868056,"32,57,89,93,96,112,129,146",0.5753226140362984,"32,35,56,57,64,89,93,96,108,112,129,146",0.5786695190118004,"32,57,89,93,96,112,129,146",0.5752191015112829,"32,35,56,57,64,89,93,96,108,112,129,146",0.6379821958456974,"112,96,102,57,109,89,82,93,129,99,128,71,79,34,158,55,104,2,98,59,86",0.5846732454627009,"112,96,102,57,109,89,82,93",0.6401904630460286,"2,5,6,9,11,27,29,34,35,36,37,39,43,55,56,57,59,64,71,76,77,79,82,86,87,89,93,96,98,99,102,104,106,109,112,119,126,128,129,135,140,141,147,154,155,156,157,158,159",0.6458491477468774,"2,5,6,9,11,27,29,34,35,36,37,39,43,55,56,57,59,61,71,76,79,82,86,87,89,93,96,98,99,102,104,106,109,112,119,121,124,126,128,129,135,140,141,147,154,155,156,158,159",0.5846387412876958,
80,0.6107971088959682,"32,37,39,61,74,76,93,108,117,146",0.6099064844311992,"32,37,39,61,63,74,76,93,108,117,138,146",0.6108313636830747,"32,37,39,61,74,76,93,108,117,146",0.6098379748569862,"32,37,39,61,63,74,76,93,108,117,138,146",0.6282670503202823,"39,108,61,93,74,76,102,89,128,158,99,58,2,37,60,104,57,135,36,28,47,142,0,14,35,113,9,115,96,31,3,85",0.6281642859589628,"39,108,61,93,74,76,102,89,128,158,99",0.6577604220189771,"2,9,29,34,35,36,37,39,41,42,43,47,55,56,57,58,59,61,74,76,85,86,87,89,91,93,96,99,102,104,105,108,109,111,116,117,128,133,135,136,140,142,146,158",0.6531702805467064,"0,2,9,11,13,14,16,27,28,34,35,36,37,39,41,45,47,55,56,57,58,59,60,61,68,69,70,74,76,77,79,83,84,85,86,89,90,91,93,94,95,96,99,100,102,104,107,108,109,110,111,116,117,119,121,123,128,135,136,140,142,143,153,155,157,158",0.6034665844551776,
81,0.5807881265674923,"3,10,29,32,39,57,94,96,99,134,138",0.5718899233861271,"3,7,10,29,32,33,35,39,43,57,71,94,96,99,106,108,134,137,138,146,147",0.5789672587350122,"3,10,29,32,39,57,94,96,99,134",0.5718899233861271,"3,7,10,29,32,33,35,39,43,57,71,94,96,99,106,108,134,137,138,146,147",0.5817844504758306,"32,35,3,7,99,76,106,93,10,43,6,67,39,17,102,109,89,57,34,108,69,84,28,49,25,104,159,2,60,96,52,85,135,12,38,156,111,118,126,103,88,158,62,147,116,125,78,58,59,68,55,134,98,157,11,20",0.5778678668361562,"32,35,3,7,99,76,106,93,10,43,6,67,39",0.613254543580582,"2,3,5,6,7,8,10,12,16,17,28,29,32,33,34,35,38,39,42,43,44,51,55,56,57,59,60,67,69,71,76,81,83,84,85,86,88,89,90,93,94,96,99,102,103,104,106,108,109,116,117,118,125,126,128,134,135,136,137,138,140,143,147,155,156,157,158,159",0.6151097674099014,"2,3,5,6,7,8,10,12,16,17,25,28,29,33,34,35,38,39,40,42,43,44,51,55,56,57,59,60,61,62,67,69,71,76,81,84,85,86,88,89,90,93,94,96,99,102,103,104,106,108,109,116,118,119,124,125,126,128,134,135,136,137,138,140,143,146,147,155,156,157,158,159",0.5792421067097262,
82,0.6299682583494342,"16,27,39,55,63,70,85,105,106,137,138,158",0.6341429754347226,"16,27,39,53,55,63,70,72,85,105,106,137,138,146,158",0.6312793265249793,"16,27,39,55,63,70,85,105,106,137,138,158",0.6355402980955009,"16,27,39,53,55,63,70,72,85,105,106,137,138,146,158",0.6593292851228264,"138,70,158,39,74,85,55,35,2,99,16,109,89,102,27,118,119,57,129,69,96,4,59,60,5,58,61,76,140",0.6155810102125311,"138,70,158,39,74,85,55,35",0.6729229919955838,"2,4,5,6,8,10,15,16,19,22,27,35,39,41,43,45,47,48,53,54,55,57,58,59,60,61,63,67,69,70,71,72,73,74,76,79,82,85,86,87,89,91,93,96,99,102,104,105,106,109,117,118,119,125,129,137,138,140,142,145,148,154,155,156,158,159",0.6673337013524703,"2,4,5,6,8,9,10,16,18,19,21,22,27,35,39,41,43,45,50,53,54,55,57,59,60,61,67,69,70,71,72,74,76,79,82,85,86,89,93,96,98,99,102,106,109,111,117,118,119,122,125,129,135,137,138,140,142,145,146,147,148,149,153,154,155,156,158,159",0.6067485509246481,
83,0.5895880020686088,"10,32,61,70,96,146,156,158",0.6125840372349595,"3,10,32,35,61,70,96,105,108,112,134,146,154,156,158",0.5885192208239959,"10,32,61,70,96,134,146,156,158",0.5782623685571453,"3,10,32,61,70,134,146,156",0.6277883123599379,"32,35,158,55,96,102,109,112,85,104,89,99,157,2,93,39,60,10,57,69,146,61,81,129,11,54,111,58,26,22,76,28,108,59",0.6237890018962248,"32,35,158,55,96,102,109,112,85,104,89",0.6520255128426133,"2,7,10,12,29,32,35,37,39,43,55,57,58,61,70,71,76,85,86,89,93,96,97,99,102,104,105,108,109,111,112,129,135,136,143,146,154,155,156,157,158",0.6505085330115498,"2,7,10,12,29,32,35,39,43,55,57,58,61,70,71,76,85,86,89,93,96,99,102,104,105,108,109,111,112,129,135,136,143,146,154,155,156,157,158",0.5808653680399931,
84,0.5609153600713624,"29,36,66,91,99,114,117,134,136,138,151",0.5645177891378187,"29,32,36,58,66,91,99,105,108,114,117,134,136,138,151",0.5575187840944179,"29,36,66,99,114,117,134,136,138,151",0.5645177891378187,"29,32,36,58,66,91,99,105,108,114,117,134,136,138,151",0.598620784300271,"138,99,151,134,117,36,44,136,74,89,93,104,34,55,159,158,58,57,69,61,108,54,114,127,143,13,59",0.5824956256218479,"138,99,151,134,117,36,44,136,74,89,93",0.636909458949463,"2,4,13,15,29,34,36,37,39,42,43,44,55,57,58,59,67,69,70,71,73,74,76,85,86,89,90,91,93,96,99,102,104,108,109,114,117,128,134,135,136,138,140,143,144,147,151,155,158,159",0.6340275156962981,"2,4,13,29,34,36,37,39,43,44,55,57,58,59,67,70,71,73,74,76,85,86,89,90,91,93,96,99,102,104,108,109,114,117,134,135,136,138,140,143,147,151,155,158,159",0.5843483034274539,
85,0.6050929531678575,"16,29,35,53,72,89,102,138",0.6147099657986522,"16,29,35,53,72,89,102,108,115,138,154",0.5939013240323727,"29,72,138",0.6098168026819275,"16,29,35,53,72,89,102,108,115,138,154",0.6548034269073177,"29,138,89,16,57,43,105,19,99,158,58,2,59,96,102,12,109,39,154,153,67,37,139,51,122,144,104",0.6547018387457249,"29,138,89,16,57,43,105,19,99,158,58,2,59",0.6739697267278453,"2,6,7,12,16,19,29,34,35,37,39,43,47,51,53,55,57,58,59,63,71,72,76,79,85,86,89,90,93,96,99,102,104,105,106,108,109,117,128,135,136,137,138,140,154,156,158",0.6754596864312079,"2,6,7,9,12,16,19,29,34,35,37,39,43,47,51,53,55,57,58,59,63,67,70,71,72,76,79,85,86,89,90,93,96,99,102,104,105,106,108,109,117,128,135,136,137,138,140,143,154,156,158",0.6330296976059057,
86,0.5996953339735736,"9,32,39,57,70,72,89,91,93,109,135",0.6125111766069478,"9,32,39,57,70,72,74,89,91,93,94,109,135,146,156",0.5959366824518992,"9,32,39,70,72,89,93,109,135",0.6148458456138027,"9,32,39,57,70,72,74,89,91,93,94,109,135,146,156",0.6198960161605458,"9,135,94,119,89,93,128,61,99,6,74,76,90,2,104,59,118,102,158,34,57,70,79,142,109,123,56,29,156,54,108,55,130,157,92,7,46,48,18",0.61714739874822,"9,135,94,119,89,93,128,61,99",0.6562903599695334,"2,6,7,9,10,18,27,34,35,36,39,42,46,51,55,56,57,58,59,61,62,70,72,74,76,79,89,90,91,93,94,96,99,102,104,109,119,128,133,135,141,143,146,155,156,158",0.6462231347484849,"0,2,6,7,9,10,12,18,27,33,34,35,36,39,42,45,46,48,54,55,56,57,58,59,61,63,67,70,72,74,76,79,85,89,90,91,92,93,94,95,96,98,99,102,104,106,108,109,112,119,128,130,133,135,141,142,149,153,155,156,157,158",0.6058217703745405,
87,0.5654031893826217,"11,18,32,96,105,109,137,154",0.576555605739499,"11,18,32,59,96,105,108,109,137,138,154",0.5458604037105236,"11,18,32",0.5763471493589967,"11,18,32,59,96,105,108,109,137,138,154",0.6230761213216135,"32,96,154,137,59,43,99,77,93,158,70,98,2,104,11,102,131,76,74,54,108,57,129,89,14,37",0.5985824966125838,"32,96,154,137,59,43,99,77,93,158,70",0.640760170934232,"2,10,11,13,19,29,35,36,37,39,43,44,55,57,58,59,67,70,71,74,76,77,83,89,91,93,94,96,98,99,102,104,105,108,109,119,122,129,135,136,137,141,147,151,152,154,155,156,158",0.6405517145537296,"0,2,9,11,18,27,29,32,36,39,43,46,53,55,57,59,67,70,71,73,74,76,77,83,89,93,96,98,99,102,104,105,108,109,119,135,136,137,141,147,152,154,156,158,159",0.6030990515234688,
88,0.5223015626616992,"3,32,51,71,93,96,108",0.5365483459243161,"3,32,33,35,51,53,59,64,71,72,93,96,108,124,134,139,154",0.5172996653903205,32,0.5362033874918072,"3,32,33,35,51,53,59,64,71,72,93,96,108,124,134,139,154",0.5846700472593053,"32,93,3,96,119,35,108,102,51,104,135,2,59,69,158,67,99,54,71,15,86,81,6,34,128,9,66,76,137,134,14,12,55",0.5466211321535754,"32,93,3,96,119,35,108,102",0.5926040912070095,"2,3,6,9,16,29,32,33,34,35,44,45,47,51,53,57,58,59,71,72,73,76,85,86,89,93,96,99,102,104,108,109,117,119,124,128,134,135,154,155,156,158,159",0.5787022663769016,"2,3,6,9,16,29,32,33,34,35,45,47,51,53,57,58,59,71,72,73,76,86,89,93,96,99,102,104,108,109,117,119,124,128,134,135,154,155,156,158,159",0.5908103073579634,
89,0.608798968022269,"10,39,53,55,57,70,73,76,89,93,138,154",0.6119899517957771,"10,39,53,55,57,70,73,76,89,93,102,138,146,154,155",0.608714101432548,"10,39,53,55,57,70,73,76,89,93,138,154",0.5779754226356169,"10,39,53,93,138,154",0.6134157105030892,"138,93,73,57,89,128,55,102,96,76,39,154,61,7,54,129,2,60,91,34,122,69,139,99,115,44,140,144,153,67,135,85,104,127,77",0.614468056215629,"138,93,73,57,89,128,55,102,96,76,39,154,61",0.6459705343200489,"2,7,10,12,18,35,36,37,39,41,42,53,55,57,59,60,61,70,73,76,85,89,91,93,94,96,99,102,104,105,109,111,123,128,129,135,137,138,140,147,154,155,158,159",0.6404711793061307,"2,7,10,11,34,35,36,37,39,42,44,47,53,55,57,59,60,61,67,73,74,76,77,85,89,91,93,94,96,99,102,104,107,109,111,115,119,122,123,128,129,135,137,138,140,144,147,153,154,155,158,159",0.6001425758707312,
90,0.5830679772947529,"10,16,29,32,39,66,72,74,89,94,106,138",0.5898518621071577,"10,16,29,32,35,39,41,66,71,72,74,78,89,93,94,106,108,134,137,138,139,146",0.5846081960404265,"16,29,32,39,66,72,74,89,94,106,138",0.5902325903364253,"10,16,29,32,35,39,41,66,71,72,74,78,89,93,94,106,108,134,137,138,139,146",0.6095112834002492,"138,39,74,89,122,71,76,158,87,99,2,93,10,96,57,69,147,0,55,85,104,102,109,16,37,20,75,117,51,101,22,31,49,48,156,113,119,21,123,106,40,140",0.6119687110618857,"138,39,74,89,122,71,76,158,87,99,2,93,10,96,57",0.6169181780423647,"0,2,4,9,10,16,29,30,34,35,37,39,42,43,44,51,55,57,58,59,66,69,71,74,76,78,85,87,89,91,93,96,99,102,104,106,109,117,122,134,135,136,137,138,140,146,147,152,154,155,156,158,159",0.6184410909594351,"0,2,4,7,9,10,16,20,29,34,35,37,39,42,43,44,51,55,57,58,59,61,66,67,69,71,74,75,76,78,85,87,89,91,93,96,99,102,104,106,109,113,117,119,122,134,135,136,137,138,140,146,147,152,154,155,156,158,159",0.5741727813927731,
91,0.5548433303491495,"16,32,57,77,90,96,121,154,156",0.5520501342882722,"0,16,18,22,24,32,34,53,57,77,84,90,96,121,137,138,154,156",0.5560071620411817,"16,32,57,77,90,96,121,154,156",0.5507609668755595,"0,16,18,22,24,32,34,53,57,77,84,90,96,121,138,154,156",0.5897582811101164,"57,156,77,16,96,89,119,159,99,129,2,60,158,43,69,84,34,59,93,128,118,102,27,94,81,0,9,79",0.5834198746642794,"57,156,77,16,96,89,119,159,99,129,2,60,158",0.595129811996419,"0,2,10,16,18,19,22,27,34,35,36,39,43,48,53,56,57,58,59,60,69,73,74,76,77,82,84,89,90,93,94,95,96,99,102,106,109,119,121,128,135,154,155,156,158,159",0.5910116383169203,"0,2,10,16,18,19,22,27,34,35,36,39,43,53,57,58,59,63,69,73,74,76,77,82,84,89,90,93,94,96,99,102,109,119,121,128,135,137,154,155,156,158,159",0.5674127126230976,
92,0.5961895753808736,"6,9,29,32,35,67,76,93,94,134,135,137,154",0.5981150559064959,"6,9,29,32,35,67,76,93,94,134,135,137,138,154",0.5971016451035368,"6,9,29,32,35,67,76,93,94,134,135,137,154",0.5991960274296524,"9,29,32,35,67,76,93,134,135,137,138,154",0.6352734520149985,"29,63,76,99,94,135,6,42,154,104,2,39,159,89,55,90,128,60,67,102,96,118,27,119,93,106,50,98,85",0.6056142958483938,"29,63,76,99,94,135,6,42,154,104,2",0.6409485525115698,"2,6,8,9,10,16,27,29,35,36,39,42,43,44,55,56,57,67,73,76,82,85,89,90,91,93,94,96,98,99,102,104,105,106,108,109,119,128,134,135,137,152,154,155,158,159",0.6396648988278215,"2,6,8,9,10,16,27,29,35,36,39,42,43,44,55,56,57,67,73,76,82,85,89,90,91,93,94,96,98,99,102,104,105,106,108,109,119,128,134,135,137,152,154,155,158,159",0.6086545282572712,
93,0.5902109946892493,"8,44,63,94,96,108",0.5854384957657528,"8,44,63,94,96,108,136",0.5907313047222621,"8,44,63,94,96,108",0.5972082675470073,"8,44,63,94,96,108,136,138",0.6443591215731305,"44,94,108,90,89,99,58,19,57,96,151,102,3,93,140,39,85,107,112,117,4,75,139,27,22,26,55,76,40,100,43,59,69,45,137,119,152",0.6469068465623654,"44,94,108,90,89,99,58,19,57,96,151",0.6826467633127602,"2,3,4,6,7,8,19,30,34,35,37,39,43,44,53,55,57,58,59,63,71,74,76,85,86,89,90,91,93,94,96,99,102,106,108,109,112,117,119,128,129,135,136,140,151,154,156,158",0.6745012200373188,"0,2,3,4,6,7,8,9,11,13,16,18,19,22,27,34,35,36,37,39,40,42,43,44,45,47,48,50,53,55,56,57,58,59,61,63,67,68,69,70,71,72,73,74,75,76,79,81,85,86,88,89,91,92,93,94,95,96,97,98,99,100,102,104,106,107,108,109,110,111,112,117,118,119,122,123,124,125,129,131,133,135,136,137,138,139,140,143,144,149,151,153,154,155,156,157,158,159",0.5842543418975169,
94,0.59670840279502,"29,32,36,55,63,89,138,146,151,159",0.5932323626432093,"24,29,32,55,56,63,66,74,89,120,138,146,151,159",0.5901464902635406,"29,32,55,89,138,146",0.5945802149469727,"29,32,55,56,63,66,89,120,138,146,151,159",0.6124569928705708,"32,89,55,36,76,29,63,159,57,19,104,151,135,42,99,119,130,85,96,102,101,125,59,128,54,13,146,106,123,46,65,81,156,3,61,86,140,39,28,103,100,78,73,88,69,16,43,2,68,34,116,91,7,115,35",0.606107899123896,"32,89,55,36,76,29,63,159,57,19",0.6457276628950449,"2,7,16,19,29,32,34,35,36,37,39,42,43,44,55,56,57,58,59,63,73,74,76,85,86,89,91,93,96,99,102,104,106,109,117,119,135,138,140,145,146,151,152,156,158,159",0.6445926293760863,"2,3,5,7,9,11,12,13,16,19,22,28,29,32,34,35,36,37,39,42,43,44,46,50,54,55,56,57,58,59,61,63,68,69,70,73,74,75,76,78,79,85,86,89,90,91,93,96,98,99,101,102,103,104,106,109,112,115,117,118,119,123,125,135,136,137,138,140,146,151,152,154,156,157,158,159",0.6038378320859787,
95,0.5934931389070399,"32,39,40,55,89,94,109,112",0.6047735323451525,"32,35,39,40,53,55,89,93,94,109,112,121,137",0.5932523988031778,"32,39,40,55,89,94,109,112",0.5974481548990611,"32,35,39,40,53,55,89,94,109,112,121,137",0.6058396670908278,"40,39,109,89,57,152,140,119,93,55,158,99,94,81,103,104,9,14,18,83,108,101,58,102,27,59,88,53,139,125,100,43,116,98,69,61,123,86",0.6050142724490147,"40,39,109,89,57,152,140,119,93",0.6485538398046566,"2,6,7,9,10,12,18,27,29,35,39,40,42,43,47,53,55,57,58,59,70,71,72,74,81,86,89,91,93,94,95,96,98,99,102,103,104,108,109,112,117,119,121,128,135,136,137,140,151,152,158,159",0.6479347938232968,"2,7,9,10,18,27,29,35,39,40,42,43,47,53,55,57,58,59,69,70,71,72,74,81,86,89,91,93,94,95,98,99,102,103,104,108,109,112,117,119,121,128,135,136,137,140,152,158,159",0.5887127282732056,
96,0.5784607285051495,"29,39,57,71,89,90,102,138,159",0.5882333585601001,"2,9,29,32,39,57,71,89,90,102,106,120,136,138,159",0.56470665657596,"29,138,159",0.5882004540818006,"9,29,32,39,57,70,71,89,90,102,106,120,136,138,159",0.5898785824750749,"138,89,151,57,90,96,102,71,9,99,136,74,158,59,54,39,159,108,81,104,55,2,60,92,37,123,135,156,119,94,118,127,14,83,147,27,93,115,140,139,17,76,43",0.5949787766114968,"138,89,151,57,90,96,102,71,9,99",0.6221249712085815,"0,2,6,9,14,16,18,20,22,34,37,39,42,43,45,47,54,55,57,59,60,61,69,71,72,74,76,77,79,81,83,85,86,87,89,90,91,92,93,94,96,99,102,104,106,108,109,114,117,118,119,121,123,128,130,135,136,138,140,143,147,151,155,156,158,159",0.6201177980323122,"0,2,6,8,9,14,16,18,22,27,34,36,37,39,42,43,45,47,54,55,57,59,60,61,68,69,71,74,76,77,79,81,82,83,85,86,87,89,90,92,93,94,96,99,102,104,105,106,108,109,117,118,119,123,128,135,136,138,140,143,147,151,155,156,158,159",0.5685564805370011,
97,0.5750342202784362,"7,18,32,53,57,61,71,91,93,96,108,109,135,138",0.57520114846593,"7,11,18,32,42,53,57,61,71,85,91,93,94,96,108,109,135,138",0.5589757286415384,"18,32,57,138",0.5745501285347043,"7,11,18,32,42,53,57,61,71,85,91,93,94,96,108,109,135,138",0.6036123259773646,"32,96,57,93,10,89,151,71,53,90,42,109,76,30,74,61,128,69,97,102,2,17,149,88,58,64,60,143,91,7,4,156,29,38,55,159,45,54,99",0.6025439855774046,"32,96,57,93,10,89,151,71,53,90,42",0.625279604714052,"2,4,7,10,18,30,36,37,42,43,47,53,55,57,58,59,61,71,74,76,85,86,89,90,91,93,94,96,99,102,104,108,109,117,128,135,140,143,148,155,156,158,159",0.6212733282142022,"2,4,7,10,18,30,37,42,43,47,53,55,57,58,61,71,74,76,85,86,89,90,91,93,94,96,99,102,104,108,109,117,128,135,138,140,143,148,155,156,158,159",0.5818782759656795,
98,0.5893368737334918,"10,32,72,73,89,91,94,105,108,158",0.59482216476836,"10,20,32,41,72,73,89,91,94,105,108,138,158",0.5601809796659912,"10,72,73,94,105,108",0.5723219900775627,"10,20,32,41,72,91,94,105,108,138",0.6309831598071414,"108,72,35,158,105,89,104,2,91,135,90,57,109,102,157,99,23,103,28,159,73,7,59,69,61,34,49,127,55,58,76,130,43,116,79,156,26,22,56,46,3,137,65,96,25,12,139,100,85,88,98,75",0.5900356369226469,"108,72,35,158,105,89,104,2,91",0.6428271958633219,"2,5,6,7,10,17,34,35,36,39,41,42,43,47,55,56,57,58,59,61,69,72,73,76,85,89,90,91,93,94,96,98,99,102,103,104,105,108,109,120,121,128,133,135,136,137,147,156,157,158,159",0.648487177695479,"2,5,6,7,9,10,18,29,32,34,35,39,42,43,47,55,57,58,59,61,67,69,70,72,73,76,77,78,89,90,91,93,94,99,102,104,105,108,109,115,133,135,136,137,146,147,149,156,157,158,159",0.6078540982461044,
99,0.5692916695859315,"32,39,53,67,86,99,109,121,138,140",0.5837945771736845,"3,16,29,32,39,53,63,67,72,86,99,109,121,138,140,146",0.5739157850486933,"16,32,39,53,67,86,99,109,121,138,140",0.5877531002592307,"3,16,29,32,39,53,63,67,72,86,99,106,109,121,138,140,146",0.6010649478035451,"32,55,99,53,121,94,151,89,57,109,39,67,102,158,159,58,140,44,33,91,2,69,104,86,88,85,103,16,106,5,123,87,76,46,27,119,137,139,98,43,116,108,148",0.6189658796328733,"32,55,99,53,121,94,151,89,57,109,39,67,102,158",0.6350802213970433,"0,2,3,4,8,10,11,15,16,29,39,43,44,53,55,57,58,59,67,69,71,74,76,85,86,87,88,89,91,93,94,96,99,102,104,106,108,109,119,121,135,136,138,140,148,151,154,156,158,159",0.635920969663,"0,2,3,4,8,10,11,15,16,29,39,43,44,53,55,57,58,59,67,69,71,74,76,85,86,87,88,89,91,93,94,96,99,102,103,104,106,108,109,119,121,135,136,138,140,148,151,154,156,158,159",0.5586421915504799,
