simulation,LASSO_CV_mse,LASSO_CV_features,MCP_CV_mse,MCP_CV_features,SCAD_CV_mse,SCAD_CV_features,LASSO_QUT_mse,LASSO_QUT_features,HarderLASSO_QUT_mse,HarderLASSO_QUT_features,SCAD_QUT_mse,SCAD_QUT_features
0,0.48826384316152405,"0,8,11,12,18,23,27,38,45,55,61,63,64,66,68,72,79,95,104,138,148,150,154,156,158,162,165,170,174,204,212,222,226,234,240,242",0.03251860542186006,"12,61,95,138,150,234",0.05529217738547731,"0,12,23,38,61,95,104,138,150,234",2.037198836533427,"61,95,138",0.032014551145140804,"12,61,95,138,150",0.03192584270850519,"12,61,95,138,150"
1,0.8140085126995055,"30,32,61,82,106,136,169,170,176,179,198,222",0.2607713772843163,"30,136,169,170,176,179,198,222",0.33272643723883366,"8,30,136,169,170,176,179,198,222,238",1.150969333563107,"136,170,179,222",0.2030840219423402,"136,169,170,179,222",0.20389563468353333,"136,169,170,179,222"
2,0.4841858544948562,"40,41,64,65,104,136,151,154,203,208,224,234",0.026606182677851045,"40,104,151,203,224,234",0.02867768553049128,"40,104,151,203,224,234",1.1033129309366296,"40,104,151,203",0.025848584690833447,"40,104,151,203,234",0.026112330186521718,"40,104,151,203,234"
3,0.3029932304789623,"12,53,80,86,105,134,147,150,152,162,165,174,184,190,215,217,230,231,239",0.07072481277195326,"86,134,147,152,162,165,190",0.06584718516249496,"53,86,134,147,152,162,165,190,230",1.116697155265134,"147,152,162,165",0.20258327365845483,"86,134,147,152,162,165",0.039495730348465825,"134,147,152,162,165"
4,0.5219790882279258,"14,16,22,26,35,44,50,69,82,86,92,137,156,158,166,169,188,190,197,202,204,218,224,236,238,240",0.08217084696691124,"44,86,188,218,238",0.07388257373654566,"44,69,86,137,158,160,166,188,190,207,218,238",2.1564169529559685,"44,188,238",0.06818136148593368,"44,86,188,218,238",0.06812043529008835,"44,86,188,218,238"
5,0.9238140181683814,"5,8,19,27,47,53,80,83,107,129,146,156,177,182,202,203,222,230,239,246",0.3521961187846796,"19,27,156,202,230",0.23017882900596828,"5,19,27,47,53,98,106,107,127,129,156,202,203,230",2.094582039022144,"27,202,230",0.1490271041253954,"19,27,156,202,230",0.14265794310514565,"19,27,156,202,230"
6,0.5084970782182603,"0,1,9,12,15,16,48,59,63,68,76,92,118,129,147,152,153,167,169,173,177,220,228",0.1542162234395815,"0,1,12,16,48,63,76,92,152,167,169,173,220,228",0.17133723997576214,"0,1,12,15,16,27,44,48,59,63,68,73,76,92,94,99,152,167,169,173,220,228,230",2.1734672291660595,"12,167,228",0.13624828265836172,"12,16,167,220,228",0.13588406432721686,"12,16,167,220,228"
7,0.5160193818591057,"16,24,33,38,45,49,69,84,119,125,128,168,169,178,192,193,196,202,228,248",0.08608142697848055,"38,45,168,178,193,248",0.2052311517542115,"16,24,33,38,45,69,74,111,119,127,154,168,169,178,183,184,186,189,192,193,202,228,248",2.188646117794866,"45,168,193",0.06454904602622027,"45,168,178,193,248",0.06473505157877679,"45,168,178,193,248"
8,0.3379549187494695,"27,32,36,64,83,93,98,114,171,226,228,230,247",0.05652986045734158,"36,83,98,171,228",0.05923143897749665,"36,83,98,171,227,228,230",0.050853598956126275,"36,83,98,171,228",0.05691128263129999,"36,83,98,171,228",0.05644607114398367,"36,83,98,171,228"
9,1.4384062389045473,"18,19,44,51,65,70,71,74,81,102,104,117,124,134,142,145,146,148,166,173,184,185,196,204,216,226,234,246",0.19835717609193768,"18,19,65,117,124,142,146,204,226",0.16246310338761702,"18,65,117,124,146",21.11259151160356,65,0.16548505497928975,"18,65,117,124,146",0.16272615452472722,"18,65,117,124,146"
10,0.6221017094376348,"1,23,29,32,41,43,54,79,82,97,99,120,125,140,151,158,161,165,175,182,185,186,205,209,220,227,229,242,245",0.25061292563614157,"41,54,125,158,161,185,229,245",0.22478556968041544,"1,41,54,79,125,129,139,158,161,165,185,205,209,223,229,245",2.078826540962229,"41,54,185",0.13575891785380362,"41,54,125,161,185",0.14114455425369227,"41,54,125,161,185"
11,1.2024529849995644,"8,14,19,26,98,138,141,150,155,156,165,185,188,199,204,207,211,219,223,224,243",0.2595027223848299,"14,138,150,188,207",0.25437073561982815,"14,94,138,141,150,155,188,207,223,224,243",1.3715008653126088,"14,138,150,207",0.20020738202396096,"14,138,150,188,207",0.19880224397775778,"14,138,150,188,207"
12,0.7242662381939993,"5,19,20,25,35,86,98,106,108,113,115,122,123,129,130,141,163,167,169,183,187,192,194,231,236,244",0.20359744009141445,"25,130,187,231,236,244",0.2194539859020001,"25,86,98,106,130,187,231,236,244",1.121905856831474,"130,231,236,244",0.15803018009912853,"130,187,231,236,244",0.15785669802497052,"130,187,231,236,244"
13,1.2841870306680547,"4,15,20,39,49,54,63,74,78,83,107,110,119,122,125,127,129,152,175,177,208,210,212,214,222,233,240",0.11676073343262405,"49,74,125,152,155,208,210,214",0.16474823798124116,"4,39,49,63,74,85,104,125,152,155,185,208,209,210,214",1.9929037721296758,"49,125,208",0.08269691320080404,"49,74,125,152,208",0.08299724442917196,"49,74,125,152,208"
14,0.3487148636090072,"4,6,31,75,98,99,103,108,111,118,128,142,156,168,186,194,200,208,221,242",0.018191711108378802,"31,99,118,128,200",0.0332337402635931,"31,75,99,103,108,118,128,156,168,186,200",0.01764282926970435,"31,99,118,128,200",0.01774956501132147,"31,99,118,128,200",0.018257178138127755,"31,99,118,128,200"
15,0.5266113374641526,"14,42,59,82,89,98,114,150,185,190",0.08764113145404342,"42,59,82,98,114,185",0.09386046981495264,"9,42,59,82,98,114,150,185",0.08609463570544583,"42,59,98,114,185",0.08689673784613704,"42,59,98,114,185",0.08742818072243484,"42,59,98,114,185"
16,0.5266709252255424,"13,18,66,69,83,97,117,164,176,183,195,214",0.040167022369274295,"18,19,66,97,176,183,195,214",0.02099820454860133,"18,66,176,183,195,214",1.0413157280497385,"18,66,183,195",0.03276126349565766,"18,66,176,183,195",0.1619049315791516,"18,66,97,176,183,195"
17,0.22095335790960724,"2,7,13,38,45,47,50,55,67,75,77,94,101,111,119,121,136,141,145,170,179,187",0.04127568633649524,"13,55,75,77,121",0.04135606797187665,"2,12,13,55,75,77,121",0.04053983543280051,"13,55,75,77,121",0.04097553364329739,"13,55,75,77,121",0.0412377298658915,"13,55,75,77,121"
18,0.9314234277743307,"4,25,34,41,42,55,58,61,71,76,83,93,116,131,143,145,148,154,164,172,186,187,188,241,242,246",0.09101997877423199,"4,25,34,58,71,81,93,131,145,187,188,246",0.12148310826007373,"4,25,34,58,61,71,76,81,93,131,143,145,172,187,188,246",2.1242803104129013,"34,93,188",0.025496281504241176,"34,58,93,145,188",0.025387914392330155,"34,58,93,145,188"
19,0.5219364160353951,"31,35,42,45,61,88,90,95,106,108,111,117,123,132,135,142,159,165,167,174,179,180,181,188,189,202,207,222,236,246",0.3053606900003197,"95,132,167,180,181",0.3103517121854735,"31,61,88,95,117,132,135,165,167,174,180,181,188,192,220",5.072465396257251,"95,142",0.2612851409609863,"95,132,167,180,181",0.29474038151549475,"95,132,142,167,180,181"
20,0.602773689412315,"4,9,13,18,19,39,43,58,60,74,85,97,112,120,122,132,138,147,164,169,171,178,181,188,190,193,206,225,231,249",0.051369238176867275,"18,19,52,58,112,120,190",0.06043998266033783,"18,19,52,58,88,97,112,120,147,190,199,225,231",0.05152679500999968,"19,58,112,120,190",0.05136721777071918,"19,58,112,120,190",0.051329092591913414,"19,58,112,120,190"
21,0.40005772916430543,"0,2,30,46,81,82,89,96,98,102,110,113,139,146,152,182,187,194,211,218,229,232,233,238",0.05524303879017853,"81,96,110,113,146,152,211",0.053288311230994125,"62,81,96,102,110,113,139,146,152,187,211",2.1779787874555665,"110,113,152",0.042544942146300606,"96,110,113,152,211",0.04194684146028921,"96,110,113,152,211"
22,0.841337492226028,"5,6,7,25,35,42,46,48,58,62,67,78,87,110,113,132,139,141,145,148,150,161,163,168,175,193,221,227,236,241",0.22199513453134279,"48,87,150,175,236",0.18316498873880993,"48,58,87,110,136,141,150,163,175,236",1.1949523701377562,"48,87,150,175",0.1476310024899545,"48,87,150,175,236",0.14691197632992187,"48,87,150,175,236"
23,0.644577851004145,"12,16,28,34,45,51,64,75,82,83,89,104,114,121,123,135,142,146,153,171,212,223,239",0.0786213317213664,"16,34,123,142,239",0.08039772381625114,"16,34,123,142,239",4.103793577153072,"34,123,142,239",0.07873717513398591,"16,34,123,142,239",0.07854674119224189,"16,34,123,142,239"
24,1.2912517841604927,"1,6,10,14,15,25,27,43,68,71,77,116,117,125,134,135,148,149,166,181,183,212,217,228,229,232,233,236,237",0.16738446908500781,"6,25,34,43,149,180,183,212,229,232",0.14699338547288004,"6,25,34,43,77,102,117,134,141,149,178,180,183,209,212,217,229,232,236",3.0603352985021592,"183,232",0.3309269040642988,"6,25,43,183,229,232",0.054250266036619095,"6,25,183,229,232"
25,1.015166761630739,"35,53,54,78,94,98,108,123,138,139,156,188,214,241",0.10912070230883117,"94,98,139,188,241",0.14044639271423956,"94,98,139,188,241",4.337985348920378,"108,139,241",0.10912127098634665,"94,98,139,188,241",0.17967502426452756,"94,98,108,139,188,241"
26,0.24120563710088652,"5,21,35,52,56,59,63,86,103,115,121,141,144,210,220,228,243",0.04580857501506837,"35,59,86,121,144",0.04653348985317108,"35,59,63,83,86,103,121,144",0.04552298990573532,"35,59,86,121,144",0.04726236797184706,"35,59,86,121,144",0.04713413368384326,"35,59,86,121,144"
27,0.46368828878109747,"9,30,34,38,40,53,56,61,66,71,78,91,128,130,139,163,197,214,230,232,235,245",0.27023052817923,"38,40,53,61,66,245",0.3091547783588626,"38,40,53,60,61,66,82,91,110,136,155,189,214,232,235,245",1.2520981748063646,"40,53,66,245",0.26564818614915714,"40,53,61,66,245",0.2671300239910622,"40,53,61,66,245"
28,0.3856216277660816,"20,24,49,60,71,73,76,105,107,130,134,135,143,149,160,164,165,173,178,180,181,186,188,196,201,204,207",0.047070546983826136,"60,71,76,134,164,188,204",0.0494386611586012,"34,60,71,76,134,164,188,204",0.03699446439983001,"60,134,164,188,204",0.038041043567587786,"60,134,164,188,204",0.03775619393827144,"60,134,164,188,204"
29,0.8176192707168305,"3,15,18,30,33,34,38,82,90,92,103,118,120,133,161,165,175,180,182,190,204,211,219,230",0.14492123748595254,"18,33,38,120,133,175,180,204,219",0.17326860615651754,"18,33,120,133,161,175,180,204,219",2.111646860941591,"33,120,133",0.04935715400141926,"33,120,133,180,219",0.05031050015162492,"33,120,133,180,219"
30,0.5780039471597288,"10,23,32,51,54,63,65,68,71,72,83,101,114,117,121,123,134,136,142,153,155,160,167,176,182,189,224,225",0.09271384347837479,"32,51,65,68,114,160,166,167,224",0.11123538727441158,"32,51,54,65,68,114,117,153,160,166,167,170,182,224",2.386817613452443,"68,114,167,225",0.0930637146537793,"32,68,114,160,167",0.09341824044296278,"32,68,114,160,167"
31,0.5433840222988684,"0,5,6,18,20,24,41,42,59,60,86,98,101,102,116,121,127,133,142,144,150,151,164,189,191,201,206,215,225,231",0.1450733026808168,"0,18,28,98,102,127,143,150,215",0.22740137823074622,"0,6,13,18,28,42,59,86,92,98,102,127,142,143,144,150,151,189,215,225,242",2.328609134216008,"0,98,102",0.10865593192059635,"0,18,98,102,150",0.10908357340617403,"0,18,98,102,150"
32,1.022465947548303,"8,11,16,19,46,49,56,64,77,86,90,96,104,110,111,119,124,129,132,165,167,170,190,209,216,217,227,235,236,241,247",0.3272450109538517,"19,49,64,90,110,111,119,129,167",0.38512385133184013,"15,19,49,64,90,110,111,119,129,165,167",1.4564679330575494,"49,64,90,111",0.2715027128069958,"49,64,90,111,119",0.26603536767645997,"49,64,90,111,119"
33,0.7187905184737697,"8,11,38,85,110,115,128,137,164,185,193,203,205,211,214,221,227,230,236,241,244",0.09491886325676117,"8,38,128,236,241",0.12229452279660269,"8,38,128,230,236,241",1.032097613303582,"8,38,128,241",0.057739600049998806,"8,38,128,236,241",0.057893984752297484,"8,38,128,236,241"
34,0.8227058789834668,"12,25,40,53,62,84,92,120,131,141,143,152,164,176,197,218,222,225,230,238",0.36650639302609567,"120,131,143,176,218",0.3329899884174306,"62,92,120,131,143,176,194,218,222",1.2384432618129042,"120,131,143,218",0.18137272256259546,"120,131,143,176,218",0.1822269110509576,"120,131,143,176,218"
35,0.2916170750231418,"5,12,23,38,43,151,157,160,209,222,231,238,244",0.03706170478847507,"5,12,23,38,151,209",0.0515250341287442,"5,12,23,33,38,43,93,148,151,157,209",0.039732335750062915,"5,12,23,38,209",0.03657096957447555,"5,12,23,38,209",0.03651924275847433,"5,12,23,38,209"
36,0.6168635298385563,"9,19,26,40,62,100,139,151,192,194,204,224",0.09420590393740921,"9,19,139,151,204",0.09420592025186932,"9,19,139,151,204",0.09450028187017716,"9,19,139,151,204",0.09540828420799423,"9,19,139,151,204",0.09416451792514823,"9,19,139,151,204"
37,0.6083267554533542,"2,6,8,19,23,29,57,62,64,77,81,82,89,99,112,121,134,135,144,155,183,201,209,240,247",0.0384541453566647,"6,8,62,121,247",0.03956509333916643,"6,8,62,121,153,247",2.0529660993538545,"8,62,247",0.0384224899938968,"6,8,62,121,247",0.03840505453128948,"6,8,62,121,247"
38,0.9843428207414852,"6,7,11,14,16,17,28,30,42,45,48,52,63,68,87,88,102,104,111,115,117,119,128,129,130,134,150,153,154,177,183,203,209,215,229,232,235,247",0.26798489351483773,"6,14,28,115,119,129,134,183",0.21483648432675087,"6,14,16,17,22,28,68,88,115,117,119,129,134,183,215,229",2.145336760604322,"6,28,129",0.1468926313195825,"6,28,115,129,183",0.14897033584519045,"6,28,115,129,183"
39,0.2467090968091386,"1,2,25,26,41,45,54,81,82,89,132,139,142,144,150,172,195,200,206,215,219,222,240",0.16866593153079493,"25,26,54,82,139,142,144,167,172,219,240",0.15294330102187786,"26,54,82,139,142,144,167,172,219,240",1.115636531716723,"82,142,172,219",0.14969799325390437,"54,82,142,172,219",0.14995384613734902,"54,82,142,172,219"
40,0.4880525974638141,"6,7,9,11,13,15,36,56,72,76,78,93,94,96,109,120,122,137,145,150,152,154,155,161,165,168,175,187,188,192,200,215,217,223,224,236,237",0.26253603227290423,"6,11,56,72,96,110,122,152,154,156,192,200,215,217,223,236,237",0.12270015635124923,"6,11,72,96,122,145,154,192,200,215,217,223,237",2.2034265723039597,"122,192,223",0.09306931131251747,"122,192,215,217,223",0.09280581855219047,"122,192,215,217,223"
41,1.1862480033398952,"9,31,34,42,53,58,60,70,72,87,88,91,116,127,138,144,147,155,163,182,183,196,211,216",0.03363208610314147,"34,72,80,87,88,91,183",0.03450144099701057,"3,4,34,72,80,84,87,88,91,144,182,183",1.0627086845438642,"34,72,87,183",0.022559568817009632,"34,72,87,91,183",0.022758394556050512,"34,72,87,91,183"
42,1.138182655531673,"21,51,55,61,64,72,75,92,93,94,95,99,102,110,124,140,145,163,174,195,197,205,214,219,231,232,239,248",0.11447903663779348,"95,110,205,232,248",0.12975210894089664,"64,72,95,110,195,205,232,248",9.402486812957248,"95,232",0.11592484126603679,"95,110,205,232,248",0.11525106150295297,"95,110,205,232,248"
43,0.4159972628128877,"1,33,42,43,74,88,95,111,120,121,122,134,144,145,152,165,175,179,203,206,209,211,222,234,241",0.17850691022580017,"45,111,122,144,152,165,175,209,211,222,241,249",0.17214071170575238,"43,45,111,122,144,152,165,175,209,211,222,241,246,249",1.2044494394180931,"122,144,152,241",0.12025326380194998,"122,144,152,175,241",0.11981210534658461,"122,144,152,175,241"
44,0.5571924076822222,"9,23,34,43,60,68,70,81,83,92,106,118,125,131,141,153,154,170,173,174,182,229,232,239,242",0.08412634957752428,"70,141,153,174,242",0.10974884065937072,"70,141,153,174,229,242",5.138227516910189,"141,174,242",0.08409862238334401,"70,141,153,174,242",0.08414521653279636,"70,141,153,174,242"
45,0.2886606901021753,"3,27,28,44,50,67,84,101,110,112,130,145,167,221,231,233",0.05958248279541193,"3,27,101,103,110,130,221,233",0.13414094243456934,"3,27,101,110,221,233",0.054007796325320705,"3,27,101,110,233",0.05456805903707674,"3,27,101,110,233",0.05403185012706152,"3,27,101,110,233"
46,0.5781338097131526,"27,31,57,93,97,125,130,142,147,160,163,164,169,183,189,207,208,214,221,226,228,236,240,244",0.0693515257021725,"27,160,208,236,240,244",0.07512210202921597,"27,160,208,228,236,240,244",4.941377831491323,"160,208,240",0.0670208279159706,"27,160,208,240,244",0.06684453391419226,"27,160,208,240,244"
47,0.3201232436201609,"40,60,61,63,72,81,86,91,131,150,166,183,190,192,209",0.06898020521781291,"91,131,150,166,183,209",0.09365861944732413,"40,56,60,61,72,81,86,90,91,131,150,153,161,166,183,185,209",2.117373059880556,"131,166,209",0.06450807269247845,"91,131,150,166,209",0.06498027281983541,"91,131,150,166,209"
48,0.7633060151775992,"37,38,70,75,78,94,98,124,140,152,154,176,212,219",0.09622217390348822,"20,24,38,53,70,75,98,154,212,219",0.1458089505924507,"4,20,24,38,40,53,54,70,75,78,84,94,98,124,140,154,176,178,185,188,205,212,219,242",2.1399678596293303,"38,98,212",0.0653943007429337,"38,75,98,212,219",0.06647841026599992,"38,75,98,212,219"
49,0.7626394066126715,"17,18,23,27,29,43,55,56,62,66,67,71,98,112,117,149,152,154,157,168,170,173,180,184,193,197,200,202,205,206,207,212,231,236,237,245,247",0.08705592434752821,"17,23,149,152,200,205",0.0836699532949625,"17,23,43,56,142,149,152,193,200,205,231,237",1.0467773015934472,"23,149,200,205",0.284359255551387,"17,23,149,152,200,205",0.2764526458017988,"17,23,149,152,200,205"
50,1.1876835012689144,"8,18,19,20,28,50,56,83,126,136,140,147,151,158,171,172,174,181,183,192,197,200,202,205,209,211,227,236",0.10601891617539612,"18,19,151,172,174,181,201,202,209",0.12406475736462966,"18,19,28,44,138,151,171,172,174,181,195,201,202,209",3.7677351075820757,151,0.09068187809992606,"18,19,151,181,209",2.967720278933838,"151,209"
51,0.4902564693719986,"34,42,64,67,72,76,115,118,124,129,138,164,172,198,203,217,236,240",0.11910132300829834,"76,118,164,172,198",0.17763556628620428,"29,34,38,52,72,76,98,115,118,138,144,164,172,189,198,217,236,240,241",0.13323866140918952,"76,118,164,172,198",0.13469207965289726,"76,118,164,172,198",0.1344997580964498,"76,118,164,172,198"
52,0.5339725750133921,"2,9,22,56,68,72,74,75,76,87,97,102,103,113,117,136,139,145,147,148,164,166,182,186,201,225,227",0.10282541404402666,"2,56,72,97,102,164,182,225",0.114817734290582,"2,56,72,75,89,97,102,164,182,225,227",1.23560518868079,"56,102,164,225",0.09225653448649539,"56,72,102,164,225",0.09233801148007983,"56,72,102,164,225"
53,1.4289354104433114,"7,8,74,87,116,122,127,159,187,192,200,201,205,215,224,225,230,239",0.33008410013602024,"8,116,159,200,225",0.3077348184275952,"7,8,93,116,118,122,127,159,173,178,187,200,205,215,224,225,230,239,247",1.1464472596207134,"116,159,200,225",0.13949798720914264,"8,116,159,200,225",0.14348027642553723,"8,116,159,200,225"
54,0.6482565678922869,"1,26,46,58,79,81,113,124,143,156,200,201,213",0.06004492060829601,"46,58,81,156,200",0.07121448292313155,"46,58,81,156,200",1.0670121213123436,"46,58,81,200",0.06011309099155346,"46,58,81,156,200",0.1548582638644465,"46,58,79,81,156,200"
55,1.105560928829886,"14,15,17,18,19,25,44,47,49,70,75,77,80,91,96,108,113,119,122,129,138,145,152,156,160,162,165,187,191,213,231,232,235,236,239,249",0.10909076761394462,"49,80,96,122,152,169,181,191,235,236",0.10966454431619393,"14,44,49,69,77,80,96,122,152,169,181,191,235,236",2.9820276395830008,"122,152,191,231",0.0926307667739939,"80,96,122,152,191",0.2682484998310353,"80,96,122,152,191,231"
56,0.6175738237579729,"27,33,34,43,44,47,61,66,69,82,90,91,95,101,112,115,121,126,131,139,156,159,163,166,168,181,205,208,209,211,215,226",0.06888025903405151,"69,82,101,112,115,121,126,205",0.1001504020717628,"33,61,69,82,90,101,112,115,121,126,156,166,205",1.0459083811042547,"82,112,115,205",0.040711821455358746,"82,101,112,115,205",0.040190157192123065,"82,101,112,115,205"
57,0.6284565762354473,"7,65,70,74,90,99,128,136,141,147,156,161,175,207,234,238,242,248",0.09881145035467932,"136,147,156,234,238",0.10270293224123676,"16,90,136,147,156,234,238",1.2314654504725082,"136,147,156,238",0.09847097889929447,"136,147,156,234,238",0.09881153899577876,"136,147,156,234,238"
58,0.7960123976755131,"0,14,23,28,30,46,48,66,136,140,169,191,215,217,235,240,244",0.10033146264499208,"0,46,48,136,140,191",0.12636023379713188,"0,46,48,123,136,140,191,215,240,248",2.3143478236171036,"0,46,191",0.08145350925990832,"0,46,48,136,191",0.0801543455279118,"0,46,48,136,191"
59,0.8366378446973654,"5,23,27,76,82,91,105,163,169,171,186,194,196,197,202,208,226,237,244",0.05488989373503215,"27,76,105,186,226",0.05469567207579517,"27,76,105,171,186,226",2.747043150110452,"76,105,186,237",0.054937592939199996,"27,76,105,186,226",0.05482217218004654,"27,76,105,186,226"
60,0.2802302383914633,"13,20,23,33,35,45,51,63,67,73,97,144,152,167,169,175",0.07672071373989575,"23,33,67,152,169,175",0.08383501621851444,"20,23,33,63,67,107,152,169,175",1.1572214235376863,"23,67,152,175",0.0714784724889059,"23,67,152,169,175",0.07075374878705895,"23,67,152,169,175"
61,0.3681315189528418,"7,38,51,70,86,142,168,170,171,177,195,199,225,234",0.027586421848959285,"7,51,70,142,168,171",0.03344165678528884,"7,51,70,83,103,142,155,168,171",2.2859109668748334,"70,142,171",0.02794782468153167,"7,51,70,142,171",0.027641001059825688,"7,51,70,142,171"
62,0.3329476025279984,"6,7,13,23,28,35,54,87,115,131,132,145,164,167,168,170,249",0.16384781745972116,"6,87,115,167,249",0.17637770283710794,"6,7,23,54,87,106,115,145,167,249",1.1617924600921639,"87,115,167,249",0.16304162804066927,"6,87,115,167,249",0.16389221595310036,"6,87,115,167,249"
63,0.5903911260248008,"15,42,44,47,82,88,102,117,130,139,144,148,160,168,189,197,204,213,216,226,245,248,249",0.11717351439913891,"88,130,148,168,213",0.11717349296836198,"88,130,148,168,213",0.11647735553754021,"88,130,148,168,213",0.11693360489895432,"88,130,148,168,213",0.11709728716307072,"88,130,148,168,213"
64,0.621606546159946,"0,19,28,43,82,87,91,93,96,104,118,126,127,128,185,210,223,227,228,233",0.04990809108645378,"82,96,118,127,223",0.05136230603252275,"82,96,118,127,223",2.0300434737222983,"118,127,223",0.050046464984055176,"82,96,118,127,223",0.04945256264874463,"82,96,118,127,223"
65,0.6296808724368267,"0,1,19,42,58,78,81,100,111,131,143,145,159,167,187,188,195,201,207,215,229,240",0.10375076596297475,"58,143,187,195,215",0.11551786568309333,"58,143,145,162,187,195,215",1.1267609251925181,"58,143,195,215",0.10052166099859221,"58,143,187,195,215",0.09974837911322229,"58,143,187,195,215"
66,0.38429077106256204,"30,48,49,55,74,105,130,133,146,180,191,222,233,237,248,249",0.009517935227855774,"30,48,49,55,74,130,222,237,248",0.017103482403262746,"30,48,49,55,74,130,180,191,211,218,222,237,248",2.0537599080148943,"130,222,248",0.007436298820596522,"48,55,130,222,248",0.007114790588923859,"48,55,130,222,248"
67,1.6884056201342257,"2,19,29,38,52,56,58,59,72,74,87,96,106,127,146,154,156,163,169,170,175,179,180,187,200,201,213,219,228,235,243,247,249",0.2300929344555563,"163,180,200,228,247",0.23967223977522434,"110,163,179,180,200,228,247",2.020844855407336,"163,180,228",0.11430704014398824,"163,180,200,228,247",0.11633879215923375,"163,180,200,228,247"
68,0.4318192876486264,"3,5,11,12,35,53,67,87,93,127,140,183,196,212,248",0.062439673273705705,"3,5,67,127,212,248",0.05967903725023556,"3,5,67,87,127,212,248",1.1543840047580884,"3,5,67,212",0.05151813775532352,"3,5,67,212,248",0.1674055344799527,"3,5,67,87,212,248"
69,0.9461092850886216,"2,10,12,33,48,49,59,64,70,72,74,78,79,81,87,90,109,118,119,129,144,160,164,185,192,194,198,226,246",0.1850537013293564,"70,79,87,105,109,118,160",0.17288716607219898,"33,70,79,87,105,109,118,160",9.443282060956745,"79,160",0.13667612637020274,"70,79,87,118,160",0.1358968848652526,"70,79,87,118,160"
70,0.6218892630652442,"2,26,40,51,85,95,115,135,153,160,165,195,196,230,234",0.09787538546217761,"115,135,160,165,195,196",0.09708241535294225,"26,56,85,95,115,135,160,165,195,196",2.1855774296726618,"115,135,160",0.08805870172966763,"115,135,160,165,195",0.08803483818698572,"115,135,160,165,195"
71,0.40232698829867536,"1,47,56,70,71,82,88,102,130,137,139,159,195,212,225",0.16678759851040498,"56,71,82,139,212,225",0.17659384984599472,"56,71,82,137,139,159,212,225,236,242",0.15595923975698378,"56,71,82,139,212",0.16027246047341176,"56,71,82,139,212",0.1601092316319442,"56,71,82,139,212"
72,0.7850566773269252,"4,12,13,25,81,86,98,120,130,140,152,157,171,175,194,196,214,221",0.1463017750223411,"4,25,98,152,157,196",0.12634174308675125,"4,6,13,25,98,105,118,152,157,171,196,221,230",3.1512346761162076,"157,196",0.10120897014345011,"4,25,98,157,196",0.10078124151427294,"4,25,98,157,196"
73,0.5972611349236483,"14,32,41,45,83,92,96,103,110,131,137,158,163,185,192,200,205,226,229",0.14218276486444922,"41,83,92,96,103,163,226,229",0.23526796348909665,"41,83,92,96,103,158,226,229",1.1563686664573893,"83,96,103,229",0.13720028734874073,"83,96,103,226,229",0.1370464276635343,"83,96,103,226,229"
74,0.31713256952308166,"7,18,38,41,47,70,75,88,101,105,113,155,156,158,207,218,223,226,241,244",0.05056503050076746,"7,38,70,88,101,158,223,226,244",0.05060213591794107,"7,38,70,88,101,158,223,226,244",1.05210893636337,"38,88,101,158",0.05164945202901566,"38,88,101,158,223",0.05165105570575252,"38,88,101,158,223"
75,0.5420376430794034,"0,10,26,31,65,77,86,91,100,102,104,110,113,151,167,179,182,184,188,207,220,222,236,244",0.09891780812328631,"10,26,31,86,110,188",0.15550645263995266,"0,10,26,31,36,52,77,86,91,100,110,151,182,184,188,244",0.10296988598087026,"10,26,31,86,188",0.09759655033976065,"10,26,31,86,188",0.0987057125683298,"10,26,31,86,188"
76,0.21769637961670474,"16,32,66,67,72,78,82,95,97,119,125,140,148,158,164,187,194,199,203,224,228",0.10730215448974136,"32,66,72,78,82,119,125,148,194",0.12695242063564938,"32,56,66,72,78,82,119,125,143,148,164,194,203",1.3755806412050275,"66,78,82,148",0.06978819223704752,"66,78,82,119,148",0.06963299704880825,"66,78,82,119,148"
77,0.8812327393186231,"7,17,28,30,41,43,45,51,54,56,60,66,67,80,88,90,104,116,117,118,135,150,155,157,168,172,182,186,188,193,196,206,207,217,222,239,240,243",0.11478282370888754,"28,41,56,67,206,213,222,239",0.11304308677983406,"28,35,41,45,54,56,60,67,118,134,136,206,213,222,239,241",3.9645619281284175,56,0.27368924126728417,"28,41,56,206,222,239",0.27609497020337304,"28,41,56,206,222,239"
78,0.5553891757405512,"1,14,27,52,65,66,68,70,93,99,110,111,136,157,166,173,182,186,190,193,196,199,222,230,247",0.05076932253173535,"27,52,68,157,166,182,190,193,230",0.07959635590615732,"1,27,38,52,68,81,102,111,150,157,166,182,190,193,196,199,230",1.0841466817745335,"27,157,193,230",0.036630572601649064,"27,52,157,193,230",0.03664772124768476,"27,52,157,193,230"
79,0.4689069667969973,"6,16,18,38,48,58,62,65,66,71,80,84,91,149,164,170,173,177,179,180,188,197,198,228",0.05998874269914357,"62,84,91,180,197",0.06892812503834476,"62,84,91,180,197",1.1383349642407725,"84,91,180,197",0.05991388058143309,"62,84,91,180,197",0.06009299959501614,"62,84,91,180,197"
80,0.6905277921134104,"6,8,14,19,22,38,39,43,51,57,61,72,83,87,94,110,118,128,132,138,156,191,199,202,221,226,232,233,239,245,248",0.18455829526545797,"51,61,118,128,202",0.20175836813594566,"51,61,72,118,128,202,226,232",1.1678241305439747,"51,61,128,202",0.15934047391080106,"51,61,118,128,202",0.15756779287678824,"51,61,118,128,202"
81,0.5093194868640067,"2,5,22,24,67,80,83,104,108,117,128,144,160,184,208,212,226,229,231,241,247",0.06535202896991173,"2,5,80,128,208,241",0.07887738342003642,"2,5,24,55,67,80,128,208,231,241",2.0669004861047777,"80,208,241",0.24526142914359753,"2,5,80,128,208,241",0.04992827922404602,"2,80,128,208,241"
82,0.671149038122505,"3,5,13,21,34,36,37,65,71,77,83,86,113,116,121,167,174,180,185,188,189,197,199,216,217,227,235,249",0.11086731208603723,"3,5,13,37,71,77,86,174,197,217",0.08024334312400175,"3,5,13,37,71,77,86,121,146,174,197,217",1.2589552978882634,"3,13,37,86,189",0.02463220042968184,"3,13,37,86,217",0.023975679214497947,"3,13,37,86,217"
83,0.6277492621791683,"1,11,15,26,47,48,54,72,74,85,87,93,112,113,134,145,159,161,163,173,190,191,197,200,206,216,220,221,226,233,234,238,243",0.20063901798309883,"15,72,145,159,163,173,220",0.28493784439381503,"1,11,15,72,74,85,145,159,163,173,180,190,200,206,213,220,227,238,243",1.083058817648141,"159,163,173,220",0.11337453531317059,"15,159,163,173,220",0.1027322183127132,"15,159,163,173,220"
84,0.2826370766168609,"14,21,23,26,37,38,50,59,81,98,117,144,148,177,184,200,204,239",0.12493902844881558,"21,23,38,50,59,117,137,177,200",0.1034138059879611,"21,23,38,50,59,117,177,200",2.0059639656203623,"21,50,200",0.1019228560333248,"21,38,50,59,200",0.1023545207151428,"21,38,50,59,200"
85,0.739461772553489,"28,34,40,68,69,77,142,149,176,186,202,211,214",0.03231286436832698,"34,68,142,211,214",0.02899673507002526,"34,68,142,211,214",1.0217536125264552,"34,68,142,211",0.03209584951839389,"34,68,142,211,214",0.1107823576466966,"34,68,69,142,211,214"
86,0.5359470258568467,"1,6,17,19,21,23,40,45,55,63,78,84,96,110,114,120,136,137,154,173,195,199,217,220,222,232,233,236,237,238,243",0.1666887750940674,"6,17,63,96,173,236",0.18030974204482592,"6,17,55,61,63,84,96,120,136,173,183,202,236",2.1545579093890357,"6,17,96",0.15185003272301167,"6,17,63,96,173",0.15215449906384634,"6,17,63,96,173"
87,0.7863209784575047,"18,34,52,53,80,85,91,114,133,137,138,154,176,213,226,228,231,244,246",0.16419792299697436,"18,34,52,85,138",0.17851394055017947,"18,34,52,85,91,114,137,138,154,202",0.16394462288789327,"18,34,52,85,138",0.1632743208090751,"18,34,52,85,138",0.1639036056014307,"18,34,52,85,138"
88,0.9320845437167672,"4,5,8,22,32,40,42,47,56,59,72,82,91,92,98,101,108,109,118,122,129,133,146,158,173,176,191,195,201,220,221,227,234,236,239,244",0.05694323830604201,"8,59,92,195,234,239",0.08123152631418754,"5,8,32,59,91,92,109,122,195,209,226,234,239",2.1452495879695106,"195,234,239",0.055928315294829146,"8,92,195,234,239",0.05563208013697001,"8,92,195,234,239"
89,0.6285397315552073,"0,7,8,9,11,18,22,38,40,55,78,79,83,92,94,101,102,110,131,133,134,139,148,151,176,190,191,194,202,216,222,226,238,242,245,247",0.13540106238802327,"9,55,101,151,216",0.12889920222105286,"9,14,22,55,101,102,151,191,216,238,242",2.1496478887393424,"9,101,151",0.10880866194643647,"9,55,101,151,216",0.10888005605206226,"9,55,101,151,216"
90,1.213028280030032,"0,1,3,10,16,52,82,97,100,106,118,123,129,136,145,146,156,162,165,189,200,223,236,244,247",0.08404129707029133,"1,3,97,123,136,141,145,162,200",0.08104612250039502,"1,3,88,97,106,123,136,141,145,162,200,243",3.0810298006899686,"1,3",0.0321078160842004,"1,3,123,136,145",0.22358693579904115,"1,3,100,123,136,145"
91,0.8253054143999552,"10,22,25,54,77,115,126,133,137,178",0.07221216941844094,"10,22,25,54,133",0.0722121694181823,"10,22,25,54,133",4.1995419418636315,"10,22,25,133",0.07163213756629289,"10,22,25,54,133",0.07220407054815135,"10,22,25,54,133"
92,1.1513895889530354,"0,4,5,12,17,20,23,27,31,33,52,57,67,72,87,90,94,111,115,153,185,193,197,200,245",0.05904577608415269,"0,4,20,23,52,57",0.07363271756870736,"0,4,20,23,52,57,94,106,153,197",2.897023257105759,"4,52",0.03737789496516558,"0,4,23,52,57",2.886832124108195,"4,52"
93,0.45522914299020345,"0,7,38,52,79,100,108,115,117,133,163,167,180,209,216,217,235,244",0.12180490388587305,"79,108,167,180,217",0.07692422599215787,"5,8,38,79,108,117,145,167,180,217,235",3.1008700969441407,"180,217",0.06910202569914366,"79,108,167,180,217",0.06867921085883308,"79,108,167,180,217"
94,0.8722725997311661,"4,7,14,17,18,36,46,49,51,52,62,66,71,77,80,94,97,104,111,115,120,131,149,150,151,152,167,177,181,197,202,219,224,228,237,248",0.4652618098298679,"14,17,49,51,111,150,152,167,197,219,248",0.22008903651859776,"14,17,49,51,111,150,152,167,197,219,248",2.160832800865102,"111,167,219",0.12575371009022868,"111,167,197,219,248",0.12588696043660258,"111,167,197,219,248"
95,0.5004222763718658,"12,19,33,34,60,70,73,78,85,93,106,118,133,140,143,145,146,149,205,206,221,225,230,238",0.2107843786076005,"12,34,70,106,118,140,145,225,238",0.16643023175367755,"12,19,34,70,106,118,140,143,145,205,206,215,221,225,238",2.2065733087410893,"12,70,145",0.09667399238848363,"12,34,70,140,145",0.09630699567910185,"12,34,70,140,145"
96,0.7178813266122401,"12,25,26,51,55,59,68,90,118,120,138,146,151,164,175,182,185,187,191,241,248",0.321370349670995,"12,26,45,55,59,138,146,161,164,175,187,191",0.21290478742881289,"12,26,38,55,59,138,146,161,164,187,191",2.0616880912639606,"55,59,146",0.10081690003114992,"12,55,59,146,191",0.10067720806275092,"12,55,59,146,191"
97,0.4653903106265803,"4,11,16,20,25,37,45,69,72,80,85,110,111,114,115,117,123,140,149,158,181,194,217,222,227,237,242",0.10349678061266199,"16,111,114,149,242",0.10349678061252064,"16,111,114,149,242",0.1105269742746987,"16,111,114,149,242",0.10351813673288171,"16,111,114,149,242",0.10302742654755795,"16,111,114,149,242"
98,1.0793287187818097,"13,25,30,51,68,71,78,79,84,89,90,91,112,132,134,176,183,192,193,199,210,212,242",0.15637168333283732,"51,78,84,132,183,193,199",0.17302222380535642,"30,51,71,78,84,89,91,106,132,140,176,183,189,193,199,210,212,228",1.2006252240408466,"51,132,193,199",0.14055817246033,"51,84,132,193,199",0.14034359604505778,"51,84,132,193,199"
99,0.34442998947775877,"2,3,13,17,54,68,69,72,86,89,94,95,99,111,125,135,156,165,166,184,187,190,201,205,208,213,214,217,229,234,248",0.19748758754035764,"2,111,184,205,217",0.17344436187083279,"2,99,111,184,205,217,234",0.1347337015679441,"2,111,184,205,217",0.1385308654844112,"2,111,184,205,217",0.13682498661433085,"2,111,184,205,217"
100,0.8467797166722412,"8,22,44,141,179,180,194,204,232,239",0.04622194700844366,"8,179,204,232,239",0.050162265396885834,"4,8,14,37,43,68,75,86,165,179,204,232,239,240",2.077284117228565,"179,204,239",0.030708468385357023,"8,179,204,232,239",0.031242745899205053,"8,179,204,232,239"
101,0.3218850628716401,"20,31,36,39,40,51,62,88,103,134,150,153,185,215,216,220,236",0.059652719711609944,"20,36,134,216,220",0.08741451497816145,"20,36,134,216,220",0.06208860038218504,"20,36,134,216,220",0.05981150843008419,"20,36,134,216,220",0.059616380933308295,"20,36,134,216,220"
102,0.5249813944716596,"19,47,49,53,68,79,108,114,119,125,127,131,144,165,168,170,186,210,213,219,221,226,231,246",0.12171605156327002,"79,108,186,213,246",0.12569159185726841,"79,96,108,186,213,246",3.1315919535050405,"79,186",0.12820119023991627,"79,108,186,213,246",0.12175548797044587,"79,108,186,213,246"
103,0.9613232603211646,"32,52,88,112,129,131,138,144,155,163,165,168,171,174,205,206,208,211,239,242",0.08472569156257775,"52,88,138,205,208,211,239",0.09980891617390668,"48,52,85,88,129,138,152,155,163,203,205,208,211,239",4.119654712284017,"52,205,242",0.033787960341080475,"52,205,208,211,239",0.1806947550508861,"52,205,208,211,239,242"
104,0.5320321748057384,"10,31,39,52,64,67,90,122,125,129,135,137,139,157,165,167,186,194,249",0.002516901272565694,"64,90,135,186,194",0.06571081193313354,"7,42,47,50,64,90,100,122,125,135,137,157,165,186,194,248,249",1.085721006244172,"64,135,186,194",0.0024282770605748337,"64,90,135,186,194",0.0025216284994971573,"64,90,135,186,194"
105,0.3556329515827318,"3,4,54,74,111,125,140,144,178,182,228",0.02209225997352845,"111,125,140,178,228",0.02233940896808896,"74,111,125,140,178,228",0.02528304188086726,"111,125,140,178,228",0.025537955584112353,"111,125,140,178,228",0.02472360434559505,"111,125,140,178,228"
106,0.7845068801827173,"17,24,31,43,76,82,85,89,112,114,117,121,129,132,144,145,150,151,152,164,166,177,181,186,190,192,198,200,202,205,206,210,216,225,229,241,242,244,245,248",0.13240488114180196,"76,85,112,181,186,225,241,244",0.15722645344156683,"76,85,112,117,152,177,181,186,202,207,225,229,241,244",4.862250513691618,"43,112",0.06749823632620879,"85,112,181,186,225",0.11293054266678974,"43,85,112,181,186,225"
107,0.6250412627884314,"7,20,22,41,42,62,88,96,103,109,122,132,136,140,148,168,185,201,226,241",0.07852171377740644,"20,42,62,88,103,122,136,201,226",0.08181423443936645,"20,42,62,88,103,109,122,136,144,185,201,223,226",0.17167218993353336,"42,62,88,122,226,241",0.05458517376450201,"42,62,88,122,226",0.15693083377370176,"42,62,88,122,226,241"
108,0.8361051054872112,"0,6,34,49,50,53,54,81,100,103,108,117,142,150,158,171,188,194,208,221,224,230,231,240,243",0.18667767407552277,"6,49,50,53,208,224,230,240,243",0.15207697069884812,"6,49,50,53,112,171,208,224,230,231,240,243",2.392747316408056,"49,50,53",0.3253294103034341,"6,49,50,53,240,243",0.3245196021353885,"6,49,50,53,240,243"
109,1.2368579540749773,"1,34,42,49,53,64,72,80,94,96,101,109,128,132,135,136,142,144,151,165,173,182,190,194,201,207,209,213,219,222",0.08057241226392785,"109,151,165,173,219,222,229",0.11143329715479076,"14,16,18,28,34,69,72,99,101,105,109,129,151,155,165,173,182,219,222,229",3.215514524813445,"109,151",0.07362115433038664,"109,151,165,219,222",0.07323396241738209,"109,151,165,219,222"
110,0.6802377474293512,"22,23,39,67,76,78,80,85,87,95,97,100,127,151,162,163,165,171,188,192,203,213,222,237,241,244",0.02261205257502474,"39,80,162,213,237",0.037552318239575284,"6,39,62,80,162,163,192,203,213,222,237",2.0893656453298104,"39,162,237",0.022445823407168386,"39,80,162,213,237",0.022550213888352474,"39,80,162,213,237"
111,0.7829440296496631,"9,22,30,33,35,41,42,63,73,75,87,88,89,98,115,135,144,190,195,197,212,216,221,222,223,225,227,228,239,247,248",0.07847553510249324,"9,41,75,88,223",0.10959443372924761,"9,41,73,75,88,144,223",5.361513921613805,"9,75,88",0.08651554280490874,"9,41,75,88,223",0.08679769359908775,"9,41,75,88,223"
112,0.910931573214378,"0,8,10,16,23,24,27,28,30,33,34,40,47,49,55,72,84,94,95,108,124,131,133,141,156,174,179,191,193,196,202,206,207,218,223,239,244",0.06806962746901446,"0,30,40,179,193",0.05190683601765743,"0,30,40,174,179,193,216,218,244",1.1241174207630182,"30,40,179,193",0.033909289189710784,"0,30,40,179,193",0.03388195467391968,"0,30,40,179,193"
113,0.8308576776097677,"32,44,46,47,56,58,62,70,72,87,88,92,100,153,156,157,163,205,214,229,232,242,249",0.10437395426259186,"44,46,47,58,92,105",0.1051060962472082,"44,46,47,58,92",0.1080719601566205,"44,46,47,58,92",0.10528704059925593,"44,46,47,58,92",0.1051210823806661,"44,46,47,58,92"
114,0.5912158335668255,"8,14,21,45,55,56,62,66,87,90,97,98,101,103,109,118,120,125,129,131,134,136,149,153,155,164,176,184,185,189,192,196,197,199,202,219,223,226,227,242,249",0.1252800931487494,"109,118,192,196,242",0.13021376975466267,"28,45,66,98,101,103,109,118,149,153,192,196,223,227,242",2.2210169162420024,"109,118,196",0.11412107499428413,"109,118,192,196,242",0.11438505814460408,"109,118,192,196,242"
115,0.6784405947845468,"19,57,83,85,105,116,142,167,174,207,216",0.11159715923370372,"19,85,116,167,216",0.09743809343936659,"19,36,57,85,116,167,216,239,248",2.0113856212152648,"116,167,216",0.07589267996960113,"19,85,116,167,216",0.0765418846881631,"19,85,116,167,216"
116,0.3858314401118834,"20,34,47,68,77,79,98,109,112,119,133,184,190,216,225,226,248",0.06475781293646281,"20,47,77,133,184",0.06418180079914555,"20,47,77,133,184",1.0650361755305486,"20,47,77,184",0.07043303831146666,"20,47,77,133,184",0.0705725529393483,"20,47,77,133,184"
117,1.0418120601978895,"0,4,5,15,41,47,51,52,58,59,70,75,92,94,100,108,113,117,137,140,141,173,183,188,192,203,213,215,237,240,243",0.179456637402247,"4,51,113,140,141,237,240",0.1805593082432214,"0,4,15,47,51,92,94,113,140,141,183,188,192,230,237,240,243",2.4290278288159834,"4,140,141",0.13459240226192448,"4,113,140,141,237",0.13428860489439773,"4,113,140,141,237"
118,0.6315804162245643,"93,95,107,119,126,133,147,150,152,159,185,188,192",0.21012237366784361,"93,119,133,147,150,185",0.2010630577101617,"93,95,107,114,119,133,147,150,185",2.4173832469297487,"119,133,150",0.32557101309326253,"93,119,133,147,150,185",0.32835576253161275,"93,119,133,147,150,185"
119,0.8456766569212736,"7,10,19,20,22,31,37,49,52,56,68,81,118,136,158,164,165,191,199,201,210,239,240,245",0.04632758919957308,"22,68,118,191,239",0.05396104160597982,"19,20,22,37,68,81,118,165,191,236,239",2.189073582012237,"22,68,239",0.04582246762959629,"22,68,118,191,239",0.04341596000885127,"22,68,118,191,239"
120,0.6863857360845149,"52,54,66,82,83,137,146,160,165,174,214,221",0.14551568615472613,"52,54,82,83,160,174,221",0.12952560726700096,"23,52,54,82,83,137,146,160,165,174,199,221",3.1958119638822655,"54,83",0.10473065788403596,"54,82,83,160,174",0.10454034897883042,"54,82,83,160,174"
121,0.6079788685605929,"7,8,10,35,36,52,65,71,72,75,80,89,96,122,123,137,148,164,181,188,196,197,206,220,224,226,229,234",0.18898012706548628,"52,75,80,137,188,226,234",0.1344978336395475,"10,52,65,75,80,96,129,137,188,197,220,226,234",2.394360967032905,"80,188,226",0.3489078403572984,"52,75,80,137,188,226",0.35491711623119493,"52,75,80,137,188,226"
122,0.6562781079396909,"0,20,40,43,62,63,73,86,110,113,116,123,144,157,173,192,199,210,216,217,229,247",0.04460050903031873,"43,110,173,192,229,247",0.07606261235104578,"43,110,173,192,229,247",10.419749775800822,"43,110,247",0.04303425597806161,"43,110,173,192,247",0.042493273813065995,"43,110,173,192,247"
123,0.4990540324526557,"16,37,48,62,78,95,100,111,121,126,147,156,158,172,200,211,235,241,247",0.04846677975803927,"16,48,62,111,156,247",0.06806935078427295,"16,48,62,111,121,147,156,236,241,247",1.0256220065932287,"48,62,111,156",0.025817679769231085,"48,62,111,156,247",0.02559546428788926,"48,62,111,156,247"
124,0.565682273203729,"3,4,8,9,26,42,53,74,117,138,143,157,166,181,201,202,209,211,234,248",0.1281827070169035,"26,42,74,157,166,201,202,211,244",0.053681018413107975,"26,42,74,166,211",4.253815436038287,"26,74,166,211",0.24595829946248646,"26,42,74,157,166,211",0.24029167457063327,"26,42,74,157,166,211"
125,0.3784997540111915,"10,13,48,113,129,133,164,167,178,187,202,203,209,219,221,226,229,247",0.07507280704950302,"10,113,129,133,178,202,203,209,221,229,247",0.12372306392720264,"10,59,113,129,133,167,178,202,203,209,221,226,229,247",2.005024179601176,"10,209,247",0.05922528127725805,"10,203,209,229,247",0.05914900489504296,"10,203,209,229,247"
126,0.8627611864377119,"0,2,3,17,24,30,46,48,51,67,88,89,103,104,106,113,116,124,125,151,158,166,170,193,198,206,207,226,231,245,248",0.1914033456453875,"3,24,51,103,104,193",0.24448774520441713,"3,24,51,103,104,193",0.1130125627390722,"3,24,51,104,193",0.1281869474601291,"3,24,51,104,193",0.12692029020750317,"3,24,51,104,193"
127,0.4589565014523065,"1,7,29,36,45,47,53,58,62,65,67,79,93,105,112,126,133,134,140,147,181,182,203,213,223,226,234,246",0.20481420224054658,"7,29,53,93,105,133,134,181,203",0.2221942733355036,"7,23,29,53,89,93,105,133,134,181,203,223,226,233",2.2078264172491435,"7,93,181",0.15508693106981725,"7,53,93,133,181",0.15512894127063678,"7,53,93,133,181"
128,0.5131307886949419,"5,6,11,26,27,42,45,55,65,71,83,104,134,155,157,169,190,191,194,199,207,211,230,235,238,242,248",0.28271380910515326,"5,26,27,65,83",0.26310971705595043,"5,26,27,45,55,65,83",2.288341123544896,"26,27,83",0.2694785920915486,"5,26,27,65,83",0.27113206297363573,"5,26,27,65,83"
129,0.8207538053138675,"31,49,77,78,85,91,94,99,132,173,177,182,184,189,194,201,204,217,230,234,249",0.1451225995890855,"77,173,182,217,249",0.16170508589703425,"77,86,88,153,173,182,201,217,249",1.1142983300309728,"77,173,217,249",0.14574122817548044,"77,173,182,217,249",0.15605420577033766,"77,173,182,217,249"
130,0.3761193754354081,"8,26,29,33,56,59,61,112,113,120,131,132,141,159,166,169,170,181,203,204,213,245",0.11008070127148721,"26,59,112,113,141,245",0.10624949753350171,"26,56,59,112,113,141,159,166,245",0.08983823298360402,"26,59,112,141,245",0.0887217020706465,"26,59,112,141,245",0.08903101517135187,"26,59,112,141,245"
131,0.6240628605521323,"3,4,6,10,17,23,45,46,47,50,67,71,74,75,79,80,82,83,90,99,137,144,146,157,161,163,165,177,196,204,218,232,234,244",0.06447124922335801,"10,67,75,80,82,99,196,204",0.08469381635328209,"3,10,67,75,80,82,83,99,144,196,204,234",2.087063887771813,"67,75,204",0.06547708893535821,"67,75,82,196,204",0.06580710945314953,"67,75,82,196,204"
132,0.7409155782785745,"5,7,45,60,63,65,72,78,80,109,116,119,121,123,147,157,160,166,177,178,199,210,222,223,231,237",0.3648492082198114,"7,78,121,123,157,166,177,190,222,237",0.39824124635383507,"7,54,65,78,80,83,121,123,144,157,166,174,177,190,210,222,231,237",1.0853355047154818,"123,157,177,237",0.20636987123085762,"121,123,157,177,237",0.20724284093509682,"121,123,157,177,237"
133,0.5121155001429545,"41,59,104,115,127,131,156,184,188,194,202",0.11253136849313454,"41,59,104,115,131,194",0.18074569101870655,"7,40,41,44,46,59,95,101,104,115,127,131,155,156,171,194,202",1.0889218024872698,"41,59,115,194",0.03106800367485043,"41,59,104,115,194",0.031323351393867306,"41,59,104,115,194"
134,0.8965298995659341,"7,24,47,57,64,74,84,88,91,105,127,143,144,145,186,191,192,196,205,219,234,237,242",0.18574615324058705,"10,24,64,74,83,84,91,143,145,191,234,237",0.06651754185622342,"24,64,84,143,191,234,237",4.120060687633218,"24,64,191,237",0.06531507423711196,"24,64,84,191,237",0.0646575848095658,"24,64,84,191,237"
135,0.8123444124117309,"50,51,62,70,71,78,85,89,90,98,101,110,129,135,138,141,142,160,167,180,195,203,206,213,214,230,241,243,249",0.1350599668691735,"101,129,141,203,206,243",0.1482928952185614,"101,129,138,141,203,206,214,243",1.3403812334438767,"101,203,206,243",0.12236893591459422,"101,141,203,206,243",0.12283789039500244,"101,141,203,206,243"
136,0.5855746375235397,"49,61,123,161,183,195,221,231,241",0.15262818253196986,"49,61,195,231,241",0.15363843850489065,"49,61,195,208,231,241",0.14698954595231356,"49,61,195,231,241",0.15301848091832335,"49,61,195,231,241",0.15261120772256606,"49,61,195,231,241"
137,0.3145374537396264,"23,32,46,48,50,53,54,67,72,83,88,93,103,107,115,120,122,129,141,144,145,148,158,159,169,174,179,181,192,196,197,202,218,220,223,237,240,248",0.07454599124200646,"50,53,67,107,237",0.08749359108700673,"50,53,54,67,107,159,182,237",2.150584106094292,"53,67,107",0.07503174968294593,"50,53,67,107,237",0.07459114050696294,"50,53,67,107,237"
138,0.7688251498669908,"0,14,15,24,31,33,39,43,47,50,51,56,67,72,76,77,83,88,89,95,101,143,147,148,160,165,167,170,175,184,205,208,216,220,236,241,247",0.12951369059490617,"24,31,33,39,72,95,160,208,229",0.1568594485386761,"24,31,33,39,72,95,160,208,229",1.9858732715366636,"31,160,208",0.12106363402921716,"24,31,72,160,208",0.12110036028279224,"24,31,72,160,208"
139,1.0174845646412831,"4,14,22,23,25,43,45,49,53,62,72,75,86,105,117,132,139,141,146,149,167,174,176,184,190,193,200,207,209,213,219,220",0.16326000909163202,"22,25,62,86,117,139,146,193,207,209",0.15900825036688393,"14,22,25,43,45,62,78,86,117,132,139,141,146,149,174,193,195,207,209",1.119350111037087,"22,25,117,207",0.28254103234214734,"22,25,86,117,139,207",0.28199190151995135,"22,25,86,117,139,207"
140,0.3074777752341555,"3,9,20,28,59,65,78,89,105,108,114,115,122,145,150,162,192,193,197,206,214,232,234",0.16710145823352124,"28,105,192,193,234",0.1696338599112382,"28,105,192,193,234",1.119293364936654,"28,105,192,234",0.16787688157659694,"28,105,192,193,234",0.16735537428387398,"28,105,192,193,234"
141,0.20769776250107208,"1,21,32,95,100,101,117,146,186,188,231,233",0.09290543407169118,"1,21,100,117,146,184",0.10334301234339284,"1,21,100,117,146,184",1.200567389584458,"1,100,117,146",0.08588329586770185,"1,21,100,117,146",0.08548801420252018,"1,21,100,117,146"
142,0.6835238002399178,"20,24,25,30,47,48,74,83,100,105,135,145,147,150,152,163,169,171,179,190,200,207,228,239",0.08645823064829045,"48,83,169,228,239",0.07983881077590627,"48,80,83,105,114,143,145,147,152,163,169,207,228,237,239,244",1.125500820972397,"83,169,228,239",0.049982530034857885,"48,83,169,228,239",0.053185330516882845,"48,83,169,228,239"
143,0.5132552358210876,"10,12,32,70,84,87,89,105,108,114,117,128,135,157,161,162,168,174,183,189,202,210,243",0.09939347117976895,"84,89,114,189,202",0.10612798553894887,"78,84,89,105,114,117,162,189,202",1.2485349622163477,"84,89,114,189",0.09912620283788337,"84,89,114,189,202",0.09947058505867244,"84,89,114,189,202"
144,0.45616554254190456,"5,9,10,12,53,54,55,58,80,81,82,91,93,98,108,109,116,119,133,139,149,166,171,178,191,197,207,229,241,243,247",0.13002335226128361,"91,108,119,139,178,241",0.1319462946280936,"54,91,108,119,139,178,229,241",1.061663614728944,"108,119,139,241",0.0792639153351036,"108,119,139,178,241",0.0792921199907612,"108,119,139,178,241"
145,0.4655880311986599,"13,17,29,30,42,53,54,59,67,68,83,103,105,118,122,127,135,139,162,163,169,183,193,212,220,221,225",0.10313565479074814,"13,59,68,105,118,162,220",0.10968243178196162,"13,59,68,105,118,162,183,220",3.119226139765734,"59,68",0.21793699348080517,"13,59,68,105,118,220",0.219239695909311,"13,59,68,105,118,220"
146,0.5321967997260421,"1,34,36,48,53,59,73,77,92,98,108,109,110,113,121,158,163,165,168,169,170,174,176,188,220,226,239,241",0.15758680470303904,"34,73,113,121,163,169,170,174,188,239",0.1712118985276,"23,34,73,109,110,113,121,163,165,169,170,174,176,188,191,210,220,226,239",0.09554084829339783,"34,113,121,163,239",0.09185325404812682,"34,113,121,163,239",0.09223425873783242,"34,113,121,163,239"
147,0.6995087225686176,"8,26,62,92,115,119,158,159,182,185,206,210,218,236,245",0.1372019750908984,"62,92,115,119,158,190,206,210",0.192207114255306,"12,56,62,92,115,119,158,185,190,206,210,236",2.994332605343609,"115,119",0.10684701847990037,"62,115,119,206,210",0.10628852627543485,"62,115,119,206,210"
148,0.493068560847438,"7,8,14,21,61,87,111,120,125,140,151,153,166,173,201,236,244,246",0.03411663301903529,"111,120,140,166,201",0.03461129485009763,"21,111,120,140,146,166,201",1.1792641974987457,"120,140,166,201",0.03399116971674923,"111,120,140,166,201",0.034074699823553004,"111,120,140,166,201"
149,0.3844078051200656,"21,53,58,65,109,129,144,166,180,188,199,210,247",0.0658388722596393,"21,53,129,180,247",0.06583879691841632,"21,53,129,180,247",1.0625649281710148,"21,53,129,247",0.06766061300581218,"21,53,129,180,247",0.0661331560147032,"21,53,129,180,247"
150,0.8365950488101123,"17,30,42,53,56,82,113,130,135,156,177,186,188,196,225,226,237",0.07782319038366757,"53,56,130,177,188",0.08622726629724317,"53,56,130,135,177,181,188",2.1133197776557244,"53,130,177",0.07765981867582547,"53,56,130,177,188",0.07775793508507778,"53,56,130,177,188"
151,0.6961772982632869,"7,8,15,27,34,86,106,109,132,148,155,169,198,201,210,212,217,219,224,229,232,249",0.07508101072157673,"15,34,148,198,219",0.07508101072156714,"15,34,148,198,219",4.5466902042877075,"15,34,148,198",0.0752428808981451,"15,34,148,198,219",0.07537863094010874,"15,34,148,198,219"
152,0.29432515269218434,"22,23,33,48,75,76,81,83,101,110,174,175,179,217",0.1308259994237366,"23,33,76,83,175,179,217",0.12387541518209991,"23,33,76,81,83,175,179,217",0.10862018303668339,"23,33,83,179,217",0.1057614377956567,"23,33,83,179,217",0.10618564602661891,"23,33,83,179,217"
153,0.5054762024537617,"16,21,23,25,35,45,55,60,64,74,91,105,133,147,154,161,164,179,201,205,207,220,225",0.25639124893099213,"10,25,35,45,55,60,74,91,154,201,220,225",0.256360721035319,"0,10,23,25,35,45,55,60,74,91,96,147,154,158,161,177,179,200,201,217,220,225,231,247",3.218164698683075,"74,220",0.11941754566071597,"25,45,74,154,220",0.11932387709571253,"25,45,74,154,220"
154,0.9109639569673786,"3,6,7,26,32,36,50,58,61,62,66,74,76,81,84,95,96,97,115,121,139,159,198,200,219,226,233,249",0.048993480430428255,"61,62,95,96,139,159,181,198",0.05062991034132566,"36,61,62,95,96,139,159,181,198",2.0417054888582378,"61,96,159",0.02770141336955789,"61,96,139,159,198",0.027283605790450777,"61,96,139,159,198"
155,1.0742126356012403,"18,24,25,27,54,58,84,105,114,118,119,131,141,150,156,168,188,191,215,226,238,248",0.06352707041095876,"24,84,119,215,226",0.061724630349965795,"24,54,84,119,150,215,226",8.879611281689485,"84,226",0.06359276364922144,"24,84,119,215,226",0.20939920732951156,"24,84,119,188,215,226"
156,0.26749834418832635,"15,24,41,46,70,76,84,85,91,93,102,108,111,121,124,125,158,172,179,197,209,212,214,215,217,223,225,227,233,238",0.18731782825184476,"15,41,70,84,85,108,125,158,209,214,238",0.16584045990240867,"15,24,41,70,84,85,93,108,125,158,172,209,214,215,238",0.11125389257856584,"70,84,108,158,209",0.11180384056884551,"70,84,108,158,209",0.11125683487489661,"70,84,108,158,209"
157,0.7284635976380426,"17,22,29,31,39,46,47,51,63,76,88,104,109,111,116,129,131,138,139,147,149,157,162,184,187,190,193,194,202,205,207,209,211,212,245,247",0.16572931587777023,"76,116,147,205,207,209,212,247",0.24895896887521235,"76,116,147,149,193,205,207,209,212,245,247",1.1029121145467218,"116,147,209,247",0.1102733095811409,"116,147,205,209,247",0.10927087752010879,"116,147,205,209,247"
158,0.2195460133862997,"0,3,12,13,50,52,57,76,85,103,104,152,153,155,156,178,179,187,194,207,210,211,212,243",0.050255698450821985,"12,52,57,152,155",0.06602819530185107,"3,12,50,52,55,57,71,76,85,103,104,152,155,178,187,211",0.04876865100220584,"12,52,57,152,155",0.049735922462552914,"12,52,57,152,155",0.05018446821680006,"12,52,57,152,155"
159,1.1337390626275405,"16,19,21,34,42,46,51,68,71,82,87,88,105,114,118,136,149,156,179,180,188,191,210,212,221,226,229,244,246",0.12454994535055992,"51,71,191,226,246",0.12454852298159767,"51,71,191,226,246",20.162385409081477,191,0.12501371319233423,"51,71,191,226,246",0.12444893220693393,"51,71,191,226,246"
160,0.7908365841489815,"9,45,48,81,97,100,102,105,110,127,140,142,143,150,165,171,175,187,199,211,222,235,236",0.19089264091066577,"9,48,100,102,110",0.5360761380494827,"9,48,100,102,110",1.1698777401465195,"9,100,102,110",0.06620547046204672,"9,48,100,102,110",0.06767921105189374,"9,48,100,102,110"
161,0.6555064569736012,"0,5,12,24,34,70,71,75,86,94,95,108,112,142,146,151,156,171,181,183,184,192,203,205,207,218,246",0.1464677483437878,"75,86,108,142,171,181,207,218",0.11171096841205334,"10,75,86,108,113,142,156,171,181,183,192,207,218,245",1.079970502462643,"75,108,207,218",0.2595117985308544,"75,86,108,142,207,218",0.2561975123240671,"75,86,108,142,207,218"
162,0.8253625665665718,"6,11,28,47,54,66,70,71,75,76,84,101,103,124,131,133,134,160,162,165,172,198,202,212,223,226,230,233,235,245",0.09775355328849397,"162,172,198,212,223",0.07953822824745949,"28,33,47,54,75,101,131,133,160,162,172,198,212,223,230,249",2.0683602728487887,"162,172,198",0.05281053962556577,"162,172,198,212,223",0.051954719215112945,"162,172,198,212,223"
163,0.3102441247153477,"23,54,108,123,134,141,148,182,185,188,201,217,222,245",0.09836863993408994,"23,54,123,141,217,222",0.12254758848775592,"23,54,123,134,141,217,222,226,245",1.1006329125058405,"23,54,123,222",0.09288213009314533,"23,54,123,217,222",0.09231244665486557,"23,54,123,217,222"
164,0.19873788460930727,"8,20,45,46,59,80,86,116,180,181,183,184,187,190,200,218,230,249",0.21566443971936605,"20,59,190,218,249",0.21815951137067896,"20,59,190,200,218,249",0.2159366731206249,"20,59,190,218,249",0.21589250965683632,"20,59,190,218,249",0.2159862329412371,"20,59,190,218,249"
165,0.40559617598265163,"21,24,28,31,51,70,93,117,129,142,151,156,195,202,226,228,230",0.1420525348242361,"24,31,56,70,93,138,151,155,156,195,202,213",0.06381225285172223,"24,31,70,93,138,151,155,156,195,213",1.0915676851055007,"31,70,93,195",0.053116606705344606,"31,70,93,151,195",0.053034549727265255,"31,70,93,151,195"
166,0.8247257938088259,"6,9,16,28,55,100,102,110,113,123,129,135,153,155,175,191,194,201,204,216,221,226,237,249",0.27072592294707737,"16,100,102,110,135,175,204",0.2625377327349034,"16,49,55,67,72,100,102,110,123,135,155,166,175,185,191,204,227,233,237,249",1.3650723335273252,"16,102,135,175",0.43274154811067833,"16,100,102,110,135,175",0.11811792530240586,"16,100,102,135,175"
167,0.49836367996766007,"29,38,66,76,79,112,141,158,166,182,187,211,215,220,240,241",0.14722010883680253,"29,66,215,240,241",0.1390266456587126,"29,66,215,240,241",1.2664980085694777,"66,215,240,241",0.1481066353498589,"29,66,215,240,241",0.14721288986940909,"29,66,215,240,241"
168,0.28656353839881976,"27,31,48,52,63,81,84,114,145,146,153,159,185,195,243",0.09226119043946507,"63,81,114,146,153,159,195,231",0.05390291298173348,"63,81,102,114,146,153,159,195,231",0.02733885635817248,"63,81,114,146,195",0.030912672232010215,"63,81,114,146,195",0.030799342326937366,"63,81,114,146,195"
169,0.566880043437749,"36,39,41,44,48,52,83,97,106,112,113,115,119,122,136,144,146,158,162,168,172,173,185,197,198,199,201,203,204,220,226,227,236,238",0.1452247851914104,"36,52,83,97,146,158,203,226,236,238",0.1641461737423726,"34,36,44,52,83,97,99,146,158,168,173,185,198,201,203,204,226,236,238",1.993052530239837,"158,203,236",0.05770208957291734,"146,158,203,226,236",0.058395999555479305,"146,158,203,226,236"
170,0.35410443778737816,"10,11,33,37,42,46,47,57,68,78,79,128,134,135,145,146,147,153,163,166,167,182,191,198,222,223,227,234,246",0.09461761800072266,"47,79,167,182,198,223,248",0.07438104294074756,"47,79,103,135,143,147,167,182,198,208,223,234,248",5.5623061271423095,"79,182,198",0.2545701606157213,"47,79,167,182,198,223",0.25911593592833915,"47,79,167,182,198,223"
171,0.06243164527375386,"71,79,90,95,102,107,132,136,148,150,151,153,169,175,186,189",0.15004182838969832,"71,148,151,169,175,186",0.15313697237900742,"71,102,132,148,151,169,175,186",0.14141760743285273,"71,148,169,175,186",0.2346585000923466,"71,148,151,169,175,186",0.2364651896694859,"71,148,151,169,175,186"
172,0.6177348042927617,"17,28,30,43,45,50,56,60,68,69,72,80,94,107,121,122,123,133,137,138,139,147,151,155,171,172,178,179,182,185,187,198,203,214,228,235,245",0.053093401957681294,"28,72,151,171,185",0.06275929044785496,"28,55,62,68,72,151,171,185,203,228,235",1.052894480105554,"28,72,171,185",0.05706301616661873,"28,72,151,171,185",0.056930595765487965,"28,72,151,171,185"
173,0.35662180042551833,"3,10,16,18,24,26,31,32,41,58,60,66,69,70,84,106,116,128,139,171,178,202,210,224,225,227,234",0.08828311640366354,"58,116,178,224,225",0.08953636312911673,"58,116,128,178,210,224,225,234",0.08917580906626632,"58,116,178,224,225",0.08851514207023199,"58,116,178,224,225",0.0886923057619208,"58,116,178,224,225"
174,0.6614061551085416,"21,23,39,59,61,72,80,107,125,128,130,145,146,158,160,162,170,173,178,182,184,188,191,202,229,234,243,244,245",0.048199779382425666,"39,80,130,191,243",0.049106022789624164,"21,39,59,80,107,130,160,191,204,243",3.1006569575083893,"80,130",0.04809112897393078,"39,80,130,191,243",0.04641649474081398,"39,80,130,191,243"
175,0.645913066610281,"8,14,56,62,64,71,89,96,100,101,126,172,177,234,236",0.03089614891097965,"8,64,89,177,234",0.03267300370141918,"8,64,66,71,89,94,100,101,177,234",1.0649047045171791,"8,64,89,177",0.028486635484533812,"8,64,89,177,234",0.028059020725302374,"8,64,89,177,234"
176,0.38286312973129705,"8,11,12,24,32,34,42,50,52,57,93,94,97,102,107,114,135,144,152,158,164,185,194,199,209,220,221,223,233",0.16594221933715458,"11,12,34,42,93,97,107,135,164,185,199,220,221",0.16415891900690144,"11,12,34,42,57,93,97,107,135,164,185,194,199,220,221,233",1.962773640453371,"34,107,220",0.2863230001855299,"11,34,42,107,164,220",0.1226998220217202,"34,42,107,164,220"
177,0.7804984077511038,"0,4,7,15,23,29,31,32,34,47,52,61,63,66,96,108,112,118,134,143,153,178,198,212,219,243",0.302910818524182,"0,31,47,153,219",0.24137549355891472,"0,7,31,32,34,47,65,66,78,86,108,153,188,219,243",1.0883235421138988,"0,4,31,47,219",0.1152346384956408,"0,31,47,153,219",0.11575810185123911,"0,31,47,153,219"
178,0.698540621459556,"13,17,25,40,42,45,48,50,67,81,92,122,137,139,140,148,156,160,161,191,194,204,206,207,218,227,244",0.1310225868577927,"13,42,48,207,218",0.09613090358286527,"13,31,42,45,48,81,160,204,207,218",2.0726969406099016,"13,42,218",0.08561567620394556,"13,42,48,207,218",0.08611303763581955,"13,42,48,207,218"
179,0.8501008708230879,"2,9,12,14,19,22,23,35,45,51,52,66,109,113,119,124,125,126,139,149,152,160,176,191,199,206,213,215,219,223,233,243,245",0.22583133212399667,"9,119,152,215,243",0.2146641075992049,"9,14,78,118,119,152,213,215,223,233,243",0.210644429503297,"9,119,152,215,243",0.20929250575236466,"9,119,152,215,243",0.20807745201888797,"9,119,152,215,243"
180,0.5510780083578495,"15,26,33,40,41,51,74,77,78,90,97,114,118,123,124,128,130,138,146,147,158,163,173,177,183,204,206,217,226,238,245",0.1197648694707544,"26,90,118,123,163,217",0.12157807168717741,"26,77,90,118,123,163,217,226,238",0.11817402707364413,"26,118,123,163,217",0.12044919627402065,"26,118,123,163,217",0.12025824656658148,"26,118,123,163,217"
181,0.4941169663841794,"6,7,8,29,31,61,85,87,110,112,127,141,150,177,179,180,181,182,185,215,222,223,230,235",0.09134259156067433,"31,87,150,177,181,230,235",0.1144837642227693,"29,31,87,150,177,180,181,230,235",1.1526895429831618,"31,150,181,230",0.0901804163173939,"31,87,150,181,230",0.08995258791500921,"31,87,150,181,230"
182,0.7248582729465177,"13,25,27,52,53,54,63,67,70,73,92,94,108,147,152,153,174,177,179,182,201,205,214,215,216,221,224,233,237,246,248",0.22907058110983503,"13,25,27,52,54,73,92,174,216,246,248",0.21671585885967165,"13,25,27,34,52,54,67,73,92,152,153,174,182,201,216,218,246,248",1.974621237063042,"92,216,246",0.16637844185876902,"92,174,216,246,248",0.17150959859372555,"92,174,216,246,248"
183,0.42979759022359904,"9,13,23,33,46,82,84,86,95,96,99,105,110,120,155,162,164,181,187,188,191,203,206,216,225,232,239,242",0.2192306423823863,"9,84,110,120,191,216,225",0.24001282861911113,"9,23,33,46,56,84,110,120,155,181,191,216,225,232",1.2347391658066345,"9,110,191,225",0.20940627911152096,"9,110,120,191,225",0.2092540188939969,"9,110,120,191,225"
184,0.43806578971365784,"3,21,52,66,81,85,89,97,100,108,116,148,160,168,171,180,189,227,238",0.07706852317722539,"66,89,168,227,238",0.07347814535964658,"66,89,168,227,238",1.0596321524004275,"66,89,168,227",0.0728198200616867,"66,89,168,227,238",0.07287749442380388,"66,89,168,227,238"
185,0.9425289016451093,"14,39,100,150,156,159,191,217,219,249",0.19284444362559588,"100,123,150,159,191,217,219,249",0.18349246200282648,"14,33,51,59,100,123,150,155,159,161,168,191,217,219,249",1.0775905501728753,"100,150,219,249",0.10272086665239077,"100,150,217,219,249",0.10341529075745699,"100,150,217,219,249"
186,0.5204647354793722,"1,5,11,58,59,68,73,81,88,91,119,129,138,140,143,153,161,165,175,200,205,207,216,232,233",0.03178512516530096,"91,140,153,205,232",0.02903385962474693,"73,91,140,153,205,232",5.2522974389819534,"91,205,232",0.031837395002313314,"91,140,153,205,232",0.03798261392569782,"91,140,153,205,232"
187,0.44867807892075195,"24,38,41,54,56,76,78,81,94,120,141,155,162,166,178,179,187,197,203,216,225",0.06604329483930364,"38,56,81,162,166",0.06306834357039753,"38,56,81,162,166",1.303483015553775,"38,81,162,166",0.06582124155054603,"38,56,81,162,166",0.06602651903738792,"38,56,81,162,166"
188,0.3295386907455741,"17,70,75,103,112,118,141,147,168,171,190,209,247",0.07923625039155055,"75,112,147,171,209",0.0920741500557431,"17,46,60,70,75,109,112,118,134,141,147,168,171,209",1.233010321936781,"75,112,171,209",0.0663661371916725,"75,112,147,171,209",0.06664891458977468,"75,112,147,171,209"
189,0.6613755545857704,"3,15,16,39,46,48,50,53,82,89,95,110,115,141,162,171,172,179,183,198,199,205,222,234,241",0.274740445058506,"39,53,82,89,95,162,172,205,222,241",0.3307469215589157,"39,48,50,53,59,69,82,86,89,95,155,162,172,190,205,222,226,234,241",2.1530370631523583,"53,205,241",0.2327171043575129,"53,162,172,205,241",0.23352967207121336,"53,162,172,205,241"
190,0.45771647942665267,"27,51,98,102,105,106,111,118,156,164,165,167,172,182,201,204,206,207,212,216,220,228,237",0.08514230205777784,"118,164,165,216,228",0.04899312817632252,"27,73,102,118,152,164,165,200,206,216,228",1.0756041689769054,"164,165,216,228",0.04541916840245024,"118,164,165,216,228",0.045514731058336186,"118,164,165,216,228"
191,0.44113739605376884,"12,19,25,74,92,98,120,126,139,163,167,169,216,219,225,227,243,244",0.02749597376093426,"25,74,120,167,227",0.0345213026999329,"19,25,74,120,167,216,219,225,227",0.02641106724988286,"25,74,120,167,227",0.02755573189504875,"25,74,120,167,227",0.027493020396185223,"25,74,120,167,227"
192,0.6371153792550851,"2,4,14,15,21,23,47,50,54,57,78,82,83,92,99,108,126,127,190,191,195,207,237",0.06598180224926108,"15,54,83,92,108",0.058483339572698564,"2,15,23,54,82,83,92,108,200",1.1726451902654034,"15,83,92,108",0.055837987693488515,"15,54,83,92,108",0.05524165031687408,"15,54,83,92,108"
193,0.4514865954132198,"3,8,20,33,39,49,55,67,93,97,99,107,112,129,148,175,181,193,206,231,240,248",0.4016839794777626,"3,33,37,49,55,67,99,107,112,129,175,240,248",0.10959159215038063,"3,8,33,49,55,67,99,107,112,129,248",0.06280836514723256,"3,67,99,107,129",0.06217020871441659,"3,67,99,107,129",0.06148139524349121,"3,67,99,107,129"
194,0.3625108080677736,"25,37,45,50,56,61,81,84,87,91,108,114,129,150,153,185,231",0.06247255608391694,"25,37,50,56,87,150,231",0.0881091940790603,"25,37,45,50,56,87,150,201,231",0.03586618544524296,"25,37,50,56,150",0.03679942418923632,"25,37,50,56,150",0.036613158270627166,"25,37,50,56,150"
195,1.2430167055458126,"6,17,26,32,57,75,81,96,100,101,103,130,141,158,165,168,178,183,189,200,201,206,207,231,232,233,243",0.2143190952231305,"26,96,206,232,243",0.21328984056494227,"26,48,96,100,161,183,188,189,201,206,232,243",7.282711341615911,"232,233,243",0.2149968461132957,"26,96,206,232,243",0.23361486122750807,"26,96,206,232,233,243"
196,0.4387925559017174,"2,12,23,52,57,60,61,73,75,87,90,95,105,112,114,122,151,158,159,165,166,173,179,188,211,228",0.05488488864575752,"12,114,166,173,188,211",0.06687843612827221,"2,12,114,166,173,179,188,211,218,228",1.3015263982783822,"12,114,166,173",0.05359202987510852,"12,114,166,173,211",0.05372484174502328,"12,114,166,173,211"
197,0.620868410035358,"1,21,23,55,67,97,100,101,123,136,164,166,175,184,187,227",0.08753361903063582,"21,23,97,187,227",0.08753370368811361,"21,23,97,187,227",0.09198629923052627,"21,23,97,187,227",0.08771281848304091,"21,23,97,187,227",0.1768260624245491,"21,23,55,97,187,227"
198,0.5544367234073525,"7,13,30,34,39,76,78,84,127,131,133,140,141,143,148,155,162,176,181,183,202,204,206,215,222,238",0.34858683642290467,"78,131,133,148,162",0.3492067295823746,"78,105,131,133,148,162,181",1.259610288978558,"78,131,133,148",0.348520221066752,"78,131,133,148,162",0.34862162395497875,"78,131,133,148,162"
199,0.8626150138137373,"1,3,32,34,35,45,53,61,89,96,100,118,134,148,155,162,168,179,182,183,200,211,213,222,223,239,243,248",0.11011328754460464,"3,18,32,34,35,96,100,168,211,248",0.3157697430891987,"3,32,34,35,96,100,211",2.020636372701454,"32,96,100",0.07986735605920987,"3,32,35,96,100",0.07954220450742273,"3,32,35,96,100"
